{
  "type": "FeatureCollection",
  "features": [
    {
      "type": "Feature",
      "properties": {
        "id": 23990862,
        "name": "Jalan Raya Demak - Kudus",
        "type": "secondary",
        "kecamatan": "Demak"
      },
      "geometry": {
        "type": "LineString",
        "coordinates": [
          [
            110.6431635,
            -6.888947
          ],
          [
            110.6432107,
            -6.8889268
          ]
        ]
      }
    },
    {
      "type": "Feature",
      "properties": {
        "id": 24400259,
        "name": "Jalan Raya Bandungrejo",
        "type": "primary",
        "kecamatan": "Mranggen"
      },
      "geometry": {
        "type": "LineString",
        "coordinates": [
          [
            110.5179213,
            -7.0262464
          ],
          [
            110.5178019,
            -7.0262504
          ],
          [
            110.5176643,
            -7.0262262
          ],
          [
            110.5175177,
            -7.026204
          ],
          [
            110.5172789,
            -7.0261678
          ],
          [
            110.5171205,
            -7.0261512
          ],
          [
            110.5163061,
            -7.0260193
          ],
          [
            110.5159459,
            -7.0259463
          ],
          [
            110.5155194,
            -7.0258776
          ],
          [
            110.5146611,
            -7.02569
          ],
          [
            110.514366,
            -7.0256381
          ],
          [
            110.5140334,
            -7.0255715
          ],
          [
            110.5139723,
            -7.0255574
          ],
          [
            110.5136941,
            -7.025493
          ],
          [
            110.5130766,
            -7.0253459
          ],
          [
            110.5128278,
            -7.0252614
          ],
          [
            110.512306,
            -7.0250971
          ],
          [
            110.5122759,
            -7.0250884
          ],
          [
            110.5121572,
            -7.0250504
          ],
          [
            110.5119856,
            -7.0250032
          ],
          [
            110.5117281,
            -7.0249127
          ],
          [
            110.5116696,
            -7.0248961
          ],
          [
            110.5112784,
            -7.0247855
          ],
          [
            110.511248,
            -7.0247769
          ],
          [
            110.5109015,
            -7.0246877
          ]
        ]
      }
    },
    {
      "type": "Feature",
      "properties": {
        "id": 42745736,
        "name": "",
        "type": "secondary",
        "kecamatan": "Karangawen"
      },
      "geometry": {
        "type": "LineString",
        "coordinates": [
          [
            110.5514837,
            -7.1266482
          ],
          [
            110.5513591,
            -7.1264463
          ],
          [
            110.5512274,
            -7.1261518
          ],
          [
            110.5511242,
            -7.1257095
          ],
          [
            110.5510069,
            -7.1252329
          ],
          [
            110.5509017,
            -7.1248348
          ],
          [
            110.5507963,
            -7.1243889
          ],
          [
            110.5507867,
            -7.1243459
          ],
          [
            110.5507341,
            -7.1241109
          ],
          [
            110.5506863,
            -7.1237741
          ],
          [
            110.5506556,
            -7.1232466
          ],
          [
            110.5506246,
            -7.1227987
          ],
          [
            110.5506242,
            -7.1227721
          ],
          [
            110.5506005,
            -7.1224925
          ],
          [
            110.550654,
            -7.1223223
          ],
          [
            110.5507386,
            -7.1220189
          ],
          [
            110.5509947,
            -7.1216049
          ],
          [
            110.5512451,
            -7.1211779
          ],
          [
            110.551307,
            -7.121081
          ],
          [
            110.551448,
            -7.1208602
          ],
          [
            110.5515272,
            -7.1207493
          ],
          [
            110.5517802,
            -7.1203169
          ],
          [
            110.5520716,
            -7.1199322
          ],
          [
            110.552283,
            -7.1196577
          ],
          [
            110.5523278,
            -7.1195995
          ],
          [
            110.5525062,
            -7.1193467
          ],
          [
            110.5525276,
            -7.1192562
          ],
          [
            110.552534,
            -7.1187839
          ],
          [
            110.5525348,
            -7.1187227
          ],
          [
            110.5525383,
            -7.1184683
          ],
          [
            110.5525008,
            -7.1182501
          ],
          [
            110.5524658,
            -7.1181728
          ],
          [
            110.5523077,
            -7.1178243
          ],
          [
            110.5522218,
            -7.117606
          ],
          [
            110.5522755,
            -7.1172387
          ],
          [
            110.5522721,
            -7.1166759
          ],
          [
            110.5522701,
            -7.1163551
          ],
          [
            110.5523023,
            -7.1162167
          ],
          [
            110.5523774,
            -7.1160943
          ],
          [
            110.5525383,
            -7.1159878
          ],
          [
            110.5529782,
            -7.1157482
          ],
          [
            110.5531499,
            -7.1156152
          ],
          [
            110.5534745,
            -7.1152202
          ],
          [
            110.5536005,
            -7.1150669
          ],
          [
            110.5538204,
            -7.114673
          ],
          [
            110.5538793,
            -7.1145555
          ],
          [
            110.554255,
            -7.1138053
          ],
          [
            110.5547055,
            -7.1129744
          ],
          [
            110.5548611,
            -7.1126875
          ],
          [
            110.5555014,
            -7.1114226
          ],
          [
            110.5556419,
            -7.1111438
          ],
          [
            110.5562103,
            -7.110111
          ],
          [
            110.556238,
            -7.1100539
          ],
          [
            110.5567181,
            -7.1090731
          ],
          [
            110.556765,
            -7.1089693
          ],
          [
            110.5568629,
            -7.1087245
          ],
          [
            110.5569008,
            -7.108624
          ],
          [
            110.5569354,
            -7.1085189
          ],
          [
            110.5575657,
            -7.1064395
          ],
          [
            110.5576488,
            -7.106188
          ],
          [
            110.5577266,
            -7.1060003
          ],
          [
            110.5577769,
            -7.1058978
          ],
          [
            110.55785,
            -7.1057621
          ],
          [
            110.5580941,
            -7.1052724
          ],
          [
            110.5582939,
            -7.1048465
          ],
          [
            110.5594745,
            -7.1025468
          ],
          [
            110.5594914,
            -7.1025033
          ],
          [
            110.5595818,
            -7.10227
          ],
          [
            110.5596462,
            -7.1020464
          ],
          [
            110.5598914,
            -7.1008346
          ],
          [
            110.5599635,
            -7.100478
          ],
          [
            110.5600331,
            -7.1001341
          ],
          [
            110.5601002,
            -7.0998027
          ],
          [
            110.5601443,
            -7.0995848
          ],
          [
            110.5601826,
            -7.0993954
          ],
          [
            110.5602041,
            -7.0992144
          ],
          [
            110.560196,
            -7.0991656
          ],
          [
            110.5601787,
            -7.0990609
          ],
          [
            110.5601451,
            -7.0988577
          ],
          [
            110.5601344,
            -7.0986501
          ],
          [
            110.5601826,
            -7.0983786
          ],
          [
            110.5602445,
            -7.0981554
          ],
          [
            110.5603007,
            -7.0979528
          ],
          [
            110.5603382,
            -7.0977771
          ],
          [
            110.5603381,
            -7.0976064
          ],
          [
            110.5602738,
            -7.0974151
          ],
          [
            110.5601719,
            -7.0972182
          ],
          [
            110.5600506,
            -7.0970349
          ],
          [
            110.5599359,
            -7.0968615
          ],
          [
            110.5597374,
            -7.096606
          ],
          [
            110.5596623,
            -7.0964037
          ],
          [
            110.5596408,
            -7.0961429
          ],
          [
            110.5596194,
            -7.0955466
          ],
          [
            110.5596355,
            -7.0951687
          ],
          [
            110.5596677,
            -7.0950569
          ],
          [
            110.5598983,
            -7.0945991
          ],
          [
            110.5600056,
            -7.0940987
          ],
          [
            110.5600485,
            -7.093758
          ],
          [
            110.5600336,
            -7.0936596
          ],
          [
            110.5600054,
            -7.0935839
          ],
          [
            110.5598337,
            -7.0930965
          ],
          [
            110.559732,
            -7.0928583
          ],
          [
            110.5594531,
            -7.0921423
          ],
          [
            110.5593829,
            -7.0915436
          ],
          [
            110.5593561,
            -7.0910844
          ],
          [
            110.5593708,
            -7.0905867
          ],
          [
            110.5594258,
            -7.0904416
          ],
          [
            110.5594821,
            -7.0903378
          ],
          [
            110.5595934,
            -7.0902327
          ],
          [
            110.5596117,
            -7.0902206
          ],
          [
            110.5597785,
            -7.0901103
          ],
          [
            110.5598456,
            -7.0900131
          ],
          [
            110.5598812,
            -7.0898398
          ]
        ]
      }
    },
    {
      "type": "Feature",
      "properties": {
        "id": 43362424,
        "name": "Jalan Demak-Godong",
        "type": "primary",
        "kecamatan": "Kebonagung"
      },
      "geometry": {
        "type": "LineString",
        "coordinates": [
          [
            110.7667194,
            -7.0200673
          ],
          [
            110.7661343,
            -7.0196551
          ],
          [
            110.7656192,
            -7.0192605
          ],
          [
            110.7654636,
            -7.0191478
          ],
          [
            110.7649431,
            -7.018686
          ],
          [
            110.7648776,
            -7.0186341
          ],
          [
            110.7645518,
            -7.0183426
          ],
          [
            110.7643374,
            -7.0181437
          ],
          [
            110.7642891,
            -7.0180886
          ],
          [
            110.7632911,
            -7.0171593
          ],
          [
            110.762973,
            -7.0168646
          ],
          [
            110.7627681,
            -7.0166748
          ],
          [
            110.76252,
            -7.0164325
          ],
          [
            110.7624087,
            -7.0163194
          ],
          [
            110.7622938,
            -7.0162091
          ],
          [
            110.7620559,
            -7.0159847
          ],
          [
            110.7619098,
            -7.0158469
          ],
          [
            110.7618171,
            -7.0157634
          ],
          [
            110.7617073,
            -7.0156645
          ],
          [
            110.7615058,
            -7.0154744
          ],
          [
            110.7612848,
            -7.0152679
          ],
          [
            110.7611144,
            -7.015101
          ],
          [
            110.7604507,
            -7.0145092
          ],
          [
            110.760114,
            -7.0141977
          ],
          [
            110.7600635,
            -7.0141528
          ],
          [
            110.7599634,
            -7.0140639
          ],
          [
            110.7598247,
            -7.0139285
          ],
          [
            110.7597037,
            -7.013813
          ],
          [
            110.7588961,
            -7.0130706
          ],
          [
            110.7582153,
            -7.0124354
          ],
          [
            110.7573254,
            -7.0116059
          ],
          [
            110.7567168,
            -7.0110385
          ],
          [
            110.7553999,
            -7.0098108
          ],
          [
            110.755126,
            -7.0095549
          ],
          [
            110.7545772,
            -7.0090421
          ],
          [
            110.753901,
            -7.0084103
          ],
          [
            110.7536941,
            -7.008217
          ],
          [
            110.7531697,
            -7.0077273
          ],
          [
            110.752345,
            -7.006962
          ],
          [
            110.7518971,
            -7.0065467
          ],
          [
            110.7515727,
            -7.0062405
          ],
          [
            110.7514557,
            -7.00613
          ],
          [
            110.7510564,
            -7.0057515
          ],
          [
            110.7506753,
            -7.0054339
          ],
          [
            110.7502583,
            -7.0050412
          ],
          [
            110.749833,
            -7.0046312
          ],
          [
            110.7494415,
            -7.0042811
          ],
          [
            110.7492846,
            -7.0041187
          ],
          [
            110.7490888,
            -7.0039204
          ],
          [
            110.7487227,
            -7.0035823
          ],
          [
            110.7485751,
            -7.0034398
          ],
          [
            110.7478859,
            -7.0028169
          ],
          [
            110.7472809,
            -7.0022631
          ],
          [
            110.746986,
            -7.0019916
          ],
          [
            110.7466748,
            -7.0017001
          ],
          [
            110.7464888,
            -7.0015212
          ],
          [
            110.7464291,
            -7.0014637
          ],
          [
            110.7462926,
            -7.0013324
          ],
          [
            110.746149,
            -7.0011942
          ],
          [
            110.7458541,
            -7.0009188
          ],
          [
            110.7457199,
            -7.0008007
          ],
          [
            110.7456429,
            -7.000725
          ],
          [
            110.7455409,
            -7.0006312
          ],
          [
            110.745425,
            -7.0005155
          ],
          [
            110.7449278,
            -7.000033
          ],
          [
            110.7446226,
            -6.9997224
          ],
          [
            110.744494,
            -6.9995916
          ],
          [
            110.7443095,
            -6.9993962
          ],
          [
            110.7441522,
            -6.9992376
          ],
          [
            110.7437485,
            -6.9988076
          ],
          [
            110.7435889,
            -6.9986532
          ],
          [
            110.7430284,
            -6.9981847
          ],
          [
            110.7423914,
            -6.9975963
          ],
          [
            110.7420319,
            -6.9972622
          ],
          [
            110.7416658,
            -6.9969214
          ],
          [
            110.7411146,
            -6.9964063
          ],
          [
            110.7404628,
            -6.9958113
          ],
          [
            110.7397977,
            -6.9951976
          ],
          [
            110.7391084,
            -6.9945547
          ],
          [
            110.7384363,
            -6.9939308
          ],
          [
            110.7383814,
            -6.9938798
          ],
          [
            110.7380556,
            -6.993575
          ],
          [
            110.7377203,
            -6.9932649
          ],
          [
            110.73753,
            -6.993076
          ],
          [
            110.7373775,
            -6.9929419
          ],
          [
            110.7371235,
            -6.9927191
          ],
          [
            110.7369102,
            -6.9925035
          ],
          [
            110.7368397,
            -6.9924323
          ],
          [
            110.736575,
            -6.992185
          ],
          [
            110.7362574,
            -6.991893
          ],
          [
            110.7359887,
            -6.9916393
          ],
          [
            110.7358266,
            -6.9914971
          ],
          [
            110.7356147,
            -6.9912988
          ],
          [
            110.7353707,
            -6.9910751
          ],
          [
            110.7352043,
            -6.9909167
          ],
          [
            110.7351265,
            -6.9908395
          ],
          [
            110.7350247,
            -6.9907384
          ],
          [
            110.7349804,
            -6.990698
          ],
          [
            110.7347587,
            -6.9904965
          ],
          [
            110.7347085,
            -6.990452
          ],
          [
            110.7345863,
            -6.9903408
          ],
          [
            110.7344656,
            -6.9902332
          ],
          [
            110.7343193,
            -6.9900848
          ],
          [
            110.734071,
            -6.9898455
          ],
          [
            110.7337567,
            -6.9895554
          ],
          [
            110.7334006,
            -6.9892266
          ],
          [
            110.7332928,
            -6.989124
          ],
          [
            110.7330838,
            -6.988925
          ],
          [
            110.7328556,
            -6.9887197
          ],
          [
            110.7327167,
            -6.9885949
          ],
          [
            110.7326288,
            -6.9885158
          ],
          [
            110.7325128,
            -6.9884115
          ],
          [
            110.7324378,
            -6.9883384
          ],
          [
            110.7321681,
            -6.9880881
          ],
          [
            110.7319964,
            -6.9879403
          ],
          [
            110.7318033,
            -6.9877526
          ],
          [
            110.7316,
            -6.9875377
          ],
          [
            110.7313928,
            -6.9873398
          ],
          [
            110.7309712,
            -6.9869504
          ],
          [
            110.7304691,
            -6.9864881
          ],
          [
            110.7301757,
            -6.9862146
          ],
          [
            110.7298131,
            -6.9858637
          ],
          [
            110.7296187,
            -6.9856854
          ],
          [
            110.7294295,
            -6.9855109
          ],
          [
            110.7291627,
            -6.9852581
          ],
          [
            110.7288878,
            -6.9849945
          ],
          [
            110.7285954,
            -6.9847376
          ],
          [
            110.728307,
            -6.9844779
          ],
          [
            110.7276647,
            -6.983879
          ],
          [
            110.7273616,
            -6.9835915
          ],
          [
            110.7270288,
            -6.9832759
          ],
          [
            110.7264966,
            -6.9827834
          ],
          [
            110.7264632,
            -6.9827506
          ],
          [
            110.7262444,
            -6.9825358
          ],
          [
            110.7259641,
            -6.9822788
          ],
          [
            110.7257187,
            -6.982054
          ],
          [
            110.7254988,
            -6.9818623
          ],
          [
            110.7252681,
            -6.9816426
          ],
          [
            110.725126,
            -6.9815069
          ],
          [
            110.7248604,
            -6.9812499
          ],
          [
            110.7247055,
            -6.9811069
          ],
          [
            110.724589,
            -6.9809973
          ],
          [
            110.7244755,
            -6.9808905
          ],
          [
            110.7242301,
            -6.9806629
          ],
          [
            110.7239901,
            -6.9804353
          ],
          [
            110.7237378,
            -6.9801969
          ],
          [
            110.7234268,
            -6.9799082
          ],
          [
            110.7230181,
            -6.9795299
          ],
          [
            110.7229437,
            -6.9794596
          ],
          [
            110.7229328,
            -6.9794487
          ],
          [
            110.7229223,
            -6.9794383
          ],
          [
            110.7227656,
            -6.9792851
          ],
          [
            110.7226302,
            -6.9791494
          ],
          [
            110.7224866,
            -6.9790202
          ],
          [
            110.7220732,
            -6.9786453
          ],
          [
            110.7215962,
            -6.9781843
          ],
          [
            110.7213239,
            -6.9779487
          ],
          [
            110.7212099,
            -6.9778462
          ],
          [
            110.7211415,
            -6.9777783
          ],
          [
            110.7210182,
            -6.9776638
          ],
          [
            110.7206783,
            -6.9773513
          ],
          [
            110.7204509,
            -6.9771406
          ],
          [
            110.7202376,
            -6.976933
          ],
          [
            110.720011,
            -6.9767293
          ],
          [
            110.7197589,
            -6.9764857
          ],
          [
            110.719386,
            -6.9761263
          ],
          [
            110.7188657,
            -6.9756271
          ],
          [
            110.7186994,
            -6.9754753
          ],
          [
            110.7184996,
            -6.9752903
          ],
          [
            110.7182929,
            -6.9750892
          ],
          [
            110.7180165,
            -6.9748407
          ],
          [
            110.7177065,
            -6.974544
          ],
          [
            110.7174286,
            -6.9742806
          ],
          [
            110.7171437,
            -6.9740084
          ],
          [
            110.7168365,
            -6.9737034
          ],
          [
            110.7165925,
            -6.9734666
          ],
          [
            110.7163122,
            -6.9731963
          ],
          [
            110.7160306,
            -6.9729261
          ],
          [
            110.7157086,
            -6.9726425
          ],
          [
            110.7151186,
            -6.9721168
          ],
          [
            110.7144842,
            -6.9715469
          ],
          [
            110.7139117,
            -6.9710212
          ],
          [
            110.7133321,
            -6.9704766
          ],
          [
            110.7131467,
            -6.9703035
          ],
          [
            110.7126564,
            -6.9698457
          ],
          [
            110.7124852,
            -6.969708
          ],
          [
            110.7122836,
            -6.9694943
          ],
          [
            110.711636,
            -6.968882
          ],
          [
            110.7113206,
            -6.9685838
          ],
          [
            110.710713,
            -6.967994
          ],
          [
            110.70995,
            -6.9672992
          ],
          [
            110.7095745,
            -6.9669371
          ],
          [
            110.7091895,
            -6.9665736
          ],
          [
            110.7087015,
            -6.9661091
          ],
          [
            110.7084467,
            -6.9658814
          ],
          [
            110.7081387,
            -6.9655855
          ],
          [
            110.7079048,
            -6.9653609
          ],
          [
            110.7076447,
            -6.9651213
          ],
          [
            110.7073711,
            -6.9648591
          ],
          [
            110.7072209,
            -6.9647113
          ],
          [
            110.7068494,
            -6.9643651
          ],
          [
            110.7066938,
            -6.9642227
          ],
          [
            110.7063544,
            -6.9639151
          ],
          [
            110.7060716,
            -6.963653
          ],
          [
            110.7058664,
            -6.96346
          ],
          [
            110.7056786,
            -6.9632763
          ],
          [
            110.7053125,
            -6.9629381
          ],
          [
            110.7049583,
            -6.9626159
          ],
          [
            110.704198,
            -6.9618945
          ],
          [
            110.7038131,
            -6.9615364
          ],
          [
            110.7036763,
            -6.9614072
          ],
          [
            110.7034733,
            -6.9612118
          ],
          [
            110.7034161,
            -6.9611582
          ],
          [
            110.7028395,
            -6.9606431
          ],
          [
            110.7024761,
            -6.9603076
          ],
          [
            110.7021862,
            -6.9600339
          ],
          [
            110.7021125,
            -6.9599628
          ],
          [
            110.7018334,
            -6.9597118
          ],
          [
            110.7017026,
            -6.9595942
          ],
          [
            110.7015829,
            -6.9594676
          ],
          [
            110.7010534,
            -6.9590051
          ],
          [
            110.7010088,
            -6.9589657
          ],
          [
            110.7006944,
            -6.9586816
          ],
          [
            110.7005449,
            -6.9585504
          ],
          [
            110.7002348,
            -6.9582564
          ],
          [
            110.7000151,
            -6.9580645
          ],
          [
            110.6997965,
            -6.9578728
          ],
          [
            110.6995234,
            -6.9576027
          ],
          [
            110.6992051,
            -6.9573097
          ],
          [
            110.6989838,
            -6.9570954
          ],
          [
            110.6987853,
            -6.9569006
          ],
          [
            110.6986263,
            -6.9567366
          ],
          [
            110.698386,
            -6.9565037
          ],
          [
            110.6983397,
            -6.9564677
          ]
        ]
      }
    },
    {
      "type": "Feature",
      "properties": {
        "id": 43362425,
        "name": "",
        "type": "primary",
        "kecamatan": "Unknown"
      },
      "geometry": {
        "type": "LineString",
        "coordinates": [
          [
            110.6934839,
            -7.0182495
          ],
          [
            110.6933744,
            -7.0182649
          ],
          [
            110.6932613,
            -7.0187473
          ],
          [
            110.6930957,
            -7.0192124
          ],
          [
            110.693028,
            -7.019699
          ],
          [
            110.692924,
            -7.0201282
          ],
          [
            110.6927825,
            -7.0206959
          ],
          [
            110.692672,
            -7.0210503
          ],
          [
            110.6925505,
            -7.0215194
          ],
          [
            110.6924277,
            -7.0220887
          ],
          [
            110.6919565,
            -7.0240765
          ],
          [
            110.6918555,
            -7.0244817
          ],
          [
            110.691767,
            -7.0248306
          ],
          [
            110.6915251,
            -7.025907
          ],
          [
            110.6913724,
            -7.0265026
          ],
          [
            110.6910488,
            -7.0277778
          ],
          [
            110.6908175,
            -7.0288016
          ],
          [
            110.6905917,
            -7.0297179
          ],
          [
            110.6904133,
            -7.0304054
          ],
          [
            110.6902993,
            -7.0308947
          ],
          [
            110.6901186,
            -7.0315554
          ],
          [
            110.6900605,
            -7.0317293
          ],
          [
            110.6899523,
            -7.0319566
          ],
          [
            110.6898713,
            -7.0321453
          ],
          [
            110.6897774,
            -7.0323013
          ],
          [
            110.6896662,
            -7.0324886
          ],
          [
            110.6895168,
            -7.032683
          ],
          [
            110.6893805,
            -7.0328416
          ],
          [
            110.6889772,
            -7.0333315
          ],
          [
            110.6888629,
            -7.0334444
          ],
          [
            110.6884081,
            -7.033978
          ],
          [
            110.6881701,
            -7.0342411
          ],
          [
            110.6879184,
            -7.0345014
          ],
          [
            110.6871727,
            -7.0353851
          ],
          [
            110.6854883,
            -7.0373324
          ],
          [
            110.6838012,
            -7.0392357
          ],
          [
            110.6831236,
            -7.0400058
          ],
          [
            110.6826852,
            -7.040457
          ],
          [
            110.6813874,
            -7.0418337
          ],
          [
            110.6804326,
            -7.0428305
          ],
          [
            110.6802258,
            -7.0430436
          ],
          [
            110.6798849,
            -7.0434187
          ],
          [
            110.6796922,
            -7.0436199
          ],
          [
            110.6789597,
            -7.0443942
          ],
          [
            110.6786862,
            -7.0446718
          ],
          [
            110.6784694,
            -7.0448919
          ],
          [
            110.6777031,
            -7.0456959
          ],
          [
            110.6765662,
            -7.0468635
          ],
          [
            110.675884,
            -7.047556
          ],
          [
            110.6755554,
            -7.0478821
          ],
          [
            110.6750345,
            -7.0484064
          ],
          [
            110.6748221,
            -7.0486202
          ],
          [
            110.6743274,
            -7.0491505
          ],
          [
            110.6738296,
            -7.0496623
          ],
          [
            110.673422,
            -7.0500677
          ],
          [
            110.6730622,
            -7.0504676
          ],
          [
            110.6727418,
            -7.0507926
          ],
          [
            110.6725768,
            -7.0509217
          ],
          [
            110.672442,
            -7.0510031
          ],
          [
            110.6723984,
            -7.0510322
          ],
          [
            110.672234,
            -7.0511157
          ],
          [
            110.672061,
            -7.0511985
          ],
          [
            110.6717238,
            -7.0512824
          ],
          [
            110.671223,
            -7.0514168
          ],
          [
            110.6706738,
            -7.0515459
          ],
          [
            110.6703915,
            -7.0516265
          ],
          [
            110.6702981,
            -7.0516449
          ],
          [
            110.6699845,
            -7.0517177
          ],
          [
            110.669674,
            -7.0517829
          ]
        ]
      }
    },
    {
      "type": "Feature",
      "properties": {
        "id": 43362877,
        "name": "Jalan Gajah-Geneng",
        "type": "tertiary",
        "kecamatan": "Gajah"
      },
      "geometry": {
        "type": "LineString",
        "coordinates": [
          [
            110.7279664,
            -6.8709822
          ],
          [
            110.7279607,
            -6.8708946
          ],
          [
            110.7279435,
            -6.8708234
          ],
          [
            110.7279047,
            -6.8706147
          ],
          [
            110.7278511,
            -6.8704683
          ],
          [
            110.7277679,
            -6.8703085
          ],
          [
            110.7276338,
            -6.8699943
          ],
          [
            110.7274817,
            -6.8696079
          ],
          [
            110.7273602,
            -6.8692859
          ],
          [
            110.7272261,
            -6.868993
          ],
          [
            110.7271001,
            -6.8687107
          ],
          [
            110.7270277,
            -6.8685696
          ],
          [
            110.726923,
            -6.8683752
          ],
          [
            110.7268614,
            -6.8682447
          ],
          [
            110.7267125,
            -6.8679984
          ],
          [
            110.7266468,
            -6.8678613
          ],
          [
            110.7265569,
            -6.8676442
          ],
          [
            110.7265127,
            -6.8675444
          ],
          [
            110.7264,
            -6.8673233
          ],
          [
            110.7262471,
            -6.8670677
          ],
          [
            110.7261103,
            -6.86686
          ],
          [
            110.726042,
            -6.8667481
          ],
          [
            110.7259119,
            -6.8665857
          ],
          [
            110.7258818,
            -6.8665448
          ],
          [
            110.7257375,
            -6.8663487
          ],
          [
            110.7255417,
            -6.8660797
          ],
          [
            110.7253714,
            -6.865876
          ],
          [
            110.7252353,
            -6.8657722
          ],
          [
            110.7250501,
            -6.8656246
          ],
          [
            110.7246646,
            -6.8653101
          ],
          [
            110.7240638,
            -6.8647935
          ],
          [
            110.7237661,
            -6.8645192
          ],
          [
            110.723353,
            -6.8641704
          ],
          [
            110.7229829,
            -6.8638615
          ],
          [
            110.7229292,
            -6.8638109
          ],
          [
            110.7227495,
            -6.8636884
          ],
          [
            110.7225242,
            -6.8635419
          ],
          [
            110.7221729,
            -6.8633102
          ],
          [
            110.721843,
            -6.8631
          ],
          [
            110.7214084,
            -6.8628176
          ],
          [
            110.7211,
            -6.8626072
          ],
          [
            110.7209479,
            -6.8625121
          ],
          [
            110.7207191,
            -6.8623675
          ],
          [
            110.7202658,
            -6.8620932
          ],
          [
            110.7200727,
            -6.8619628
          ],
          [
            110.7199225,
            -6.8618536
          ],
          [
            110.7197857,
            -6.8617524
          ],
          [
            110.7196569,
            -6.8616538
          ],
          [
            110.7195094,
            -6.8615473
          ],
          [
            110.7192117,
            -6.8613476
          ],
          [
            110.7187718,
            -6.8610547
          ],
          [
            110.718273,
            -6.8607044
          ],
          [
            110.7178526,
            -6.8604198
          ],
          [
            110.7171531,
            -6.8599522
          ],
          [
            110.7163686,
            -6.8594276
          ],
          [
            110.7158349,
            -6.8590827
          ],
          [
            110.7157263,
            -6.8590125
          ]
        ]
      }
    },
    {
      "type": "Feature",
      "properties": {
        "id": 83292719,
        "name": "",
        "type": "secondary",
        "kecamatan": "Mranggen"
      },
      "geometry": {
        "type": "LineString",
        "coordinates": [
          [
            110.4999773,
            -7.0639184
          ],
          [
            110.5000551,
            -7.0639157
          ],
          [
            110.5000957,
            -7.0639101
          ],
          [
            110.5001329,
            -7.0638984
          ],
          [
            110.5001688,
            -7.0638761
          ],
          [
            110.500216,
            -7.0638299
          ],
          [
            110.5002834,
            -7.0637361
          ],
          [
            110.5003126,
            -7.0636921
          ],
          [
            110.5003884,
            -7.0635857
          ],
          [
            110.5004517,
            -7.063517
          ],
          [
            110.5004943,
            -7.0634752
          ],
          [
            110.5005449,
            -7.0634399
          ],
          [
            110.500589,
            -7.0634188
          ],
          [
            110.5006323,
            -7.0634038
          ],
          [
            110.5007055,
            -7.063398
          ],
          [
            110.5007558,
            -7.0634
          ],
          [
            110.5007844,
            -7.0634038
          ],
          [
            110.5008162,
            -7.063408
          ],
          [
            110.5009097,
            -7.0634246
          ],
          [
            110.5010261,
            -7.0634486
          ],
          [
            110.501185,
            -7.0634785
          ],
          [
            110.5012645,
            -7.0634859
          ],
          [
            110.5012856,
            -7.0634878
          ],
          [
            110.5013701,
            -7.0634825
          ],
          [
            110.5014452,
            -7.0634599
          ],
          [
            110.5014753,
            -7.0634353
          ],
          [
            110.5015283,
            -7.0633547
          ],
          [
            110.5015558,
            -7.0632929
          ],
          [
            110.5016074,
            -7.0631371
          ],
          [
            110.5016614,
            -7.063033
          ],
          [
            110.5017368,
            -7.0629448
          ],
          [
            110.5017942,
            -7.0628883
          ],
          [
            110.5018824,
            -7.0627861
          ],
          [
            110.5019498,
            -7.0626955
          ],
          [
            110.5021492,
            -7.0624204
          ],
          [
            110.5023848,
            -7.0621009
          ],
          [
            110.5027348,
            -7.0615633
          ],
          [
            110.5027575,
            -7.0615258
          ],
          [
            110.503032,
            -7.0610712
          ],
          [
            110.5033932,
            -7.0604521
          ],
          [
            110.5034373,
            -7.0603765
          ],
          [
            110.5035896,
            -7.0601576
          ],
          [
            110.5038366,
            -7.0597802
          ],
          [
            110.5039188,
            -7.0595742
          ],
          [
            110.5039966,
            -7.0593214
          ],
          [
            110.5040656,
            -7.0589695
          ],
          [
            110.5040737,
            -7.0589197
          ],
          [
            110.504082,
            -7.0588791
          ],
          [
            110.5041642,
            -7.0585667
          ],
          [
            110.5042621,
            -7.0582393
          ],
          [
            110.5043779,
            -7.0579025
          ],
          [
            110.5043828,
            -7.0578879
          ],
          [
            110.5045478,
            -7.0574372
          ],
          [
            110.5045719,
            -7.0573889
          ],
          [
            110.5046195,
            -7.0573046
          ],
          [
            110.5048686,
            -7.0568372
          ],
          [
            110.5049092,
            -7.056761
          ],
          [
            110.5052954,
            -7.0559558
          ],
          [
            110.5054711,
            -7.055531
          ],
          [
            110.5055717,
            -7.0552876
          ],
          [
            110.5056362,
            -7.0551194
          ],
          [
            110.5057473,
            -7.0548297
          ],
          [
            110.5058094,
            -7.0547079
          ],
          [
            110.5059332,
            -7.0544767
          ],
          [
            110.5061645,
            -7.0540445
          ],
          [
            110.5062991,
            -7.0538165
          ],
          [
            110.5064702,
            -7.0534802
          ],
          [
            110.5067814,
            -7.0529851
          ],
          [
            110.5070409,
            -7.0526546
          ],
          [
            110.507171,
            -7.052471
          ],
          [
            110.5072595,
            -7.0523246
          ],
          [
            110.5073677,
            -7.0521491
          ],
          [
            110.507458,
            -7.0520025
          ],
          [
            110.507631,
            -7.051687
          ],
          [
            110.5077034,
            -7.0515366
          ],
          [
            110.5077638,
            -7.0513836
          ],
          [
            110.5078161,
            -7.0512611
          ],
          [
            110.5079079,
            -7.0509956
          ],
          [
            110.5079207,
            -7.0509577
          ],
          [
            110.5079716,
            -7.0508073
          ],
          [
            110.5080172,
            -7.0506842
          ],
          [
            110.508085,
            -7.050565
          ],
          [
            110.5081473,
            -7.0505025
          ],
          [
            110.5082479,
            -7.0504293
          ],
          [
            110.5083954,
            -7.050382
          ],
          [
            110.5085557,
            -7.0503461
          ],
          [
            110.5087153,
            -7.0503361
          ],
          [
            110.5087561,
            -7.0503375
          ],
          [
            110.5088675,
            -7.0503414
          ],
          [
            110.5092055,
            -7.0503907
          ],
          [
            110.5093503,
            -7.0504027
          ],
          [
            110.5094348,
            -7.050396
          ],
          [
            110.5094622,
            -7.0503902
          ],
          [
            110.5095032,
            -7.0503814
          ],
          [
            110.5095729,
            -7.0503441
          ],
          [
            110.5096507,
            -7.0503042
          ],
          [
            110.5098036,
            -7.0502017
          ],
          [
            110.5098733,
            -7.0501298
          ],
          [
            110.5099323,
            -7.0500286
          ],
          [
            110.5100157,
            -7.0498498
          ],
          [
            110.510041,
            -7.0497957
          ],
          [
            110.5101657,
            -7.0494643
          ],
          [
            110.5103092,
            -7.0492101
          ],
          [
            110.5104346,
            -7.0488787
          ],
          [
            110.5105332,
            -7.0485766
          ],
          [
            110.5105412,
            -7.048534
          ],
          [
            110.510562,
            -7.0484701
          ],
          [
            110.510568,
            -7.0483969
          ],
          [
            110.5105775,
            -7.0482039
          ],
          [
            110.51058,
            -7.0479763
          ],
          [
            110.5105808,
            -7.0479031
          ],
          [
            110.5105801,
            -7.0477733
          ],
          [
            110.5105727,
            -7.0476083
          ],
          [
            110.5105888,
            -7.0474106
          ],
          [
            110.5106103,
            -7.0473341
          ],
          [
            110.5106934,
            -7.0471231
          ],
          [
            110.5107182,
            -7.0470513
          ],
          [
            110.5107424,
            -7.0470167
          ],
          [
            110.5107739,
            -7.046992
          ],
          [
            110.5108148,
            -7.0469674
          ],
          [
            110.5108879,
            -7.0469521
          ],
          [
            110.5109979,
            -7.0469701
          ],
          [
            110.5113142,
            -7.0470368
          ],
          [
            110.5115236,
            -7.0470779
          ],
          [
            110.5116523,
            -7.0471075
          ],
          [
            110.5117884,
            -7.0471218
          ],
          [
            110.5118253,
            -7.0471152
          ],
          [
            110.5118595,
            -7.0471032
          ],
          [
            110.5118776,
            -7.0470852
          ],
          [
            110.511893,
            -7.0470386
          ],
          [
            110.511944,
            -7.046845
          ],
          [
            110.5120171,
            -7.0466869
          ],
          [
            110.5120499,
            -7.0466054
          ],
          [
            110.5121016,
            -7.0465322
          ],
          [
            110.5121928,
            -7.0464829
          ],
          [
            110.5123235,
            -7.0464617
          ],
          [
            110.5124161,
            -7.046455
          ],
          [
            110.5125327,
            -7.0464377
          ],
          [
            110.5125904,
            -7.0464071
          ],
          [
            110.5126226,
            -7.0463645
          ],
          [
            110.5127017,
            -7.0462048
          ],
          [
            110.5128073,
            -7.0459905
          ],
          [
            110.5128217,
            -7.0459539
          ],
          [
            110.5128596,
            -7.0458996
          ],
          [
            110.5128851,
            -7.045877
          ],
          [
            110.5129337,
            -7.045864
          ],
          [
            110.513033,
            -7.0458481
          ],
          [
            110.5134869,
            -7.0459163
          ],
          [
            110.5136204,
            -7.0459173
          ],
          [
            110.513678,
            -7.0458774
          ],
          [
            110.5137303,
            -7.0458121
          ],
          [
            110.5137666,
            -7.0457536
          ],
          [
            110.5138162,
            -7.0456963
          ],
          [
            110.513845,
            -7.0456824
          ],
          [
            110.5138792,
            -7.0456764
          ],
          [
            110.513965,
            -7.0456697
          ],
          [
            110.5141702,
            -7.0456554
          ],
          [
            110.5142123,
            -7.0456394
          ],
          [
            110.5142386,
            -7.0456145
          ],
          [
            110.514254,
            -7.0455782
          ],
          [
            110.5143291,
            -7.0453546
          ],
          [
            110.5143881,
            -7.0451203
          ],
          [
            110.5145189,
            -7.044738
          ],
          [
            110.5145504,
            -7.0446508
          ],
          [
            110.5145752,
            -7.0445943
          ],
          [
            110.5146047,
            -7.0445623
          ],
          [
            110.5146423,
            -7.0445504
          ],
          [
            110.5146879,
            -7.0445451
          ],
          [
            110.5148971,
            -7.0445357
          ],
          [
            110.5151291,
            -7.0445597
          ],
          [
            110.515278,
            -7.0445956
          ],
          [
            110.5156219,
            -7.0447317
          ],
          [
            110.5156803,
            -7.044738
          ],
          [
            110.5157346,
            -7.0447277
          ],
          [
            110.5157655,
            -7.0447074
          ],
          [
            110.5157829,
            -7.0446835
          ],
          [
            110.5157943,
            -7.0446016
          ],
          [
            110.5158064,
            -7.0445284
          ],
          [
            110.515864,
            -7.044215
          ],
          [
            110.5158828,
            -7.0440765
          ],
          [
            110.5159331,
            -7.0437638
          ],
          [
            110.5159545,
            -7.043647
          ],
          [
            110.5159593,
            -7.0432593
          ],
          [
            110.5159706,
            -7.0427512
          ],
          [
            110.5159438,
            -7.0424904
          ],
          [
            110.5159204,
            -7.0424135
          ],
          [
            110.5158902,
            -7.0423413
          ],
          [
            110.515533,
            -7.0418369
          ],
          [
            110.5155084,
            -7.0418021
          ],
          [
            110.5154007,
            -7.04165
          ],
          [
            110.5150533,
            -7.0411594
          ],
          [
            110.5148562,
            -7.0408758
          ],
          [
            110.5147743,
            -7.0406429
          ],
          [
            110.5147018,
            -7.0403618
          ],
          [
            110.5146132,
            -7.040035
          ],
          [
            110.514343,
            -7.0390384
          ],
          [
            110.5143366,
            -7.0390159
          ],
          [
            110.5141231,
            -7.0382615
          ],
          [
            110.5141145,
            -7.0382312
          ],
          [
            110.5138927,
            -7.0374367
          ],
          [
            110.513775,
            -7.0370361
          ],
          [
            110.5136634,
            -7.036624
          ],
          [
            110.5136201,
            -7.0364641
          ],
          [
            110.5133832,
            -7.0355895
          ],
          [
            110.5133715,
            -7.0355464
          ],
          [
            110.5132509,
            -7.0350314
          ],
          [
            110.5132191,
            -7.0349297
          ],
          [
            110.5131089,
            -7.0344676
          ],
          [
            110.5130698,
            -7.0342461
          ],
          [
            110.5130323,
            -7.0340225
          ],
          [
            110.5130116,
            -7.0339331
          ],
          [
            110.5129839,
            -7.0338136
          ],
          [
            110.5128727,
            -7.03359
          ],
          [
            110.5128023,
            -7.0334244
          ],
          [
            110.5127278,
            -7.0332479
          ],
          [
            110.5126964,
            -7.0331118
          ],
          [
            110.5126782,
            -7.032963
          ],
          [
            110.5126495,
            -7.032668
          ],
          [
            110.5125966,
            -7.0323678
          ],
          [
            110.5125348,
            -7.0318903
          ],
          [
            110.5124529,
            -7.0314915
          ],
          [
            110.5124027,
            -7.0312244
          ],
          [
            110.5123416,
            -7.0308828
          ],
          [
            110.5122499,
            -7.0305298
          ],
          [
            110.5122303,
            -7.0304407
          ],
          [
            110.5121834,
            -7.0302381
          ],
          [
            110.5121626,
            -7.030081
          ],
          [
            110.5121707,
            -7.029952
          ],
          [
            110.5121881,
            -7.0298508
          ],
          [
            110.5122112,
            -7.0297451
          ],
          [
            110.5122357,
            -7.0295734
          ],
          [
            110.5123275,
            -7.0288938
          ],
          [
            110.5123517,
            -7.0287034
          ],
          [
            110.5124,
            -7.028171
          ],
          [
            110.512459,
            -7.0274269
          ],
          [
            110.5124671,
            -7.0272886
          ],
          [
            110.5125046,
            -7.027053
          ],
          [
            110.5125931,
            -7.0267402
          ],
          [
            110.5127768,
            -7.0262517
          ],
          [
            110.5129029,
            -7.025895
          ],
          [
            110.5130766,
            -7.0253459
          ]
        ]
      }
    },
    {
      "type": "Feature",
      "properties": {
        "id": 83292723,
        "name": "",
        "type": "secondary",
        "kecamatan": "Unknown"
      },
      "geometry": {
        "type": "LineString",
        "coordinates": [
          [
            110.4984337,
            -7.0674107
          ],
          [
            110.4984295,
            -7.0671551
          ]
        ]
      }
    },
    {
      "type": "Feature",
      "properties": {
        "id": 83292725,
        "name": "",
        "type": "secondary",
        "kecamatan": "Mranggen"
      },
      "geometry": {
        "type": "LineString",
        "coordinates": [
          [
            110.499629,
            -7.0639289
          ],
          [
            110.4999773,
            -7.0639184
          ]
        ]
      }
    },
    {
      "type": "Feature",
      "properties": {
        "id": 83299481,
        "name": "",
        "type": "tertiary",
        "kecamatan": "Sayung"
      },
      "geometry": {
        "type": "LineString",
        "coordinates": [
          [
            110.5288938,
            -6.9690906
          ],
          [
            110.5287963,
            -6.9690517
          ],
          [
            110.5285817,
            -6.9689725
          ],
          [
            110.5281043,
            -6.9688061
          ],
          [
            110.5279326,
            -6.9687701
          ],
          [
            110.5276108,
            -6.9686942
          ],
          [
            110.5272259,
            -6.9685732
          ],
          [
            110.5269471,
            -6.9685041
          ],
          [
            110.5266412,
            -6.9684054
          ],
          [
            110.5261825,
            -6.968259
          ],
          [
            110.5260813,
            -6.968221
          ],
          [
            110.5256756,
            -6.9680686
          ],
          [
            110.5252343,
            -6.9678955
          ],
          [
            110.5250278,
            -6.9678037
          ],
          [
            110.5247609,
            -6.9676746
          ],
          [
            110.5245101,
            -6.9675468
          ],
          [
            110.5244444,
            -6.9675228
          ],
          [
            110.5242486,
            -6.9674682
          ],
          [
            110.523981,
            -6.9673978
          ],
          [
            110.5239106,
            -6.967379
          ],
          [
            110.523684,
            -6.9673365
          ],
          [
            110.5235741,
            -6.9673032
          ],
          [
            110.5234212,
            -6.9672606
          ],
          [
            110.5232938,
            -6.9672007
          ],
          [
            110.5231275,
            -6.9671048
          ],
          [
            110.523043,
            -6.9670635
          ],
          [
            110.5229343,
            -6.9670156
          ],
          [
            110.522697,
            -6.9668892
          ],
          [
            110.5222705,
            -6.9667121
          ],
          [
            110.5215034,
            -6.9664379
          ],
          [
            110.5213612,
            -6.9663833
          ],
          [
            110.5209622,
            -6.9662425
          ],
          [
            110.5206517,
            -6.9661329
          ],
          [
            110.520456,
            -6.9660638
          ],
          [
            110.5202052,
            -6.9659786
          ],
          [
            110.5192235,
            -6.9656312
          ],
          [
            110.5188359,
            -6.9654874
          ],
          [
            110.5181399,
            -6.9652132
          ],
          [
            110.5177148,
            -6.9650454
          ],
          [
            110.5176625,
            -6.9650308
          ],
          [
            110.5175418,
            -6.9650015
          ],
          [
            110.5171976,
            -6.9649042
          ],
          [
            110.5169289,
            -6.9648298
          ],
          [
            110.5162865,
            -6.9646554
          ],
          [
            110.5158855,
            -6.964533
          ],
          [
            110.5155931,
            -6.9644477
          ],
          [
            110.5151787,
            -6.9643202
          ],
          [
            110.5150613,
            -6.9642785
          ],
          [
            110.5145819,
            -6.964091
          ],
          [
            110.5143528,
            -6.9640026
          ],
          [
            110.5141367,
            -6.9639192
          ],
          [
            110.5138189,
            -6.9638141
          ],
          [
            110.5137116,
            -6.9637781
          ],
          [
            110.5134232,
            -6.9636463
          ]
        ]
      }
    },
    {
      "type": "Feature",
      "properties": {
        "id": 83299505,
        "name": "",
        "type": "secondary",
        "kecamatan": "Mranggen"
      },
      "geometry": {
        "type": "LineString",
        "coordinates": [
          [
            110.4849353,
            -7.0382974
          ],
          [
            110.4843483,
            -7.0381409
          ]
        ]
      }
    },
    {
      "type": "Feature",
      "properties": {
        "id": 83299525,
        "name": "Gang Gading Mas",
        "type": "tertiary",
        "kecamatan": "Mranggen"
      },
      "geometry": {
        "type": "LineString",
        "coordinates": [
          [
            110.4859058,
            -7.046829
          ],
          [
            110.4858515,
            -7.0467385
          ],
          [
            110.4857972,
            -7.0465655
          ],
          [
            110.485769,
            -7.0464424
          ],
          [
            110.4857594,
            -7.0463399
          ],
          [
            110.4857733,
            -7.0461907
          ],
          [
            110.4857767,
            -7.0461104
          ],
          [
            110.4858994,
            -7.0456674
          ],
          [
            110.485925,
            -7.0455672
          ],
          [
            110.48594,
            -7.0452964
          ],
          [
            110.4859279,
            -7.0451783
          ],
          [
            110.4859122,
            -7.0450753
          ],
          [
            110.4858842,
            -7.0449397
          ],
          [
            110.4857897,
            -7.0446336
          ],
          [
            110.4857358,
            -7.0444592
          ],
          [
            110.4856583,
            -7.0442848
          ],
          [
            110.4855759,
            -7.0441344
          ],
          [
            110.4854485,
            -7.0439022
          ],
          [
            110.4854136,
            -7.0437824
          ],
          [
            110.4853866,
            -7.0436513
          ],
          [
            110.4853579,
            -7.0434303
          ],
          [
            110.4853491,
            -7.0430976
          ],
          [
            110.4853506,
            -7.0430517
          ],
          [
            110.4853566,
            -7.042862
          ],
          [
            110.4853826,
            -7.0425825
          ],
          [
            110.4854196,
            -7.0423582
          ],
          [
            110.4855288,
            -7.0416721
          ],
          [
            110.4855752,
            -7.0412875
          ],
          [
            110.4855819,
            -7.0411384
          ],
          [
            110.4855672,
            -7.0410459
          ],
          [
            110.4855229,
            -7.0408422
          ],
          [
            110.4854532,
            -7.0406759
          ],
          [
            110.4853544,
            -7.0404091
          ],
          [
            110.4853348,
            -7.0403182
          ],
          [
            110.4853258,
            -7.0402346
          ],
          [
            110.4853251,
            -7.0401584
          ],
          [
            110.4853546,
            -7.0400416
          ],
          [
            110.4854079,
            -7.0399131
          ],
          [
            110.4854988,
            -7.0396949
          ],
          [
            110.4856467,
            -7.0393402
          ],
          [
            110.4856785,
            -7.0392638
          ],
          [
            110.4857844,
            -7.0390098
          ],
          [
            110.4858923,
            -7.0386441
          ],
          [
            110.4858317,
            -7.0386149
          ]
        ]
      }
    },
    {
      "type": "Feature",
      "properties": {
        "id": 83299535,
        "name": "",
        "type": "secondary",
        "kecamatan": "Mranggen"
      },
      "geometry": {
        "type": "LineString",
        "coordinates": [
          [
            110.4854122,
            -7.0384285
          ],
          [
            110.4852789,
            -7.0383905
          ]
        ]
      }
    },
    {
      "type": "Feature",
      "properties": {
        "id": 148558313,
        "name": "",
        "type": "secondary",
        "kecamatan": "Demak"
      },
      "geometry": {
        "type": "LineString",
        "coordinates": [
          [
            110.6428083,
            -6.8891468
          ],
          [
            110.6431635,
            -6.888947
          ]
        ]
      }
    },
    {
      "type": "Feature",
      "properties": {
        "id": 148558314,
        "name": "Jalan Demak-Godong",
        "type": "secondary",
        "kecamatan": "Demak"
      },
      "geometry": {
        "type": "LineString",
        "coordinates": [
          [
            110.6432107,
            -6.8889268
          ],
          [
            110.6432506,
            -6.8890323
          ]
        ]
      }
    },
    {
      "type": "Feature",
      "properties": {
        "id": 195750546,
        "name": "Jalan Sultan Fattah",
        "type": "secondary",
        "kecamatan": "Demak"
      },
      "geometry": {
        "type": "LineString",
        "coordinates": [
          [
            110.6244523,
            -6.9056302
          ],
          [
            110.6250568,
            -6.9052185
          ],
          [
            110.625557,
            -6.904863
          ],
          [
            110.6260814,
            -6.9045235
          ]
        ]
      }
    },
    {
      "type": "Feature",
      "properties": {
        "id": 204153105,
        "name": "",
        "type": "primary",
        "kecamatan": "Karanganyar"
      },
      "geometry": {
        "type": "LineString",
        "coordinates": [
          [
            110.8357671,
            -6.8540189
          ],
          [
            110.8357973,
            -6.8539017
          ]
        ]
      }
    },
    {
      "type": "Feature",
      "properties": {
        "id": 204153109,
        "name": "Jalan Raya Kudus - Purwodadi",
        "type": "primary",
        "kecamatan": "Karanganyar"
      },
      "geometry": {
        "type": "LineString",
        "coordinates": [
          [
            110.8357973,
            -6.8539017
          ],
          [
            110.8358131,
            -6.8538795
          ],
          [
            110.8358218,
            -6.8538543
          ],
          [
            110.8358965,
            -6.853507
          ],
          [
            110.8359106,
            -6.853379
          ],
          [
            110.8359165,
            -6.8533274
          ],
          [
            110.8359266,
            -6.8531734
          ],
          [
            110.8359327,
            -6.8530796
          ],
          [
            110.8359294,
            -6.8528053
          ],
          [
            110.8359274,
            -6.8527214
          ],
          [
            110.8359104,
            -6.8524032
          ],
          [
            110.8359007,
            -6.8523222
          ],
          [
            110.8358509,
            -6.8520156
          ],
          [
            110.8358098,
            -6.8518103
          ],
          [
            110.8357797,
            -6.8516377
          ],
          [
            110.8356961,
            -6.8513123
          ],
          [
            110.8356484,
            -6.8511635
          ],
          [
            110.8355162,
            -6.8506929
          ],
          [
            110.8354824,
            -6.8505613
          ],
          [
            110.8354495,
            -6.8504329
          ],
          [
            110.8353818,
            -6.8501799
          ],
          [
            110.835285,
            -6.8498799
          ],
          [
            110.8352743,
            -6.8498563
          ],
          [
            110.8351419,
            -6.849563
          ],
          [
            110.8351065,
            -6.8494846
          ],
          [
            110.8349735,
            -6.8492464
          ],
          [
            110.8348625,
            -6.8490477
          ],
          [
            110.8347294,
            -6.8488616
          ],
          [
            110.8345674,
            -6.848635
          ],
          [
            110.8343475,
            -6.8483389
          ],
          [
            110.8340509,
            -6.8479395
          ],
          [
            110.8340028,
            -6.8478748
          ],
          [
            110.8338822,
            -6.8476802
          ],
          [
            110.8338284,
            -6.8475485
          ],
          [
            110.8338041,
            -6.8474466
          ],
          [
            110.8337866,
            -6.8473236
          ],
          [
            110.8337718,
            -6.8472102
          ],
          [
            110.8337009,
            -6.8465556
          ],
          [
            110.8336359,
            -6.8460958
          ],
          [
            110.8335898,
            -6.8456562
          ],
          [
            110.8334821,
            -6.8447419
          ],
          [
            110.8331566,
            -6.8420625
          ],
          [
            110.8331566,
            -6.8420571
          ]
        ]
      }
    },
    {
      "type": "Feature",
      "properties": {
        "id": 205346140,
        "name": "",
        "type": "tertiary",
        "kecamatan": "Unknown"
      },
      "geometry": {
        "type": "LineString",
        "coordinates": [
          [
            110.6717238,
            -7.0512824
          ],
          [
            110.6720789,
            -7.0514346
          ],
          [
            110.6724068,
            -7.0515431
          ],
          [
            110.6727062,
            -7.0516594
          ],
          [
            110.6733255,
            -7.0518775
          ],
          [
            110.6734895,
            -7.0519261
          ],
          [
            110.6738822,
            -7.0520718
          ],
          [
            110.6741554,
            -7.0521701
          ],
          [
            110.6746746,
            -7.0523712
          ],
          [
            110.6750002,
            -7.0524887
          ],
          [
            110.6755819,
            -7.0526831
          ],
          [
            110.6758779,
            -7.0527825
          ],
          [
            110.6762272,
            -7.0528918
          ],
          [
            110.6766441,
            -7.0530322
          ],
          [
            110.6777212,
            -7.0533858
          ],
          [
            110.6780537,
            -7.0534943
          ],
          [
            110.6782795,
            -7.0535623
          ],
          [
            110.678329,
            -7.0535772
          ],
          [
            110.678962,
            -7.0537914
          ],
          [
            110.6792215,
            -7.0538728
          ],
          [
            110.6795835,
            -7.0540072
          ],
          [
            110.6800936,
            -7.0541699
          ],
          [
            110.6804362,
            -7.0543134
          ],
          [
            110.6808768,
            -7.0545157
          ],
          [
            110.6810669,
            -7.0546049
          ],
          [
            110.681318,
            -7.054719
          ],
          [
            110.6817546,
            -7.0549314
          ],
          [
            110.6819515,
            -7.0550614
          ],
          [
            110.6820426,
            -7.0551212
          ],
          [
            110.6821086,
            -7.0552094
          ],
          [
            110.682161,
            -7.0552817
          ],
          [
            110.682227,
            -7.0554082
          ],
          [
            110.682444,
            -7.0558569
          ],
          [
            110.6825385,
            -7.0560479
          ],
          [
            110.6827135,
            -7.0563254
          ],
          [
            110.6828748,
            -7.056552
          ],
          [
            110.6829382,
            -7.0566392
          ],
          [
            110.6830072,
            -7.0567234
          ],
          [
            110.683138,
            -7.0568491
          ],
          [
            110.6832742,
            -7.0569656
          ],
          [
            110.6837301,
            -7.057281
          ],
          [
            110.6847326,
            -7.0579784
          ],
          [
            110.6858197,
            -7.0587046
          ],
          [
            110.6858464,
            -7.0587224
          ],
          [
            110.6866108,
            -7.0592508
          ],
          [
            110.6871351,
            -7.0596023
          ],
          [
            110.6876113,
            -7.0599216
          ],
          [
            110.6890342,
            -7.0608599
          ],
          [
            110.6900172,
            -7.0614841
          ],
          [
            110.690371,
            -7.0617146
          ],
          [
            110.6913006,
            -7.0623479
          ],
          [
            110.6917673,
            -7.062678
          ],
          [
            110.6923896,
            -7.0631345
          ],
          [
            110.6936422,
            -7.0640914
          ],
          [
            110.6945676,
            -7.0648607
          ],
          [
            110.6948908,
            -7.0651349
          ],
          [
            110.6952156,
            -7.0654205
          ],
          [
            110.6959256,
            -7.0660085
          ],
          [
            110.6963564,
            -7.0664127
          ],
          [
            110.6968081,
            -7.0668154
          ],
          [
            110.6971251,
            -7.0671053
          ],
          [
            110.6980142,
            -7.067967
          ],
          [
            110.6985875,
            -7.0685007
          ],
          [
            110.6990757,
            -7.0689606
          ],
          [
            110.6994794,
            -7.0693306
          ],
          [
            110.699885,
            -7.0696946
          ],
          [
            110.7003792,
            -7.0701597
          ],
          [
            110.7005435,
            -7.0703248
          ],
          [
            110.7006703,
            -7.0704758
          ],
          [
            110.7008372,
            -7.0707214
          ],
          [
            110.7010055,
            -7.0710414
          ],
          [
            110.7010152,
            -7.0710637
          ],
          [
            110.7010424,
            -7.071127
          ],
          [
            110.7010552,
            -7.0711569
          ],
          [
            110.7010666,
            -7.0711898
          ],
          [
            110.701265,
            -7.0716164
          ],
          [
            110.7018162,
            -7.0728302
          ],
          [
            110.7021421,
            -7.0736021
          ],
          [
            110.702512,
            -7.0746854
          ],
          [
            110.7025792,
            -7.0748747
          ],
          [
            110.7026145,
            -7.074974
          ],
          [
            110.702877,
            -7.0756796
          ],
          [
            110.7031742,
            -7.0765579
          ],
          [
            110.7034004,
            -7.0771847
          ],
          [
            110.7036128,
            -7.0778741
          ],
          [
            110.703669,
            -7.0780566
          ],
          [
            110.7038198,
            -7.0787813
          ],
          [
            110.7040056,
            -7.0796357
          ],
          [
            110.7040559,
            -7.0798925
          ],
          [
            110.7041774,
            -7.0805385
          ],
          [
            110.7043342,
            -7.0813618
          ],
          [
            110.7046079,
            -7.0826494
          ],
          [
            110.7047293,
            -7.0832367
          ],
          [
            110.7047886,
            -7.0836076
          ],
          [
            110.7048247,
            -7.0839941
          ],
          [
            110.7048227,
            -7.0844107
          ],
          [
            110.704821,
            -7.0846405
          ],
          [
            110.704819,
            -7.0849093
          ],
          [
            110.7048319,
            -7.0854924
          ],
          [
            110.7048307,
            -7.085902
          ],
          [
            110.7048364,
            -7.0864464
          ],
          [
            110.7048552,
            -7.0869521
          ],
          [
            110.7048884,
            -7.0886144
          ],
          [
            110.7049115,
            -7.0894235
          ],
          [
            110.7049142,
            -7.0895293
          ],
          [
            110.704932,
            -7.0903688
          ],
          [
            110.7049675,
            -7.0912574
          ],
          [
            110.705,
            -7.0919814
          ],
          [
            110.7050188,
            -7.092386
          ],
          [
            110.7050335,
            -7.0927001
          ],
          [
            110.7050423,
            -7.0929922
          ],
          [
            110.7050416,
            -7.0933003
          ],
          [
            110.7050268,
            -7.0934946
          ],
          [
            110.7049786,
            -7.0941008
          ],
          [
            110.7049685,
            -7.0943277
          ],
          [
            110.7049323,
            -7.0948041
          ],
          [
            110.7048867,
            -7.0951801
          ],
          [
            110.7047745,
            -7.0959877
          ],
          [
            110.704646,
            -7.0971491
          ],
          [
            110.7046426,
            -7.0971704
          ],
          [
            110.7045957,
            -7.0976092
          ],
          [
            110.7045564,
            -7.0979486
          ],
          [
            110.7045065,
            -7.0984746
          ],
          [
            110.7044817,
            -7.0986296
          ],
          [
            110.7044428,
            -7.0987421
          ],
          [
            110.7043684,
            -7.0988356
          ],
          [
            110.7043097,
            -7.0988834
          ],
          [
            110.7042282,
            -7.098933
          ],
          [
            110.7027778,
            -7.0997116
          ],
          [
            110.7015999,
            -7.1003251
          ],
          [
            110.7008627,
            -7.1007636
          ],
          [
            110.700679,
            -7.1008667
          ],
          [
            110.7000219,
            -7.1012418
          ],
          [
            110.6994485,
            -7.1015381
          ],
          [
            110.6993184,
            -7.1016033
          ],
          [
            110.6989879,
            -7.101769
          ],
          [
            110.6980056,
            -7.1022814
          ],
          [
            110.697693,
            -7.1024444
          ],
          [
            110.6971103,
            -7.1027492
          ],
          [
            110.6964163,
            -7.1031005
          ],
          [
            110.6950093,
            -7.1038183
          ],
          [
            110.6946413,
            -7.1040168
          ],
          [
            110.6944992,
            -7.1041072
          ],
          [
            110.6943662,
            -7.1042277
          ],
          [
            110.6939768,
            -7.1046276
          ],
          [
            110.6934075,
            -7.1052235
          ],
          [
            110.6930581,
            -7.1055538
          ],
          [
            110.6927014,
            -7.1059215
          ],
          [
            110.6921965,
            -7.1064368
          ],
          [
            110.6918022,
            -7.1068534
          ],
          [
            110.6912141,
            -7.107419
          ],
          [
            110.691184,
            -7.1074466
          ]
        ]
      }
    },
    {
      "type": "Feature",
      "properties": {
        "id": 205346179,
        "name": "Jalan Ahmad Yani",
        "type": "primary",
        "kecamatan": "Unknown"
      },
      "geometry": {
        "type": "LineString",
        "coordinates": [
          [
            110.7629167,
            -7.0216276
          ],
          [
            110.762552,
            -7.0217703
          ]
        ]
      }
    },
    {
      "type": "Feature",
      "properties": {
        "id": 205346240,
        "name": "Jalan Ahmad Yani",
        "type": "primary",
        "kecamatan": "Kebonagung"
      },
      "geometry": {
        "type": "LineString",
        "coordinates": [
          [
            110.762552,
            -7.0217703
          ],
          [
            110.7620801,
            -7.0219764
          ],
          [
            110.7617193,
            -7.0221161
          ],
          [
            110.7614679,
            -7.0222177
          ],
          [
            110.7612459,
            -7.0222945
          ],
          [
            110.7608758,
            -7.0224436
          ],
          [
            110.7606423,
            -7.0225243
          ],
          [
            110.7603045,
            -7.0226725
          ],
          [
            110.7597962,
            -7.0228618
          ],
          [
            110.7592153,
            -7.0231113
          ],
          [
            110.7588333,
            -7.0232582
          ],
          [
            110.7586134,
            -7.0233403
          ],
          [
            110.758209,
            -7.0235
          ],
          [
            110.7578352,
            -7.023665
          ],
          [
            110.7575968,
            -7.0237547
          ],
          [
            110.7572227,
            -7.0239149
          ],
          [
            110.7570378,
            -7.02399
          ],
          [
            110.7567175,
            -7.0241099
          ]
        ]
      }
    },
    {
      "type": "Feature",
      "properties": {
        "id": 205346261,
        "name": "Jalan Ahmad Yani",
        "type": "primary",
        "kecamatan": "Kebonagung"
      },
      "geometry": {
        "type": "LineString",
        "coordinates": [
          [
            110.7564795,
            -7.0242003
          ],
          [
            110.7564485,
            -7.024213
          ],
          [
            110.7556112,
            -7.0245156
          ],
          [
            110.7553156,
            -7.0246158
          ],
          [
            110.7552155,
            -7.0246519
          ],
          [
            110.7541092,
            -7.0250513
          ],
          [
            110.7539986,
            -7.0250924
          ],
          [
            110.7537198,
            -7.0251965
          ],
          [
            110.7532114,
            -7.0253865
          ],
          [
            110.7528319,
            -7.0255396
          ],
          [
            110.7520876,
            -7.0258338
          ],
          [
            110.75124,
            -7.0261598
          ],
          [
            110.7504494,
            -7.0264613
          ],
          [
            110.7500142,
            -7.0266363
          ],
          [
            110.7493778,
            -7.0268873
          ],
          [
            110.7487294,
            -7.0271408
          ],
          [
            110.7478892,
            -7.0274603
          ],
          [
            110.7475479,
            -7.0276013
          ],
          [
            110.7469404,
            -7.0278043
          ],
          [
            110.7460955,
            -7.0281111
          ],
          [
            110.7457387,
            -7.0282482
          ],
          [
            110.7456509,
            -7.0282742
          ]
        ]
      }
    },
    {
      "type": "Feature",
      "properties": {
        "id": 205346262,
        "name": "",
        "type": "tertiary",
        "kecamatan": "Unknown"
      },
      "geometry": {
        "type": "LineString",
        "coordinates": [
          [
            110.7622503,
            -7.0291591
          ],
          [
            110.7624596,
            -7.0284439
          ],
          [
            110.7626535,
            -7.0278135
          ],
          [
            110.7626742,
            -7.0277132
          ],
          [
            110.7626867,
            -7.027611
          ],
          [
            110.7626855,
            -7.0275216
          ],
          [
            110.7624516,
            -7.0263648
          ],
          [
            110.7623295,
            -7.0257858
          ],
          [
            110.7622093,
            -7.0252252
          ],
          [
            110.7620667,
            -7.0245554
          ],
          [
            110.7619487,
            -7.0239703
          ],
          [
            110.7619184,
            -7.0238523
          ],
          [
            110.7618181,
            -7.0234617
          ],
          [
            110.7618038,
            -7.0234075
          ],
          [
            110.7617609,
            -7.0232449
          ],
          [
            110.7616764,
            -7.0229006
          ],
          [
            110.7614679,
            -7.0222177
          ]
        ]
      }
    },
    {
      "type": "Feature",
      "properties": {
        "id": 205917913,
        "name": "Jalan Raya Demak - Kudus",
        "type": "secondary",
        "kecamatan": "Demak"
      },
      "geometry": {
        "type": "LineString",
        "coordinates": [
          [
            110.6537848,
            -6.8865138
          ],
          [
            110.6540996,
            -6.886457
          ]
        ]
      }
    },
    {
      "type": "Feature",
      "properties": {
        "id": 205917914,
        "name": "Jalan Raya Demak - Kudus",
        "type": "secondary",
        "kecamatan": "Demak"
      },
      "geometry": {
        "type": "LineString",
        "coordinates": [
          [
            110.6540996,
            -6.886457
          ],
          [
            110.6544989,
            -6.886378
          ],
          [
            110.6545396,
            -6.8863699
          ],
          [
            110.6547275,
            -6.8863126
          ],
          [
            110.654883,
            -6.8862653
          ],
          [
            110.6551646,
            -6.8861907
          ],
          [
            110.6553953,
            -6.8861242
          ],
          [
            110.6555515,
            -6.8860721
          ],
          [
            110.6557225,
            -6.886015
          ],
          [
            110.655929,
            -6.8859511
          ],
          [
            110.6561785,
            -6.8858898
          ],
          [
            110.6564186,
            -6.8858406
          ],
          [
            110.6566579,
            -6.8857834
          ],
          [
            110.6569939,
            -6.8857114
          ],
          [
            110.6571688,
            -6.8856709
          ],
          [
            110.6574311,
            -6.8856102
          ],
          [
            110.6576805,
            -6.885553
          ],
          [
            110.6578321,
            -6.8855117
          ],
          [
            110.6579836,
            -6.8854771
          ],
          [
            110.6581445,
            -6.8854398
          ],
          [
            110.658335,
            -6.8853919
          ],
          [
            110.658512,
            -6.8853519
          ],
          [
            110.6586535,
            -6.8852947
          ],
          [
            110.6588473,
            -6.8852667
          ],
          [
            110.6592872,
            -6.8851655
          ],
          [
            110.6599216,
            -6.8850231
          ],
          [
            110.6603225,
            -6.8849152
          ],
          [
            110.660572,
            -6.8848574
          ],
          [
            110.66069,
            -6.88483
          ],
          [
            110.6614866,
            -6.8846383
          ],
          [
            110.6619352,
            -6.8845334
          ],
          [
            110.6619989,
            -6.8845185
          ],
          [
            110.6624709,
            -6.8844066
          ],
          [
            110.6636623,
            -6.884125
          ],
          [
            110.6640105,
            -6.8840445
          ],
          [
            110.665129,
            -6.8837862
          ],
          [
            110.6655367,
            -6.8836903
          ],
          [
            110.665939,
            -6.8835891
          ],
          [
            110.6666069,
            -6.883432
          ],
          [
            110.6671648,
            -6.8832989
          ],
          [
            110.6673485,
            -6.8832563
          ],
          [
            110.6675591,
            -6.883203
          ],
          [
            110.6680499,
            -6.8830858
          ],
          [
            110.66875,
            -6.8829181
          ],
          [
            110.6698443,
            -6.8826971
          ]
        ]
      }
    },
    {
      "type": "Feature",
      "properties": {
        "id": 205917948,
        "name": "",
        "type": "tertiary",
        "kecamatan": "Demak"
      },
      "geometry": {
        "type": "LineString",
        "coordinates": [
          [
            110.6348806,
            -6.9088111
          ],
          [
            110.6348608,
            -6.908918
          ],
          [
            110.6348347,
            -6.9090799
          ],
          [
            110.6347912,
            -6.909385
          ],
          [
            110.6347523,
            -6.9096253
          ],
          [
            110.6347241,
            -6.909799
          ],
          [
            110.6346601,
            -6.9101468
          ],
          [
            110.634653,
            -6.9102163
          ],
          [
            110.6346441,
            -6.9102606
          ],
          [
            110.6346261,
            -6.9103817
          ],
          [
            110.6345905,
            -6.9107347
          ],
          [
            110.6345817,
            -6.9107642
          ],
          [
            110.6345514,
            -6.9109698
          ],
          [
            110.6344419,
            -6.9114796
          ],
          [
            110.6344423,
            -6.9115657
          ],
          [
            110.6342981,
            -6.9124511
          ],
          [
            110.6342526,
            -6.9127056
          ],
          [
            110.6342033,
            -6.9129999
          ],
          [
            110.6341478,
            -6.91334
          ],
          [
            110.6340996,
            -6.9136038
          ],
          [
            110.634065,
            -6.9138404
          ],
          [
            110.6340235,
            -6.914093
          ],
          [
            110.6339737,
            -6.914357
          ],
          [
            110.6339475,
            -6.9145043
          ],
          [
            110.6339236,
            -6.9146383
          ],
          [
            110.6338659,
            -6.9149367
          ],
          [
            110.6338189,
            -6.9151898
          ],
          [
            110.6337935,
            -6.9153295
          ],
          [
            110.63378,
            -6.9153987
          ],
          [
            110.6336977,
            -6.9158731
          ],
          [
            110.6336705,
            -6.9160332
          ],
          [
            110.6336567,
            -6.916109
          ],
          [
            110.6336452,
            -6.9161665
          ],
          [
            110.6335202,
            -6.9168276
          ],
          [
            110.6334282,
            -6.917269
          ],
          [
            110.6333691,
            -6.9177373
          ],
          [
            110.6333102,
            -6.9181184
          ],
          [
            110.6332577,
            -6.9184904
          ],
          [
            110.6332205,
            -6.9187163
          ],
          [
            110.6332073,
            -6.918795
          ],
          [
            110.6331524,
            -6.9191025
          ],
          [
            110.6330384,
            -6.9197296
          ],
          [
            110.6330044,
            -6.9199296
          ],
          [
            110.6329463,
            -6.9202666
          ],
          [
            110.6328419,
            -6.9208368
          ],
          [
            110.6327508,
            -6.9213203
          ],
          [
            110.6326951,
            -6.9216548
          ],
          [
            110.6326459,
            -6.9218852
          ],
          [
            110.6326082,
            -6.9221484
          ],
          [
            110.632546,
            -6.922589
          ],
          [
            110.6324173,
            -6.9233951
          ],
          [
            110.6323559,
            -6.9237016
          ],
          [
            110.6322559,
            -6.9242695
          ],
          [
            110.6321437,
            -6.9249033
          ],
          [
            110.6320567,
            -6.9254729
          ],
          [
            110.6320409,
            -6.9255684
          ],
          [
            110.6319829,
            -6.9259083
          ],
          [
            110.6318797,
            -6.9264714
          ],
          [
            110.6318292,
            -6.9267337
          ],
          [
            110.6317254,
            -6.9274952
          ],
          [
            110.631697,
            -6.9276503
          ],
          [
            110.6316337,
            -6.9277647
          ],
          [
            110.6311965,
            -6.9284574
          ]
        ]
      }
    },
    {
      "type": "Feature",
      "properties": {
        "id": 205917950,
        "name": "Jalan Demak-Godong",
        "type": "primary",
        "kecamatan": "Dempet"
      },
      "geometry": {
        "type": "LineString",
        "coordinates": [
          [
            110.6982243,
            -6.9563531
          ],
          [
            110.6983397,
            -6.9564677
          ]
        ]
      }
    },
    {
      "type": "Feature",
      "properties": {
        "id": 205917953,
        "name": "",
        "type": "secondary",
        "kecamatan": "Dempet"
      },
      "geometry": {
        "type": "LineString",
        "coordinates": [
          [
            110.6985229,
            -6.9571633
          ],
          [
            110.6986913,
            -6.9570022
          ]
        ]
      }
    },
    {
      "type": "Feature",
      "properties": {
        "id": 205917957,
        "name": "",
        "type": "secondary",
        "kecamatan": "Dempet"
      },
      "geometry": {
        "type": "LineString",
        "coordinates": [
          [
            110.6986913,
            -6.9570022
          ],
          [
            110.6987853,
            -6.9569006
          ]
        ]
      }
    },
    {
      "type": "Feature",
      "properties": {
        "id": 205917964,
        "name": "Jalan Pemuda",
        "type": "secondary",
        "kecamatan": "Demak"
      },
      "geometry": {
        "type": "LineString",
        "coordinates": [
          [
            110.6411685,
            -6.8904171
          ],
          [
            110.6411309,
            -6.8904113
          ],
          [
            110.6410834,
            -6.8904052
          ],
          [
            110.6410059,
            -6.89039
          ],
          [
            110.6409108,
            -6.8903731
          ],
          [
            110.64068,
            -6.8903301
          ],
          [
            110.6403158,
            -6.8902656
          ],
          [
            110.6399442,
            -6.8901962
          ],
          [
            110.6393123,
            -6.8901096
          ],
          [
            110.6384705,
            -6.8899713
          ],
          [
            110.6382154,
            -6.8899404
          ],
          [
            110.6375999,
            -6.8898499
          ],
          [
            110.6370456,
            -6.889767
          ],
          [
            110.6368194,
            -6.8897301
          ],
          [
            110.6365594,
            -6.8896877
          ],
          [
            110.6360767,
            -6.8896183
          ],
          [
            110.6355879,
            -6.8895518
          ],
          [
            110.6354335,
            -6.8895262
          ],
          [
            110.6350065,
            -6.8894827
          ],
          [
            110.6348562,
            -6.8894534
          ],
          [
            110.6344253,
            -6.8893919
          ],
          [
            110.6341629,
            -6.8893509
          ],
          [
            110.6339631,
            -6.8893287
          ],
          [
            110.6334193,
            -6.8892683
          ],
          [
            110.6328024,
            -6.8891618
          ]
        ]
      }
    },
    {
      "type": "Feature",
      "properties": {
        "id": 298746186,
        "name": "Jalan Raya Demak - Kudus",
        "type": "secondary",
        "kecamatan": "Demak"
      },
      "geometry": {
        "type": "LineString",
        "coordinates": [
          [
            110.6698443,
            -6.8826971
          ],
          [
            110.6700217,
            -6.8826022
          ],
          [
            110.6704034,
            -6.882513
          ],
          [
            110.6708083,
            -6.8824305
          ],
          [
            110.6711793,
            -6.8823254
          ],
          [
            110.6717411,
            -6.8822077
          ]
        ]
      }
    },
    {
      "type": "Feature",
      "properties": {
        "id": 303000727,
        "name": "Jalan Sultan Fattah",
        "type": "secondary",
        "kecamatan": "Demak"
      },
      "geometry": {
        "type": "LineString",
        "coordinates": [
          [
            110.6405452,
            -6.8915285
          ],
          [
            110.6406068,
            -6.8914482
          ],
          [
            110.6408159,
            -6.8911452
          ],
          [
            110.6412629,
            -6.8905262
          ],
          [
            110.6413452,
            -6.8904241
          ]
        ]
      }
    },
    {
      "type": "Feature",
      "properties": {
        "id": 329248371,
        "name": "",
        "type": "secondary",
        "kecamatan": "Bonang"
      },
      "geometry": {
        "type": "LineString",
        "coordinates": [
          [
            110.5697924,
            -6.8403415
          ],
          [
            110.5701359,
            -6.8405578
          ],
          [
            110.5704028,
            -6.8407295
          ],
          [
            110.5710814,
            -6.841198
          ],
          [
            110.571106,
            -6.8412119
          ],
          [
            110.5715816,
            -6.8415138
          ],
          [
            110.5721598,
            -6.8419038
          ],
          [
            110.5722984,
            -6.8419973
          ],
          [
            110.5728366,
            -6.8423506
          ],
          [
            110.5729241,
            -6.8424068
          ],
          [
            110.5744596,
            -6.843402
          ],
          [
            110.5747213,
            -6.8435782
          ],
          [
            110.5749651,
            -6.8437423
          ],
          [
            110.57518,
            -6.843887
          ],
          [
            110.5755513,
            -6.844137
          ],
          [
            110.5761534,
            -6.8445298
          ],
          [
            110.5762996,
            -6.8446323
          ],
          [
            110.5769038,
            -6.8450426
          ],
          [
            110.5769248,
            -6.8450582
          ],
          [
            110.577135,
            -6.8452022
          ],
          [
            110.5778265,
            -6.8456711
          ],
          [
            110.5778783,
            -6.8457055
          ],
          [
            110.5779602,
            -6.8457578
          ],
          [
            110.5790113,
            -6.8464393
          ],
          [
            110.5792044,
            -6.8465551
          ],
          [
            110.5792741,
            -6.8465923
          ],
          [
            110.5796792,
            -6.8468147
          ],
          [
            110.5800849,
            -6.8470399
          ],
          [
            110.5802093,
            -6.8471128
          ],
          [
            110.5806582,
            -6.847354
          ],
          [
            110.5810431,
            -6.8475657
          ],
          [
            110.5811705,
            -6.8476256
          ],
          [
            110.5812228,
            -6.8476409
          ],
          [
            110.5812637,
            -6.8476496
          ],
          [
            110.5813019,
            -6.8476522
          ],
          [
            110.5813515,
            -6.8476482
          ],
          [
            110.5814065,
            -6.8476416
          ],
          [
            110.5815111,
            -6.8476176
          ],
          [
            110.581611,
            -6.8475637
          ],
          [
            110.5820448,
            -6.847314
          ],
          [
            110.5821803,
            -6.8472315
          ],
          [
            110.582234,
            -6.8472012
          ],
          [
            110.5827047,
            -6.8469359
          ],
          [
            110.5828696,
            -6.846848
          ],
          [
            110.5830561,
            -6.8467561
          ],
          [
            110.5834155,
            -6.846583
          ],
          [
            110.5837936,
            -6.8464053
          ],
          [
            110.583901,
            -6.846358
          ],
          [
            110.5840216,
            -6.846318
          ],
          [
            110.5840921,
            -6.8463007
          ],
          [
            110.5841403,
            -6.8462927
          ],
          [
            110.5841826,
            -6.8462914
          ],
          [
            110.5842744,
            -6.8462874
          ],
          [
            110.5843811,
            -6.8462914
          ],
          [
            110.5844736,
            -6.8463021
          ],
          [
            110.5845366,
            -6.8463147
          ],
          [
            110.5846144,
            -6.8463314
          ],
          [
            110.5847653,
            -6.8463767
          ],
          [
            110.5848451,
            -6.8464059
          ],
          [
            110.5851997,
            -6.846576
          ],
          [
            110.5852562,
            -6.8465978
          ],
          [
            110.5856578,
            -6.8467708
          ],
          [
            110.5857531,
            -6.8468201
          ],
          [
            110.5859582,
            -6.8469332
          ],
          [
            110.5862593,
            -6.8470918
          ],
          [
            110.5867885,
            -6.8473975
          ],
          [
            110.5868333,
            -6.8474234
          ],
          [
            110.5871197,
            -6.8476837
          ],
          [
            110.5872452,
            -6.8478121
          ],
          [
            110.5874475,
            -6.8479517
          ],
          [
            110.5879867,
            -6.848217
          ],
          [
            110.588096,
            -6.8482879
          ],
          [
            110.588212,
            -6.8483395
          ],
          [
            110.5883744,
            -6.8484478
          ],
          [
            110.5886002,
            -6.8485984
          ],
          [
            110.5889147,
            -6.8488135
          ],
          [
            110.5891286,
            -6.8489129
          ],
          [
            110.5897804,
            -6.8490424
          ],
          [
            110.5901639,
            -6.849085
          ],
          [
            110.5905729,
            -6.8491315
          ],
          [
            110.5908653,
            -6.8492101
          ],
          [
            110.5911671,
            -6.8493406
          ],
          [
            110.5915907,
            -6.849631
          ],
          [
            110.5923426,
            -6.8501717
          ],
          [
            110.5926711,
            -6.850448
          ],
          [
            110.5930153,
            -6.8506985
          ],
          [
            110.5936374,
            -6.8511517
          ],
          [
            110.5937993,
            -6.8512404
          ],
          [
            110.5940799,
            -6.8514018
          ],
          [
            110.5943321,
            -6.851495
          ],
          [
            110.5945393,
            -6.851551
          ],
          [
            110.5948457,
            -6.8516022
          ],
          [
            110.5949718,
            -6.8516382
          ],
          [
            110.5950844,
            -6.8516921
          ],
          [
            110.5953873,
            -6.8518824
          ],
          [
            110.5958157,
            -6.8521163
          ],
          [
            110.5964751,
            -6.852531
          ],
          [
            110.5972674,
            -6.8529051
          ],
          [
            110.5976326,
            -6.8530662
          ],
          [
            110.5978835,
            -6.8531868
          ],
          [
            110.5980833,
            -6.8532965
          ],
          [
            110.5985908,
            -6.8536376
          ],
          [
            110.5989293,
            -6.853929
          ],
          [
            110.599663,
            -6.8545469
          ],
          [
            110.6000255,
            -6.8548653
          ],
          [
            110.6000391,
            -6.8548771
          ],
          [
            110.6007278,
            -6.8554843
          ],
          [
            110.6008239,
            -6.8555804
          ],
          [
            110.6010437,
            -6.8558227
          ],
          [
            110.601328,
            -6.856089
          ],
          [
            110.6017142,
            -6.8566162
          ],
          [
            110.6019073,
            -6.8568399
          ],
          [
            110.6020897,
            -6.8570157
          ],
          [
            110.602148,
            -6.8570935
          ],
          [
            110.6024162,
            -6.8572658
          ],
          [
            110.6026469,
            -6.8573963
          ],
          [
            110.6028642,
            -6.8575668
          ],
          [
            110.6037473,
            -6.8580701
          ],
          [
            110.604208,
            -6.858327
          ],
          [
            110.6047414,
            -6.8585049
          ],
          [
            110.6054372,
            -6.8587285
          ],
          [
            110.605647,
            -6.8588018
          ],
          [
            110.6058279,
            -6.8589039
          ],
          [
            110.6058699,
            -6.8589297
          ],
          [
            110.6071372,
            -6.8597666
          ],
          [
            110.6081025,
            -6.8603576
          ],
          [
            110.6082041,
            -6.8604142
          ],
          [
            110.6089246,
            -6.8608896
          ],
          [
            110.6093927,
            -6.8611485
          ],
          [
            110.609795,
            -6.8614015
          ],
          [
            110.6100424,
            -6.861552
          ],
          [
            110.6100777,
            -6.8615758
          ],
          [
            110.6101813,
            -6.8616412
          ],
          [
            110.6103935,
            -6.8617642
          ],
          [
            110.6106885,
            -6.8619816
          ],
          [
            110.6108409,
            -6.8622399
          ],
          [
            110.6109791,
            -6.8624534
          ],
          [
            110.6110986,
            -6.8626445
          ],
          [
            110.6112032,
            -6.8628501
          ],
          [
            110.6112474,
            -6.8630339
          ],
          [
            110.6112729,
            -6.8632323
          ],
          [
            110.6113044,
            -6.8636152
          ],
          [
            110.6114928,
            -6.8645039
          ],
          [
            110.6115464,
            -6.8647635
          ],
          [
            110.6116025,
            -6.8649459
          ],
          [
            110.6116819,
            -6.865119
          ],
          [
            110.6118355,
            -6.8652803
          ],
          [
            110.6121139,
            -6.8655272
          ],
          [
            110.6124061,
            -6.8657156
          ],
          [
            110.6126421,
            -6.8658986
          ],
          [
            110.6128742,
            -6.8660698
          ],
          [
            110.6132296,
            -6.866356
          ],
          [
            110.6139632,
            -6.8668939
          ],
          [
            110.6149911,
            -6.8676943
          ],
          [
            110.6150497,
            -6.867739
          ],
          [
            110.6150979,
            -6.8677759
          ],
          [
            110.6153278,
            -6.8679513
          ],
          [
            110.6154142,
            -6.867995
          ],
          [
            110.6155081,
            -6.868027
          ],
          [
            110.6156181,
            -6.8680297
          ],
          [
            110.6161465,
            -6.8679897
          ],
          [
            110.6164066,
            -6.8680057
          ],
          [
            110.6166078,
            -6.8680536
          ],
          [
            110.6168948,
            -6.8681468
          ],
          [
            110.6172676,
            -6.8683199
          ],
          [
            110.617442,
            -6.8684078
          ],
          [
            110.6176029,
            -6.8685037
          ],
          [
            110.6179577,
            -6.8687808
          ],
          [
            110.6188857,
            -6.8694305
          ],
          [
            110.6190305,
            -6.869569
          ],
          [
            110.6191478,
            -6.8697433
          ],
          [
            110.6191586,
            -6.8699363
          ],
          [
            110.6191613,
            -6.8701201
          ],
          [
            110.6191291,
            -6.8703118
          ],
          [
            110.6190969,
            -6.8704183
          ],
          [
            110.6188152,
            -6.8709829
          ],
          [
            110.6187603,
            -6.8710994
          ],
          [
            110.618737,
            -6.8711549
          ],
          [
            110.6187052,
            -6.8712305
          ],
          [
            110.618649,
            -6.8714089
          ],
          [
            110.6186195,
            -6.8715607
          ],
          [
            110.61859,
            -6.8717152
          ],
          [
            110.6184961,
            -6.8722185
          ],
          [
            110.6184719,
            -6.8723942
          ],
          [
            110.618463,
            -6.8724456
          ],
          [
            110.6184237,
            -6.8726738
          ],
          [
            110.6184144,
            -6.8727523
          ],
          [
            110.6183874,
            -6.8729783
          ],
          [
            110.6183647,
            -6.8731692
          ],
          [
            110.6183445,
            -6.873385
          ],
          [
            110.6183271,
            -6.8735713
          ],
          [
            110.6183083,
            -6.8738269
          ],
          [
            110.6182842,
            -6.8741571
          ],
          [
            110.6182936,
            -6.874466
          ],
          [
            110.6183204,
            -6.8746244
          ],
          [
            110.6183746,
            -6.8748561
          ],
          [
            110.6184412,
            -6.8750932
          ],
          [
            110.6184736,
            -6.8752047
          ],
          [
            110.6185458,
            -6.8754536
          ],
          [
            110.6186061,
            -6.875651
          ],
          [
            110.6186812,
            -6.87588
          ],
          [
            110.6187777,
            -6.8762289
          ],
          [
            110.6188689,
            -6.8765963
          ],
          [
            110.6189387,
            -6.8767634
          ],
          [
            110.61905,
            -6.8769392
          ],
          [
            110.6191838,
            -6.8771282
          ],
          [
            110.6192578,
            -6.8772328
          ],
          [
            110.6194221,
            -6.8774478
          ],
          [
            110.619525,
            -6.8775925
          ],
          [
            110.6196109,
            -6.8777133
          ],
          [
            110.6197037,
            -6.8778519
          ],
          [
            110.6197852,
            -6.8779953
          ],
          [
            110.6198247,
            -6.878077
          ],
          [
            110.6199767,
            -6.8783912
          ],
          [
            110.6200028,
            -6.8784493
          ],
          [
            110.6200571,
            -6.8785703
          ],
          [
            110.6201215,
            -6.8787193
          ],
          [
            110.6201691,
            -6.8788738
          ],
          [
            110.6202046,
            -6.8790102
          ],
          [
            110.6202502,
            -6.8792033
          ],
          [
            110.6202556,
            -6.8792699
          ],
          [
            110.6203398,
            -6.8795207
          ],
          [
            110.6204112,
            -6.8797332
          ],
          [
            110.6205131,
            -6.8799516
          ],
          [
            110.6209101,
            -6.8806626
          ],
          [
            110.621073,
            -6.8809735
          ],
          [
            110.6211783,
            -6.8811279
          ],
          [
            110.6213632,
            -6.8814091
          ],
          [
            110.6214632,
            -6.8815419
          ],
          [
            110.6215561,
            -6.8816654
          ],
          [
            110.6215954,
            -6.8817176
          ],
          [
            110.6218716,
            -6.8820167
          ],
          [
            110.6220339,
            -6.8821766
          ],
          [
            110.6224657,
            -6.8825559
          ],
          [
            110.6227249,
            -6.8827564
          ],
          [
            110.6227865,
            -6.8828024
          ],
          [
            110.6232069,
            -6.8831344
          ],
          [
            110.6233691,
            -6.8832413
          ],
          [
            110.6238229,
            -6.8834773
          ],
          [
            110.6239068,
            -6.883518
          ],
          [
            110.6240851,
            -6.8835971
          ],
          [
            110.6243031,
            -6.883677
          ],
          [
            110.6244935,
            -6.8837329
          ],
          [
            110.6246705,
            -6.8837595
          ],
          [
            110.6248368,
            -6.8837675
          ],
          [
            110.6250139,
            -6.8837609
          ],
          [
            110.6252953,
            -6.883728
          ],
          [
            110.6254513,
            -6.8837232
          ],
          [
            110.6255302,
            -6.8837382
          ],
          [
            110.6256118,
            -6.8837471
          ],
          [
            110.6257831,
            -6.883799
          ],
          [
            110.6259915,
            -6.8838833
          ],
          [
            110.6261913,
            -6.8839739
          ],
          [
            110.6264498,
            -6.8841015
          ],
          [
            110.6265297,
            -6.8841329
          ],
          [
            110.6266219,
            -6.8841591
          ],
          [
            110.6267117,
            -6.8841756
          ],
          [
            110.6267646,
            -6.8841835
          ],
          [
            110.6272374,
            -6.8842175
          ],
          [
            110.6273749,
            -6.8842182
          ],
          [
            110.6275351,
            -6.8842229
          ],
          [
            110.6277014,
            -6.8842468
          ],
          [
            110.6278214,
            -6.8842708
          ],
          [
            110.6280199,
            -6.8843094
          ],
          [
            110.6281086,
            -6.8843408
          ],
          [
            110.6283163,
            -6.8844062
          ],
          [
            110.6285064,
            -6.8844687
          ],
          [
            110.6286276,
            -6.8845203
          ],
          [
            110.6287196,
            -6.8845642
          ],
          [
            110.6287955,
            -6.8846195
          ],
          [
            110.6290089,
            -6.8847657
          ],
          [
            110.6290619,
            -6.8848
          ],
          [
            110.6291747,
            -6.8848819
          ],
          [
            110.6292839,
            -6.8849552
          ],
          [
            110.6294616,
            -6.885051
          ],
          [
            110.6296353,
            -6.8851282
          ],
          [
            110.629815,
            -6.8851995
          ],
          [
            110.6300644,
            -6.8852846
          ],
          [
            110.6303191,
            -6.885351
          ],
          [
            110.6303871,
            -6.8853731
          ],
          [
            110.6305761,
            -6.8854496
          ],
          [
            110.6307664,
            -6.8855322
          ],
          [
            110.6309459,
            -6.8856246
          ],
          [
            110.6310355,
            -6.8856748
          ],
          [
            110.6311468,
            -6.8857483
          ],
          [
            110.6313806,
            -6.8859454
          ],
          [
            110.6314172,
            -6.8859786
          ],
          [
            110.631493,
            -6.886043
          ],
          [
            110.631666,
            -6.8862116
          ],
          [
            110.6318092,
            -6.8863714
          ],
          [
            110.6318816,
            -6.8864823
          ],
          [
            110.6319517,
            -6.8865987
          ],
          [
            110.6320466,
            -6.8867579
          ],
          [
            110.6321208,
            -6.8868949
          ],
          [
            110.6321646,
            -6.8870122
          ],
          [
            110.6322185,
            -6.8871565
          ],
          [
            110.6322518,
            -6.8872665
          ],
          [
            110.6322878,
            -6.8873848
          ],
          [
            110.6323121,
            -6.8874782
          ],
          [
            110.6323353,
            -6.8875758
          ],
          [
            110.632371,
            -6.8877355
          ],
          [
            110.6323818,
            -6.8877938
          ],
          [
            110.6324113,
            -6.8879526
          ],
          [
            110.6324496,
            -6.8881692
          ],
          [
            110.6324727,
            -6.8882616
          ],
          [
            110.6325416,
            -6.8886014
          ],
          [
            110.6326079,
            -6.8888369
          ],
          [
            110.6327066,
            -6.8889735
          ],
          [
            110.6327562,
            -6.8890508
          ],
          [
            110.6328024,
            -6.8891618
          ]
        ]
      }
    },
    {
      "type": "Feature",
      "properties": {
        "id": 329248372,
        "name": "",
        "type": "secondary",
        "kecamatan": "Demak"
      },
      "geometry": {
        "type": "LineString",
        "coordinates": [
          [
            110.6435139,
            -6.8887962
          ],
          [
            110.6434919,
            -6.888822
          ],
          [
            110.6434758,
            -6.8888399
          ],
          [
            110.6434551,
            -6.8888563
          ],
          [
            110.6434088,
            -6.8888809
          ],
          [
            110.6433669,
            -6.8889112
          ],
          [
            110.6433246,
            -6.8889461
          ],
          [
            110.6432961,
            -6.8889754
          ],
          [
            110.6432506,
            -6.8890323
          ]
        ]
      }
    },
    {
      "type": "Feature",
      "properties": {
        "id": 329248375,
        "name": "",
        "type": "secondary",
        "kecamatan": "Demak"
      },
      "geometry": {
        "type": "LineString",
        "coordinates": [
          [
            110.6328024,
            -6.8891618
          ],
          [
            110.632542,
            -6.8890896
          ]
        ]
      }
    },
    {
      "type": "Feature",
      "properties": {
        "id": 329248376,
        "name": "Jalan Sultan Hadiwijaya",
        "type": "secondary",
        "kecamatan": "Demak"
      },
      "geometry": {
        "type": "LineString",
        "coordinates": [
          [
            110.6323671,
            -6.889058
          ],
          [
            110.6322465,
            -6.8890826
          ],
          [
            110.6320882,
            -6.8891325
          ],
          [
            110.6319326,
            -6.8891911
          ],
          [
            110.6317261,
            -6.889287
          ],
          [
            110.6313968,
            -6.8894328
          ],
          [
            110.6312057,
            -6.8895293
          ],
          [
            110.6310877,
            -6.8895959
          ],
          [
            110.6309965,
            -6.8896631
          ],
          [
            110.6308463,
            -6.8897749
          ],
          [
            110.6307149,
            -6.8899127
          ],
          [
            110.6306224,
            -6.89002
          ],
          [
            110.6304762,
            -6.8902216
          ],
          [
            110.6303139,
            -6.8904507
          ],
          [
            110.6301121,
            -6.8906982
          ],
          [
            110.6300416,
            -6.8908015
          ],
          [
            110.6298954,
            -6.8910085
          ],
          [
            110.6297225,
            -6.8912695
          ],
          [
            110.6296295,
            -6.8914277
          ],
          [
            110.629581,
            -6.8915044
          ],
          [
            110.6293543,
            -6.8919138
          ],
          [
            110.6291739,
            -6.8922534
          ],
          [
            110.628995,
            -6.8925919
          ],
          [
            110.6289004,
            -6.89278
          ],
          [
            110.6288608,
            -6.892863
          ],
          [
            110.6288202,
            -6.8929215
          ],
          [
            110.6287584,
            -6.8930173
          ],
          [
            110.6286634,
            -6.8933173
          ],
          [
            110.6285732,
            -6.8935414
          ],
          [
            110.6285473,
            -6.8936104
          ],
          [
            110.6284248,
            -6.8939592
          ],
          [
            110.6283291,
            -6.8943557
          ],
          [
            110.628234,
            -6.8947085
          ],
          [
            110.6281928,
            -6.8948485
          ],
          [
            110.628148,
            -6.8949854
          ],
          [
            110.6280803,
            -6.8952306
          ],
          [
            110.6280072,
            -6.8955193
          ],
          [
            110.627971,
            -6.8956458
          ],
          [
            110.6279241,
            -6.8958121
          ],
          [
            110.6279195,
            -6.8958355
          ],
          [
            110.6278825,
            -6.8960412
          ],
          [
            110.6278317,
            -6.8962929
          ],
          [
            110.6277966,
            -6.8965205
          ],
          [
            110.6277554,
            -6.8967874
          ],
          [
            110.6277215,
            -6.8970038
          ],
          [
            110.6277068,
            -6.897109
          ],
          [
            110.6276972,
            -6.897259
          ],
          [
            110.6277028,
            -6.8974672
          ],
          [
            110.6277076,
            -6.8975594
          ],
          [
            110.6277133,
            -6.8977986
          ],
          [
            110.6277173,
            -6.8978365
          ],
          [
            110.6277296,
            -6.89829
          ],
          [
            110.6277484,
            -6.8987505
          ],
          [
            110.6277506,
            -6.898774
          ],
          [
            110.6277698,
            -6.8990249
          ],
          [
            110.6277685,
            -6.8991474
          ],
          [
            110.6277872,
            -6.8993005
          ],
          [
            110.6278168,
            -6.8994576
          ],
          [
            110.6278463,
            -6.8995574
          ],
          [
            110.6278853,
            -6.899673
          ],
          [
            110.6279974,
            -6.8999755
          ],
          [
            110.6281735,
            -6.900347
          ],
          [
            110.6283342,
            -6.9007323
          ],
          [
            110.628465,
            -6.9010457
          ],
          [
            110.6285903,
            -6.9013304
          ],
          [
            110.628642,
            -6.9014365
          ],
          [
            110.6287059,
            -6.9015678
          ],
          [
            110.6287354,
            -6.901665
          ],
          [
            110.6287592,
            -6.9018014
          ],
          [
            110.6287796,
            -6.9021385
          ],
          [
            110.6287792,
            -6.9022274
          ],
          [
            110.6287833,
            -6.9022843
          ]
        ]
      }
    },
    {
      "type": "Feature",
      "properties": {
        "id": 329248848,
        "name": "Jalan Sultan Fattah",
        "type": "secondary",
        "kecamatan": "Demak"
      },
      "geometry": {
        "type": "LineString",
        "coordinates": [
          [
            110.6413452,
            -6.8904241
          ],
          [
            110.6415745,
            -6.8901391
          ],
          [
            110.6417364,
            -6.8899429
          ],
          [
            110.6418958,
            -6.8897888
          ],
          [
            110.6419748,
            -6.8897117
          ],
          [
            110.6420285,
            -6.8896684
          ],
          [
            110.6420996,
            -6.8896059
          ],
          [
            110.6421525,
            -6.8895636
          ],
          [
            110.642227,
            -6.8895034
          ],
          [
            110.6424596,
            -6.8893482
          ],
          [
            110.6427353,
            -6.8891866
          ],
          [
            110.6427638,
            -6.8891683
          ],
          [
            110.6428083,
            -6.8891468
          ]
        ]
      }
    },
    {
      "type": "Feature",
      "properties": {
        "id": 417224774,
        "name": "",
        "type": "tertiary",
        "kecamatan": "Sayung"
      },
      "geometry": {
        "type": "LineString",
        "coordinates": [
          [
            110.5373955,
            -6.973195
          ],
          [
            110.5375093,
            -6.9732388
          ]
        ]
      }
    },
    {
      "type": "Feature",
      "properties": {
        "id": 417224777,
        "name": "",
        "type": "tertiary",
        "kecamatan": "Sayung"
      },
      "geometry": {
        "type": "LineString",
        "coordinates": [
          [
            110.5412009,
            -6.9751365
          ],
          [
            110.5412297,
            -6.9751565
          ],
          [
            110.5416253,
            -6.9753608
          ],
          [
            110.541797,
            -6.9754354
          ],
          [
            110.5419767,
            -6.9755113
          ],
          [
            110.5423214,
            -6.975671
          ],
          [
            110.5424877,
            -6.9757416
          ],
          [
            110.5427143,
            -6.9758267
          ],
          [
            110.5430737,
            -6.9760198
          ],
          [
            110.5433473,
            -6.9761562
          ],
          [
            110.5436444,
            -6.9763013
          ],
          [
            110.5439964,
            -6.9764804
          ],
          [
            110.5444859,
            -6.9767393
          ],
          [
            110.5447333,
            -6.9768731
          ],
          [
            110.5450143,
            -6.9770208
          ],
          [
            110.5451853,
            -6.9771107
          ],
          [
            110.5453382,
            -6.9771932
          ],
          [
            110.5456218,
            -6.9773363
          ],
          [
            110.5459794,
            -6.9775207
          ],
          [
            110.5460402,
            -6.977552
          ],
          [
            110.5475074,
            -6.9782908
          ],
          [
            110.5485233,
            -6.9787773
          ],
          [
            110.5492495,
            -6.9790895
          ],
          [
            110.5495808,
            -6.9792186
          ],
          [
            110.5502057,
            -6.9794649
          ],
          [
            110.5503727,
            -6.9795334
          ],
          [
            110.5506644,
            -6.9796539
          ],
          [
            110.5511559,
            -6.9798709
          ],
          [
            110.5515354,
            -6.9800406
          ],
          [
            110.5518288,
            -6.9802171
          ],
          [
            110.5518495,
            -6.9802326
          ]
        ]
      }
    },
    {
      "type": "Feature",
      "properties": {
        "id": 417224783,
        "name": "",
        "type": "tertiary",
        "kecamatan": "Guntur"
      },
      "geometry": {
        "type": "LineString",
        "coordinates": [
          [
            110.5518495,
            -6.9802326
          ],
          [
            110.5520571,
            -6.9803272
          ]
        ]
      }
    },
    {
      "type": "Feature",
      "properties": {
        "id": 417224786,
        "name": "Jl. Ki Godek",
        "type": "tertiary",
        "kecamatan": "Guntur"
      },
      "geometry": {
        "type": "LineString",
        "coordinates": [
          [
            110.5575959,
            -6.9831229
          ],
          [
            110.5582704,
            -6.9834397
          ],
          [
            110.5585125,
            -6.9835535
          ],
          [
            110.5590355,
            -6.9837931
          ],
          [
            110.5592991,
            -6.9839176
          ],
          [
            110.5601352,
            -6.9842989
          ],
          [
            110.5606992,
            -6.9845519
          ],
          [
            110.5613208,
            -6.9847968
          ],
          [
            110.5621844,
            -6.9851402
          ],
          [
            110.5623937,
            -6.9852214
          ],
          [
            110.5629113,
            -6.985473
          ],
          [
            110.5632667,
            -6.9856155
          ],
          [
            110.5634303,
            -6.9856833
          ],
          [
            110.5635899,
            -6.9857299
          ],
          [
            110.5639788,
            -6.9858551
          ],
          [
            110.5641934,
            -6.9859349
          ],
          [
            110.564298,
            -6.9859935
          ],
          [
            110.564573,
            -6.9861359
          ],
          [
            110.564691,
            -6.9861918
          ],
          [
            110.5651885,
            -6.9864314
          ],
          [
            110.5653897,
            -6.986522
          ],
          [
            110.5655318,
            -6.9866031
          ],
          [
            110.5657196,
            -6.9867416
          ],
          [
            110.5658215,
            -6.9868161
          ],
          [
            110.5659717,
            -6.9869412
          ],
          [
            110.5661112,
            -6.9870704
          ],
          [
            110.5664912,
            -6.987446
          ],
          [
            110.5667389,
            -6.987688
          ],
          [
            110.5672485,
            -6.9882138
          ],
          [
            110.5673262,
            -6.9882977
          ],
          [
            110.567581,
            -6.9885719
          ],
          [
            110.5676937,
            -6.9886877
          ],
          [
            110.5681128,
            -6.9891596
          ],
          [
            110.568314,
            -6.989362
          ],
          [
            110.5684883,
            -6.9895457
          ],
          [
            110.568544,
            -6.9896049
          ],
          [
            110.5690201,
            -6.9901507
          ],
          [
            110.5692554,
            -6.9903776
          ],
          [
            110.569421,
            -6.9905553
          ],
          [
            110.5696075,
            -6.990739
          ],
          [
            110.5697174,
            -6.9907629
          ],
          [
            110.5697617,
            -6.9907761
          ]
        ]
      }
    },
    {
      "type": "Feature",
      "properties": {
        "id": 417265443,
        "name": "",
        "type": "tertiary",
        "kecamatan": "Guntur"
      },
      "geometry": {
        "type": "LineString",
        "coordinates": [
          [
            110.5697617,
            -6.9907761
          ],
          [
            110.5698962,
            -6.9908743
          ]
        ]
      }
    },
    {
      "type": "Feature",
      "properties": {
        "id": 417265447,
        "name": "",
        "type": "tertiary",
        "kecamatan": "Guntur"
      },
      "geometry": {
        "type": "LineString",
        "coordinates": [
          [
            110.5837115,
            -6.9963666
          ],
          [
            110.5837286,
            -6.9963713
          ],
          [
            110.5838831,
            -6.9964323
          ],
          [
            110.5851847,
            -6.9969684
          ],
          [
            110.5854042,
            -6.9970591
          ],
          [
            110.5854298,
            -6.9970697
          ],
          [
            110.5858805,
            -6.9971442
          ],
          [
            110.5863055,
            -6.9971541
          ],
          [
            110.586728,
            -6.9972401
          ],
          [
            110.5870059,
            -6.9973374
          ],
          [
            110.5875273,
            -6.9975169
          ],
          [
            110.5879967,
            -6.9977406
          ],
          [
            110.589279,
            -6.9984792
          ],
          [
            110.5894924,
            -6.9985901
          ],
          [
            110.5906779,
            -6.9992863
          ],
          [
            110.5914504,
            -6.9997348
          ],
          [
            110.5926773,
            -7.000447
          ],
          [
            110.5938788,
            -7.0012041
          ],
          [
            110.595671,
            -7.0023301
          ],
          [
            110.5956812,
            -7.0023356
          ],
          [
            110.5960527,
            -7.0025832
          ],
          [
            110.5963142,
            -7.0027509
          ],
          [
            110.5968882,
            -7.0030193
          ],
          [
            110.5973493,
            -7.0032498
          ],
          [
            110.5975159,
            -7.0033472
          ],
          [
            110.5979504,
            -7.0036197
          ],
          [
            110.5982347,
            -7.0037944
          ],
          [
            110.598975,
            -7.0042097
          ],
          [
            110.5991903,
            -7.0043269
          ],
          [
            110.5994613,
            -7.0044401
          ],
          [
            110.5997046,
            -7.0045399
          ],
          [
            110.5999801,
            -7.004649
          ],
          [
            110.6000372,
            -7.0046783
          ],
          [
            110.6003877,
            -7.0048812
          ],
          [
            110.6008096,
            -7.0051255
          ],
          [
            110.6014173,
            -7.0054411
          ],
          [
            110.6014902,
            -7.0054785
          ]
        ]
      }
    },
    {
      "type": "Feature",
      "properties": {
        "id": 417265453,
        "name": "",
        "type": "secondary",
        "kecamatan": "Karangawen"
      },
      "geometry": {
        "type": "LineString",
        "coordinates": [
          [
            110.5435154,
            -7.0669301
          ],
          [
            110.5435338,
            -7.0672151
          ],
          [
            110.5435643,
            -7.067483
          ],
          [
            110.5437832,
            -7.0685551
          ],
          [
            110.5438625,
            -7.0689877
          ],
          [
            110.5439369,
            -7.0693321
          ],
          [
            110.5440169,
            -7.0697095
          ],
          [
            110.5441306,
            -7.0703981
          ],
          [
            110.5441776,
            -7.0708505
          ],
          [
            110.5442172,
            -7.0712706
          ],
          [
            110.5443274,
            -7.0722375
          ],
          [
            110.5443689,
            -7.0728514
          ],
          [
            110.5444008,
            -7.0735951
          ],
          [
            110.5444139,
            -7.0739737
          ],
          [
            110.5444197,
            -7.0743525
          ],
          [
            110.5444173,
            -7.0746959
          ],
          [
            110.544413,
            -7.0750107
          ],
          [
            110.5443457,
            -7.0754497
          ],
          [
            110.5442848,
            -7.0757213
          ],
          [
            110.5440782,
            -7.0764662
          ],
          [
            110.5439202,
            -7.0770189
          ],
          [
            110.5438422,
            -7.0774114
          ],
          [
            110.54382,
            -7.0777999
          ],
          [
            110.5437878,
            -7.0779959
          ],
          [
            110.5437674,
            -7.0781086
          ],
          [
            110.5437342,
            -7.0783306
          ],
          [
            110.5436958,
            -7.0785658
          ],
          [
            110.543645,
            -7.0788857
          ],
          [
            110.5435959,
            -7.0793687
          ],
          [
            110.5435879,
            -7.0795524
          ],
          [
            110.543671,
            -7.0798425
          ],
          [
            110.5437215,
            -7.0800702
          ],
          [
            110.5437836,
            -7.0802099
          ],
          [
            110.5438641,
            -7.080311
          ],
          [
            110.544025,
            -7.0803962
          ],
          [
            110.5444501,
            -7.0805389
          ],
          [
            110.544571,
            -7.080578
          ],
          [
            110.5449363,
            -7.0806962
          ],
          [
            110.5452688,
            -7.0808038
          ],
          [
            110.5455118,
            -7.0808824
          ],
          [
            110.5457363,
            -7.0809551
          ],
          [
            110.545864,
            -7.0810024
          ],
          [
            110.5460957,
            -7.0810882
          ],
          [
            110.5462816,
            -7.0811056
          ],
          [
            110.5465656,
            -7.0810979
          ],
          [
            110.5466952,
            -7.0811095
          ],
          [
            110.5469122,
            -7.0811216
          ],
          [
            110.5474771,
            -7.081208
          ],
          [
            110.5475732,
            -7.0812266
          ],
          [
            110.5480966,
            -7.0813278
          ],
          [
            110.5483208,
            -7.0813726
          ],
          [
            110.5485701,
            -7.0814225
          ],
          [
            110.5487886,
            -7.0814662
          ],
          [
            110.5499107,
            -7.0817821
          ],
          [
            110.5506232,
            -7.0819826
          ],
          [
            110.5518732,
            -7.0823499
          ],
          [
            110.552415,
            -7.0825469
          ],
          [
            110.5547699,
            -7.0838937
          ],
          [
            110.5554037,
            -7.0842855
          ],
          [
            110.5554244,
            -7.0842983
          ],
          [
            110.5558536,
            -7.0846339
          ],
          [
            110.5561352,
            -7.084824
          ],
          [
            110.5562092,
            -7.08486
          ],
          [
            110.5563095,
            -7.0848998
          ],
          [
            110.556533,
            -7.0849771
          ],
          [
            110.5566926,
            -7.0850437
          ],
          [
            110.5568554,
            -7.0851288
          ],
          [
            110.5570132,
            -7.0852179
          ],
          [
            110.5572592,
            -7.0853797
          ],
          [
            110.5576622,
            -7.0857011
          ],
          [
            110.5577736,
            -7.0857663
          ],
          [
            110.5579104,
            -7.0858289
          ],
          [
            110.5580378,
            -7.0858634
          ],
          [
            110.5583393,
            -7.0859398
          ],
          [
            110.5584078,
            -7.0856172
          ],
          [
            110.558471,
            -7.0852753
          ],
          [
            110.5585147,
            -7.0849299
          ],
          [
            110.5585903,
            -7.084595
          ],
          [
            110.5586487,
            -7.0843094
          ],
          [
            110.5586741,
            -7.0838314
          ],
          [
            110.5587257,
            -7.0832893
          ],
          [
            110.5587352,
            -7.0832488
          ],
          [
            110.5587455,
            -7.083205
          ],
          [
            110.5588719,
            -7.0824392
          ],
          [
            110.5590704,
            -7.0817218
          ],
          [
            110.5592362,
            -7.0811556
          ],
          [
            110.5595974,
            -7.0800633
          ],
          [
            110.5597338,
            -7.0796466
          ],
          [
            110.5600437,
            -7.0786811
          ],
          [
            110.5601943,
            -7.0782145
          ],
          [
            110.5602794,
            -7.0779522
          ],
          [
            110.5604372,
            -7.077462
          ],
          [
            110.5608482,
            -7.0761891
          ],
          [
            110.5610219,
            -7.0758477
          ],
          [
            110.5611787,
            -7.0756148
          ],
          [
            110.5615032,
            -7.075275
          ],
          [
            110.5616105,
            -7.0751473
          ],
          [
            110.5617405,
            -7.074909
          ],
          [
            110.5618706,
            -7.0746415
          ],
          [
            110.5619685,
            -7.0744432
          ],
          [
            110.562234,
            -7.07392
          ],
          [
            110.5623341,
            -7.0737007
          ],
          [
            110.5624592,
            -7.0734264
          ],
          [
            110.5626132,
            -7.0730551
          ],
          [
            110.5626672,
            -7.0729247
          ],
          [
            110.5627975,
            -7.0726458
          ],
          [
            110.5628027,
            -7.0726345
          ],
          [
            110.562886,
            -7.0724733
          ],
          [
            110.5629408,
            -7.072367
          ],
          [
            110.5631613,
            -7.0719481
          ],
          [
            110.5632752,
            -7.0717502
          ],
          [
            110.5633428,
            -7.0716328
          ],
          [
            110.5636166,
            -7.071157
          ],
          [
            110.5637172,
            -7.0709984
          ],
          [
            110.5640855,
            -7.0704178
          ],
          [
            110.5641033,
            -7.0703868
          ],
          [
            110.5643523,
            -7.0699534
          ],
          [
            110.5644636,
            -7.0697775
          ],
          [
            110.5644784,
            -7.0697566
          ],
          [
            110.5644911,
            -7.0697386
          ],
          [
            110.5645865,
            -7.0696036
          ],
          [
            110.5646492,
            -7.0695212
          ],
          [
            110.56471,
            -7.0694619
          ],
          [
            110.5647882,
            -7.0694034
          ],
          [
            110.5648847,
            -7.0693594
          ],
          [
            110.5650189,
            -7.0693163
          ],
          [
            110.5651955,
            -7.0692626
          ],
          [
            110.5653789,
            -7.0691831
          ],
          [
            110.5655083,
            -7.0691075
          ],
          [
            110.565597,
            -7.0690251
          ],
          [
            110.5656347,
            -7.0689724
          ],
          [
            110.5656916,
            -7.0688632
          ],
          [
            110.5657322,
            -7.0687483
          ],
          [
            110.5657535,
            -7.068658
          ],
          [
            110.5657895,
            -7.0685059
          ],
          [
            110.5658054,
            -7.0684382
          ],
          [
            110.5659418,
            -7.0678829
          ],
          [
            110.5659503,
            -7.0678486
          ],
          [
            110.5659524,
            -7.0678357
          ],
          [
            110.5659878,
            -7.0676183
          ],
          [
            110.5660086,
            -7.0674154
          ],
          [
            110.5660321,
            -7.0671725
          ],
          [
            110.5661005,
            -7.0669276
          ],
          [
            110.5662172,
            -7.0666734
          ],
          [
            110.5665081,
            -7.0663566
          ],
          [
            110.5667688,
            -7.0660813
          ],
          [
            110.5668793,
            -7.0658874
          ],
          [
            110.5669861,
            -7.0658105
          ],
          [
            110.5670853,
            -7.0656972
          ],
          [
            110.5674375,
            -7.0653078
          ],
          [
            110.5674644,
            -7.0652813
          ],
          [
            110.5675576,
            -7.0651961
          ],
          [
            110.5676796,
            -7.0650324
          ],
          [
            110.567707,
            -7.064986
          ],
          [
            110.5677929,
            -7.0648405
          ],
          [
            110.5680217,
            -7.0643021
          ],
          [
            110.5680976,
            -7.0641234
          ],
          [
            110.5681704,
            -7.0639521
          ],
          [
            110.5682408,
            -7.0637864
          ],
          [
            110.5683719,
            -7.0635478
          ],
          [
            110.5684459,
            -7.0634131
          ],
          [
            110.5684675,
            -7.0633737
          ],
          [
            110.5685611,
            -7.063245
          ],
          [
            110.5685872,
            -7.0632091
          ],
          [
            110.568661,
            -7.0631178
          ],
          [
            110.5688446,
            -7.0629367
          ],
          [
            110.5688765,
            -7.0629053
          ],
          [
            110.5691363,
            -7.0627591
          ],
          [
            110.5692804,
            -7.062677
          ],
          [
            110.569337,
            -7.0626447
          ],
          [
            110.569414,
            -7.0625984
          ],
          [
            110.5695123,
            -7.0625393
          ],
          [
            110.5695801,
            -7.0624949
          ],
          [
            110.5696866,
            -7.062416
          ],
          [
            110.5697909,
            -7.0622822
          ],
          [
            110.569933,
            -7.0620381
          ],
          [
            110.569962,
            -7.0619947
          ],
          [
            110.57,
            -7.0619208
          ],
          [
            110.5701063,
            -7.0617624
          ],
          [
            110.5701281,
            -7.0617355
          ],
          [
            110.5702083,
            -7.061638
          ],
          [
            110.5702956,
            -7.0615457
          ],
          [
            110.5703834,
            -7.0614528
          ],
          [
            110.5704331,
            -7.0614072
          ],
          [
            110.5705004,
            -7.0613461
          ],
          [
            110.5709132,
            -7.0609549
          ],
          [
            110.5710183,
            -7.0608553
          ],
          [
            110.5711124,
            -7.0607664
          ],
          [
            110.5713108,
            -7.060579
          ],
          [
            110.5715395,
            -7.0603808
          ],
          [
            110.5715669,
            -7.0603457
          ],
          [
            110.5719365,
            -7.0600414
          ],
          [
            110.5719747,
            -7.0600124
          ],
          [
            110.5720273,
            -7.0599558
          ],
          [
            110.5721118,
            -7.0598648
          ],
          [
            110.5721595,
            -7.0598023
          ],
          [
            110.5722111,
            -7.0597348
          ],
          [
            110.5723416,
            -7.0595293
          ],
          [
            110.5724223,
            -7.0592924
          ],
          [
            110.5724525,
            -7.0590931
          ],
          [
            110.5725418,
            -7.0587782
          ],
          [
            110.5726519,
            -7.0583941
          ],
          [
            110.57267,
            -7.0583004
          ],
          [
            110.5728313,
            -7.0578399
          ],
          [
            110.5728692,
            -7.0577056
          ],
          [
            110.572909,
            -7.0575649
          ],
          [
            110.572932,
            -7.0574457
          ],
          [
            110.5729613,
            -7.0573424
          ],
          [
            110.5729962,
            -7.0569934
          ],
          [
            110.5730004,
            -7.0569738
          ],
          [
            110.573094,
            -7.0565116
          ],
          [
            110.5731007,
            -7.056485
          ],
          [
            110.5731582,
            -7.0563069
          ],
          [
            110.5732762,
            -7.0559375
          ],
          [
            110.5732915,
            -7.0559062
          ],
          [
            110.5733176,
            -7.0558609
          ],
          [
            110.5733545,
            -7.0558057
          ],
          [
            110.5733887,
            -7.0557584
          ],
          [
            110.5734256,
            -7.0557105
          ],
          [
            110.573444,
            -7.0556885
          ],
          [
            110.5734607,
            -7.0556703
          ],
          [
            110.5734731,
            -7.0556586
          ],
          [
            110.5735221,
            -7.0556247
          ],
          [
            110.5735791,
            -7.0555887
          ],
          [
            110.5737094,
            -7.0555137
          ],
          [
            110.5737662,
            -7.0554862
          ],
          [
            110.5738205,
            -7.0554663
          ],
          [
            110.5738648,
            -7.055447
          ],
          [
            110.5738826,
            -7.0554367
          ],
          [
            110.573895,
            -7.055427
          ],
          [
            110.5739727,
            -7.0553785
          ],
          [
            110.5739736,
            -7.0552934
          ],
          [
            110.5741856,
            -7.0548524
          ],
          [
            110.5744631,
            -7.0542752
          ],
          [
            110.5745575,
            -7.0540521
          ],
          [
            110.5746174,
            -7.0538693
          ],
          [
            110.5747474,
            -7.0534514
          ],
          [
            110.5748186,
            -7.0532446
          ],
          [
            110.5748847,
            -7.0531032
          ],
          [
            110.5749439,
            -7.0529863
          ],
          [
            110.5752008,
            -7.0526927
          ],
          [
            110.5754676,
            -7.0523893
          ],
          [
            110.575515,
            -7.0523259
          ],
          [
            110.5755633,
            -7.05225
          ],
          [
            110.5756352,
            -7.0521311
          ],
          [
            110.5757122,
            -7.0519705
          ],
          [
            110.5757491,
            -7.0518887
          ],
          [
            110.5757738,
            -7.051821
          ],
          [
            110.5758927,
            -7.0512495
          ],
          [
            110.5759053,
            -7.0511879
          ],
          [
            110.5759196,
            -7.0511245
          ],
          [
            110.5759846,
            -7.0508145
          ],
          [
            110.5760229,
            -7.0506524
          ],
          [
            110.5760875,
            -7.0503919
          ],
          [
            110.5762267,
            -7.0499549
          ],
          [
            110.5762926,
            -7.0497403
          ],
          [
            110.5764081,
            -7.0493076
          ],
          [
            110.576437,
            -7.0492103
          ],
          [
            110.5765801,
            -7.0486453
          ],
          [
            110.5766107,
            -7.0485539
          ],
          [
            110.5766375,
            -7.0484807
          ],
          [
            110.5770108,
            -7.0474783
          ],
          [
            110.577324,
            -7.0465962
          ],
          [
            110.5773341,
            -7.0465659
          ],
          [
            110.5773526,
            -7.0465077
          ],
          [
            110.5773663,
            -7.0464638
          ],
          [
            110.5774138,
            -7.0463211
          ],
          [
            110.5776307,
            -7.0455868
          ],
          [
            110.5776402,
            -7.045558
          ],
          [
            110.5778799,
            -7.0448641
          ]
        ]
      }
    },
    {
      "type": "Feature",
      "properties": {
        "id": 417265469,
        "name": "",
        "type": "secondary",
        "kecamatan": "Guntur"
      },
      "geometry": {
        "type": "LineString",
        "coordinates": [
          [
            110.6152298,
            -6.9767023
          ],
          [
            110.6152593,
            -6.9766132
          ]
        ]
      }
    },
    {
      "type": "Feature",
      "properties": {
        "id": 417265472,
        "name": "",
        "type": "secondary",
        "kecamatan": "Guntur"
      },
      "geometry": {
        "type": "LineString",
        "coordinates": [
          [
            110.6152593,
            -6.9766132
          ],
          [
            110.615268,
            -6.976583
          ],
          [
            110.6152815,
            -6.9765359
          ],
          [
            110.6152952,
            -6.9764834
          ],
          [
            110.6152996,
            -6.9764311
          ],
          [
            110.6152909,
            -6.9763852
          ],
          [
            110.615262,
            -6.9763053
          ],
          [
            110.6152124,
            -6.9762254
          ],
          [
            110.6148376,
            -6.9757554
          ],
          [
            110.6146901,
            -6.9754838
          ],
          [
            110.6146096,
            -6.9752735
          ],
          [
            110.6145979,
            -6.9751347
          ],
          [
            110.6145881,
            -6.9750179
          ],
          [
            110.6146109,
            -6.9747272
          ],
          [
            110.6146632,
            -6.9744428
          ],
          [
            110.6147262,
            -6.9742271
          ],
          [
            110.61482,
            -6.974049
          ],
          [
            110.6149724,
            -6.9738824
          ],
          [
            110.6150655,
            -6.9737568
          ],
          [
            110.6151608,
            -6.9735829
          ],
          [
            110.6152642,
            -6.9733293
          ],
          [
            110.6153968,
            -6.9729486
          ],
          [
            110.6155946,
            -6.9723759
          ],
          [
            110.6157408,
            -6.9712746
          ],
          [
            110.6157415,
            -6.9711923
          ],
          [
            110.6157334,
            -6.9710849
          ],
          [
            110.6157013,
            -6.970792
          ],
          [
            110.6156455,
            -6.970486
          ],
          [
            110.6156382,
            -6.970436
          ],
          [
            110.6155484,
            -6.9697756
          ],
          [
            110.615507,
            -6.9694386
          ],
          [
            110.6154391,
            -6.9691242
          ],
          [
            110.6153928,
            -6.9689796
          ],
          [
            110.6152339,
            -6.9684618
          ],
          [
            110.6147598,
            -6.967202
          ],
          [
            110.6147169,
            -6.9671314
          ],
          [
            110.6146458,
            -6.9670582
          ],
          [
            110.6143373,
            -6.9668479
          ],
          [
            110.6141992,
            -6.9667241
          ],
          [
            110.6141053,
            -6.9665564
          ],
          [
            110.6140517,
            -6.9664246
          ],
          [
            110.6140235,
            -6.9661876
          ],
          [
            110.6140409,
            -6.9658695
          ],
          [
            110.6140745,
            -6.9655966
          ],
          [
            110.6140597,
            -6.9653503
          ],
          [
            110.6140351,
            -6.9651866
          ],
          [
            110.6139967,
            -6.9649309
          ],
          [
            110.613935,
            -6.9647046
          ],
          [
            110.6137875,
            -6.9643785
          ],
          [
            110.6136399,
            -6.964087
          ],
          [
            110.6135327,
            -6.9638314
          ],
          [
            110.6134608,
            -6.9636249
          ],
          [
            110.6133892,
            -6.9633402
          ],
          [
            110.6133168,
            -6.9631449
          ],
          [
            110.6132531,
            -6.9629519
          ],
          [
            110.6131934,
            -6.9627016
          ],
          [
            110.6131444,
            -6.9624523
          ],
          [
            110.6130738,
            -6.9620662
          ],
          [
            110.6129693,
            -6.9614913
          ],
          [
            110.6129332,
            -6.9612103
          ],
          [
            110.6128581,
            -6.9606889
          ],
          [
            110.6127991,
            -6.9601804
          ],
          [
            110.6127736,
            -6.9600254
          ],
          [
            110.612732,
            -6.9598555
          ],
          [
            110.6125014,
            -6.9592458
          ],
          [
            110.6124493,
            -6.9591278
          ],
          [
            110.6122801,
            -6.9587448
          ],
          [
            110.612083,
            -6.9582102
          ],
          [
            110.6120145,
            -6.9580073
          ],
          [
            110.6118364,
            -6.9573929
          ],
          [
            110.61158,
            -6.9567639
          ],
          [
            110.6114942,
            -6.9564923
          ],
          [
            110.6114647,
            -6.9563384
          ],
          [
            110.6114633,
            -6.9561995
          ],
          [
            110.6114707,
            -6.956079
          ],
          [
            110.6114808,
            -6.9560158
          ],
          [
            110.6115478,
            -6.9557668
          ],
          [
            110.6116309,
            -6.9554709
          ],
          [
            110.6117088,
            -6.9551843
          ],
          [
            110.6117925,
            -6.9548181
          ],
          [
            110.6118416,
            -6.9541392
          ],
          [
            110.6118508,
            -6.9540006
          ],
          [
            110.6118179,
            -6.952872
          ],
          [
            110.6118167,
            -6.9528309
          ],
          [
            110.6118147,
            -6.9522755
          ],
          [
            110.6118214,
            -6.952049
          ],
          [
            110.6118315,
            -6.951981
          ],
          [
            110.6120557,
            -6.9511923
          ],
          [
            110.6121056,
            -6.9509317
          ],
          [
            110.6121661,
            -6.9506423
          ],
          [
            110.6122192,
            -6.9503653
          ],
          [
            110.6122872,
            -6.9499513
          ],
          [
            110.6123283,
            -6.9497041
          ],
          [
            110.6123643,
            -6.9494889
          ],
          [
            110.6124377,
            -6.9489636
          ],
          [
            110.6124532,
            -6.9488778
          ],
          [
            110.6124796,
            -6.9487033
          ],
          [
            110.6126349,
            -6.947762
          ],
          [
            110.6127499,
            -6.9472239
          ],
          [
            110.6128556,
            -6.9464916
          ],
          [
            110.6128586,
            -6.9463056
          ],
          [
            110.6128437,
            -6.9462009
          ],
          [
            110.6128009,
            -6.9461221
          ],
          [
            110.6127574,
            -6.946068
          ],
          [
            110.612669,
            -6.9459955
          ],
          [
            110.61261,
            -6.9459542
          ],
          [
            110.6125416,
            -6.9459169
          ],
          [
            110.6123391,
            -6.9458187
          ],
          [
            110.6121174,
            -6.9457061
          ],
          [
            110.6120735,
            -6.9456533
          ],
          [
            110.6120049,
            -6.9455794
          ],
          [
            110.6116823,
            -6.9451735
          ],
          [
            110.6111804,
            -6.9446762
          ],
          [
            110.6108947,
            -6.9443394
          ],
          [
            110.6107836,
            -6.9441216
          ],
          [
            110.6106651,
            -6.9439126
          ],
          [
            110.6105794,
            -6.9437349
          ],
          [
            110.6105559,
            -6.9436503
          ],
          [
            110.6106825,
            -6.9435124
          ],
          [
            110.6108934,
            -6.9433347
          ],
          [
            110.6109288,
            -6.9433018
          ],
          [
            110.6111732,
            -6.943037
          ],
          [
            110.6112755,
            -6.9429261
          ],
          [
            110.6114876,
            -6.9426521
          ],
          [
            110.6115329,
            -6.9425791
          ]
        ]
      }
    },
    {
      "type": "Feature",
      "properties": {
        "id": 417265482,
        "name": "",
        "type": "secondary",
        "kecamatan": "Karangtengah"
      },
      "geometry": {
        "type": "LineString",
        "coordinates": [
          [
            110.6115329,
            -6.9425791
          ],
          [
            110.6118272,
            -6.9421347
          ]
        ]
      }
    },
    {
      "type": "Feature",
      "properties": {
        "id": 417265485,
        "name": "",
        "type": "secondary",
        "kecamatan": "Karangtengah"
      },
      "geometry": {
        "type": "LineString",
        "coordinates": [
          [
            110.6118272,
            -6.9421347
          ],
          [
            110.6118607,
            -6.9420754
          ],
          [
            110.6118674,
            -6.9420154
          ],
          [
            110.6118555,
            -6.9419771
          ],
          [
            110.6118286,
            -6.9419475
          ],
          [
            110.6117752,
            -6.9418918
          ],
          [
            110.6117068,
            -6.9418379
          ],
          [
            110.6116159,
            -6.9417296
          ],
          [
            110.6115257,
            -6.9416475
          ],
          [
            110.6113587,
            -6.9414705
          ],
          [
            110.6111294,
            -6.9411723
          ],
          [
            110.6110496,
            -6.9410715
          ],
          [
            110.6109388,
            -6.9409387
          ],
          [
            110.6107029,
            -6.9406557
          ],
          [
            110.6104508,
            -6.9403362
          ],
          [
            110.6100485,
            -6.9398676
          ],
          [
            110.6097497,
            -6.9395046
          ],
          [
            110.6095013,
            -6.9392366
          ],
          [
            110.6093055,
            -6.9390183
          ],
          [
            110.6086591,
            -6.9384538
          ],
          [
            110.6084257,
            -6.9382408
          ],
          [
            110.6082753,
            -6.9381284
          ],
          [
            110.6082299,
            -6.9380944
          ],
          [
            110.6081414,
            -6.9380305
          ],
          [
            110.6079953,
            -6.9379484
          ],
          [
            110.6075835,
            -6.9378068
          ],
          [
            110.6072282,
            -6.9376715
          ],
          [
            110.6066313,
            -6.9374101
          ],
          [
            110.6064114,
            -6.9373129
          ],
          [
            110.6061217,
            -6.9371784
          ],
          [
            110.6059045,
            -6.9370826
          ],
          [
            110.6053573,
            -6.936843
          ],
          [
            110.6048825,
            -6.9366406
          ],
          [
            110.6045848,
            -6.9365261
          ],
          [
            110.6040859,
            -6.9363158
          ],
          [
            110.6038499,
            -6.9362252
          ],
          [
            110.6034958,
            -6.9361001
          ],
          [
            110.6030694,
            -6.9359856
          ],
          [
            110.6027073,
            -6.9358897
          ],
          [
            110.6022593,
            -6.9358019
          ],
          [
            110.6017977,
            -6.9356847
          ],
          [
            110.6014627,
            -6.9356032
          ],
          [
            110.6011552,
            -6.9354856
          ],
          [
            110.6007781,
            -6.9353374
          ],
          [
            110.6003255,
            -6.9351682
          ],
          [
            110.5999414,
            -6.9349982
          ],
          [
            110.5996978,
            -6.9348939
          ],
          [
            110.5994484,
            -6.9348061
          ],
          [
            110.5993658,
            -6.9347747
          ],
          [
            110.5991501,
            -6.9346928
          ],
          [
            110.5989245,
            -6.9346071
          ],
          [
            110.5986002,
            -6.9344839
          ],
          [
            110.5983486,
            -6.9343883
          ],
          [
            110.5983232,
            -6.9343694
          ],
          [
            110.5982991,
            -6.9343379
          ],
          [
            110.598273,
            -6.9342961
          ],
          [
            110.5982763,
            -6.9342494
          ],
          [
            110.598272,
            -6.934131
          ],
          [
            110.5982546,
            -6.9338329
          ],
          [
            110.5982386,
            -6.9335254
          ],
          [
            110.5982298,
            -6.9333803
          ],
          [
            110.5982099,
            -6.9331313
          ],
          [
            110.5982186,
            -6.9326812
          ],
          [
            110.5982005,
            -6.9322043
          ],
          [
            110.5981976,
            -6.9321282
          ],
          [
            110.5981587,
            -6.9311816
          ],
          [
            110.5980916,
            -6.9302677
          ],
          [
            110.5980264,
            -6.9287052
          ],
          [
            110.5980137,
            -6.9282244
          ],
          [
            110.5980132,
            -6.9282195
          ]
        ]
      }
    },
    {
      "type": "Feature",
      "properties": {
        "id": 434749211,
        "name": "Jalan Sultan Fattah",
        "type": "secondary",
        "kecamatan": "Demak"
      },
      "geometry": {
        "type": "LineString",
        "coordinates": [
          [
            110.6404177,
            -6.8917256
          ],
          [
            110.6403862,
            -6.8918218
          ],
          [
            110.6397061,
            -6.8928908
          ],
          [
            110.6393465,
            -6.8934353
          ],
          [
            110.639141,
            -6.8937927
          ],
          [
            110.6391256,
            -6.8938364
          ],
          [
            110.6391169,
            -6.8938823
          ],
          [
            110.6391212,
            -6.8939367
          ],
          [
            110.6391457,
            -6.8940035
          ],
          [
            110.6392001,
            -6.8940987
          ],
          [
            110.6392685,
            -6.8942199
          ],
          [
            110.6393127,
            -6.8943117
          ],
          [
            110.6393583,
            -6.8944582
          ],
          [
            110.6391799,
            -6.8952264
          ],
          [
            110.6391276,
            -6.8954514
          ],
          [
            110.6390458,
            -6.8955446
          ],
          [
            110.6389808,
            -6.8955852
          ],
          [
            110.6389265,
            -6.8956039
          ],
          [
            110.6388071,
            -6.8956272
          ],
          [
            110.638502,
            -6.8956272
          ],
          [
            110.638445,
            -6.8956418
          ],
          [
            110.638382,
            -6.8956804
          ],
          [
            110.6383076,
            -6.895751
          ],
          [
            110.6381339,
            -6.8959587
          ],
          [
            110.6379931,
            -6.8961571
          ],
          [
            110.6379294,
            -6.8962363
          ],
          [
            110.6377865,
            -6.8964014
          ],
          [
            110.6377007,
            -6.8964852
          ],
          [
            110.6375666,
            -6.896635
          ],
          [
            110.6372374,
            -6.8969646
          ],
          [
            110.6370778,
            -6.8971197
          ],
          [
            110.6369772,
            -6.8972168
          ],
          [
            110.6368116,
            -6.8973493
          ],
          [
            110.6366707,
            -6.8974731
          ],
          [
            110.6365368,
            -6.8975832
          ],
          [
            110.6363896,
            -6.8977156
          ],
          [
            110.6362855,
            -6.8978012
          ],
          [
            110.6361853,
            -6.8978767
          ],
          [
            110.6360471,
            -6.8979718
          ],
          [
            110.6358467,
            -6.8981195
          ],
          [
            110.6356279,
            -6.898259
          ]
        ]
      }
    },
    {
      "type": "Feature",
      "properties": {
        "id": 434750190,
        "name": "",
        "type": "tertiary",
        "kecamatan": "Demak"
      },
      "geometry": {
        "type": "LineString",
        "coordinates": [
          [
            110.6358317,
            -6.8987476
          ],
          [
            110.6358588,
            -6.8987926
          ],
          [
            110.6358721,
            -6.8988116
          ],
          [
            110.6359022,
            -6.8988586
          ],
          [
            110.6360136,
            -6.8990608
          ],
          [
            110.6360603,
            -6.8991397
          ],
          [
            110.6361602,
            -6.8992958
          ],
          [
            110.6361863,
            -6.8993258
          ],
          [
            110.6362322,
            -6.8994163
          ],
          [
            110.6362697,
            -6.8994882
          ],
          [
            110.6363126,
            -6.8995568
          ],
          [
            110.6363918,
            -6.8996906
          ],
          [
            110.6365018,
            -6.8998543
          ],
          [
            110.6365551,
            -6.8999422
          ],
          [
            110.6366567,
            -6.9001027
          ],
          [
            110.6366788,
            -6.9001565
          ],
          [
            110.6367111,
            -6.9002074
          ],
          [
            110.6367016,
            -6.9002904
          ],
          [
            110.6366982,
            -6.9003458
          ],
          [
            110.6365959,
            -6.9004035
          ],
          [
            110.6362931,
            -6.9005684
          ],
          [
            110.6360324,
            -6.9007038
          ],
          [
            110.6360043,
            -6.9007558
          ],
          [
            110.6359922,
            -6.9008357
          ],
          [
            110.6359543,
            -6.9011484
          ],
          [
            110.6359185,
            -6.9013344
          ],
          [
            110.6358624,
            -6.9017667
          ],
          [
            110.6358362,
            -6.9019747
          ],
          [
            110.6357868,
            -6.9023682
          ],
          [
            110.6357732,
            -6.9026115
          ],
          [
            110.6356371,
            -6.9034817
          ],
          [
            110.6355584,
            -6.9043265
          ],
          [
            110.6355062,
            -6.9046945
          ],
          [
            110.6354275,
            -6.9052318
          ],
          [
            110.635334,
            -6.9058639
          ],
          [
            110.6352277,
            -6.9066511
          ],
          [
            110.6352014,
            -6.9067807
          ],
          [
            110.6351339,
            -6.9072244
          ],
          [
            110.6351191,
            -6.9073367
          ],
          [
            110.6350535,
            -6.9076837
          ],
          [
            110.6350257,
            -6.9079061
          ],
          [
            110.6349562,
            -6.9082943
          ],
          [
            110.6348996,
            -6.9086949
          ],
          [
            110.6348806,
            -6.9088111
          ]
        ]
      }
    },
    {
      "type": "Feature",
      "properties": {
        "id": 434750193,
        "name": "Jalan Sultan Fattah",
        "type": "secondary",
        "kecamatan": "Demak"
      },
      "geometry": {
        "type": "LineString",
        "coordinates": [
          [
            110.635133,
            -6.898578
          ],
          [
            110.6348442,
            -6.8987639
          ]
        ]
      }
    },
    {
      "type": "Feature",
      "properties": {
        "id": 434750196,
        "name": "Jalan Sultan Fattah",
        "type": "secondary",
        "kecamatan": "Demak"
      },
      "geometry": {
        "type": "LineString",
        "coordinates": [
          [
            110.6356279,
            -6.898259
          ],
          [
            110.6355717,
            -6.8982966
          ],
          [
            110.6355304,
            -6.8983245
          ],
          [
            110.6354998,
            -6.8983452
          ],
          [
            110.6353936,
            -6.8984151
          ],
          [
            110.635133,
            -6.898578
          ]
        ]
      }
    },
    {
      "type": "Feature",
      "properties": {
        "id": 442922550,
        "name": "",
        "type": "secondary",
        "kecamatan": "Mranggen"
      },
      "geometry": {
        "type": "LineString",
        "coordinates": [
          [
            110.4973927,
            -7.0413194
          ],
          [
            110.4973437,
            -7.0412981
          ],
          [
            110.4969191,
            -7.0411161
          ],
          [
            110.4966433,
            -7.041002
          ],
          [
            110.4964093,
            -7.0408971
          ],
          [
            110.4958588,
            -7.0406652
          ],
          [
            110.4956941,
            -7.0406031
          ],
          [
            110.4954615,
            -7.0405025
          ],
          [
            110.4949033,
            -7.0402689
          ],
          [
            110.494519,
            -7.0401009
          ],
          [
            110.4941708,
            -7.0399501
          ],
          [
            110.49389,
            -7.0398333
          ],
          [
            110.4928792,
            -7.0394071
          ],
          [
            110.4925647,
            -7.0392797
          ],
          [
            110.4923659,
            -7.0391871
          ],
          [
            110.4920001,
            -7.0390278
          ],
          [
            110.4916621,
            -7.0388833
          ],
          [
            110.4915669,
            -7.0388341
          ],
          [
            110.4915223,
            -7.0387973
          ],
          [
            110.4914887,
            -7.0387653
          ],
          [
            110.4914224,
            -7.0386863
          ],
          [
            110.4913775,
            -7.0386285
          ],
          [
            110.4913131,
            -7.0385187
          ],
          [
            110.4911227,
            -7.0382025
          ],
          [
            110.4910254,
            -7.0380412
          ],
          [
            110.4909192,
            -7.0378588
          ],
          [
            110.4907804,
            -7.0376226
          ],
          [
            110.4906143,
            -7.0373278
          ],
          [
            110.490467,
            -7.0370849
          ],
          [
            110.4903405,
            -7.0368763
          ],
          [
            110.4902111,
            -7.0366629
          ],
          [
            110.4901063,
            -7.0364912
          ],
          [
            110.4899583,
            -7.0362473
          ],
          [
            110.4899194,
            -7.036202
          ],
          [
            110.4898848,
            -7.0361694
          ],
          [
            110.4898409,
            -7.036138
          ],
          [
            110.4897863,
            -7.0361072
          ],
          [
            110.4896466,
            -7.036054
          ],
          [
            110.4890644,
            -7.0358207
          ],
          [
            110.4889142,
            -7.0357605
          ],
          [
            110.4886114,
            -7.0356189
          ],
          [
            110.4885251,
            -7.0355785
          ],
          [
            110.4885079,
            -7.0355705
          ],
          [
            110.4881345,
            -7.0353819
          ],
          [
            110.4880569,
            -7.0353492
          ],
          [
            110.4878923,
            -7.0352876
          ],
          [
            110.4878038,
            -7.0352574
          ]
        ]
      }
    },
    {
      "type": "Feature",
      "properties": {
        "id": 442922551,
        "name": "",
        "type": "secondary",
        "kecamatan": "Mranggen"
      },
      "geometry": {
        "type": "LineString",
        "coordinates": [
          [
            110.4878038,
            -7.0352574
          ],
          [
            110.4874818,
            -7.0351606
          ]
        ]
      }
    },
    {
      "type": "Feature",
      "properties": {
        "id": 442922552,
        "name": "Jalan Letnan Jenderal Sarwo Edi",
        "type": "secondary",
        "kecamatan": "Unknown"
      },
      "geometry": {
        "type": "LineString",
        "coordinates": [
          [
            110.4876464,
            -7.0290896
          ],
          [
            110.4876744,
            -7.0288661
          ],
          [
            110.4876811,
            -7.02877
          ],
          [
            110.4876855,
            -7.0286597
          ],
          [
            110.4876901,
            -7.0285424
          ],
          [
            110.4876546,
            -7.0280752
          ],
          [
            110.4876485,
            -7.0279261
          ],
          [
            110.4876512,
            -7.0277318
          ],
          [
            110.4876687,
            -7.0275561
          ],
          [
            110.4876874,
            -7.0274682
          ],
          [
            110.4877491,
            -7.0272726
          ],
          [
            110.4878403,
            -7.0269904
          ],
          [
            110.4878712,
            -7.0269159
          ],
          [
            110.4879074,
            -7.0268187
          ],
          [
            110.4880978,
            -7.0263076
          ],
          [
            110.4881521,
            -7.0261085
          ],
          [
            110.488238,
            -7.0257958
          ],
          [
            110.4882722,
            -7.02567
          ],
          [
            110.4882961,
            -7.0255705
          ],
          [
            110.4883398,
            -7.0253886
          ],
          [
            110.488358,
            -7.0252774
          ],
          [
            110.4883612,
            -7.0251543
          ],
          [
            110.4883344,
            -7.0249307
          ],
          [
            110.4882952,
            -7.0247507
          ],
          [
            110.488208,
            -7.024325
          ],
          [
            110.4881366,
            -7.0240116
          ],
          [
            110.4880975,
            -7.0238036
          ],
          [
            110.4880646,
            -7.0235933
          ],
          [
            110.4880099,
            -7.0232616
          ],
          [
            110.4879701,
            -7.0230734
          ],
          [
            110.4879361,
            -7.0229861
          ],
          [
            110.487739,
            -7.0225135
          ],
          [
            110.4876968,
            -7.0223677
          ],
          [
            110.4876692,
            -7.0222367
          ],
          [
            110.4876512,
            -7.0221201
          ],
          [
            110.4876478,
            -7.0219811
          ],
          [
            110.4876492,
            -7.0219206
          ],
          [
            110.487654,
            -7.021615
          ],
          [
            110.4876555,
            -7.0214481
          ],
          [
            110.48768,
            -7.0212251
          ],
          [
            110.4876905,
            -7.0211661
          ],
          [
            110.4877068,
            -7.021108
          ],
          [
            110.4877424,
            -7.0210273
          ],
          [
            110.4877926,
            -7.0209482
          ],
          [
            110.4878439,
            -7.0208845
          ],
          [
            110.4880926,
            -7.0205458
          ],
          [
            110.4882271,
            -7.0203626
          ],
          [
            110.4883021,
            -7.0202393
          ],
          [
            110.4884421,
            -7.020009
          ],
          [
            110.4884711,
            -7.0199612
          ],
          [
            110.4887703,
            -7.019469
          ],
          [
            110.4888226,
            -7.0193829
          ],
          [
            110.4888615,
            -7.019323
          ],
          [
            110.4889631,
            -7.0191333
          ],
          [
            110.4892648,
            -7.0185975
          ],
          [
            110.4894341,
            -7.0182968
          ],
          [
            110.489605,
            -7.0180416
          ],
          [
            110.4896456,
            -7.0179761
          ]
        ]
      }
    },
    {
      "type": "Feature",
      "properties": {
        "id": 457844493,
        "name": "Jalan Sultan Fattah",
        "type": "secondary",
        "kecamatan": "Demak"
      },
      "geometry": {
        "type": "LineString",
        "coordinates": [
          [
            110.6241703,
            -6.9059494
          ],
          [
            110.6241167,
            -6.905984
          ],
          [
            110.623996,
            -6.9060506
          ],
          [
            110.6238021,
            -6.9061638
          ],
          [
            110.6235177,
            -6.9063145
          ]
        ]
      }
    },
    {
      "type": "Feature",
      "properties": {
        "id": 457844497,
        "name": "Jalan Raya Demak - Kudus",
        "type": "secondary",
        "kecamatan": "Demak"
      },
      "geometry": {
        "type": "LineString",
        "coordinates": [
          [
            110.6712634,
            -6.8824869
          ],
          [
            110.6711704,
            -6.8825065
          ],
          [
            110.6710155,
            -6.8825343
          ],
          [
            110.6706987,
            -6.8825764
          ],
          [
            110.6704367,
            -6.8826086
          ],
          [
            110.6700571,
            -6.8826881
          ],
          [
            110.6698443,
            -6.8826971
          ]
        ]
      }
    },
    {
      "type": "Feature",
      "properties": {
        "id": 457844499,
        "name": "Jalan Sultan Fattah",
        "type": "secondary",
        "kecamatan": "Demak"
      },
      "geometry": {
        "type": "LineString",
        "coordinates": [
          [
            110.6288103,
            -6.9026645
          ],
          [
            110.6289304,
            -6.9025879
          ]
        ]
      }
    },
    {
      "type": "Feature",
      "properties": {
        "id": 457844500,
        "name": "",
        "type": "secondary",
        "kecamatan": "Demak"
      },
      "geometry": {
        "type": "LineString",
        "coordinates": [
          [
            110.6288103,
            -6.9026645
          ],
          [
            110.6288074,
            -6.9025528
          ],
          [
            110.6287987,
            -6.9024849
          ],
          [
            110.6287925,
            -6.9024131
          ],
          [
            110.6287871,
            -6.9023373
          ],
          [
            110.6287833,
            -6.9022843
          ]
        ]
      }
    },
    {
      "type": "Feature",
      "properties": {
        "id": 457844502,
        "name": "Jalan Sultan Fattah",
        "type": "secondary",
        "kecamatan": "Demak"
      },
      "geometry": {
        "type": "LineString",
        "coordinates": [
          [
            110.6289304,
            -6.9025879
          ],
          [
            110.6292558,
            -6.9023534
          ],
          [
            110.6294194,
            -6.9022508
          ],
          [
            110.6296058,
            -6.902123
          ],
          [
            110.6298606,
            -6.9019566
          ],
          [
            110.6300671,
            -6.9018168
          ],
          [
            110.6302349,
            -6.9017057
          ],
          [
            110.6311078,
            -6.9011391
          ],
          [
            110.6312567,
            -6.9010446
          ],
          [
            110.6314015,
            -6.9009501
          ],
          [
            110.6316516,
            -6.9007855
          ],
          [
            110.6318817,
            -6.9006345
          ],
          [
            110.6321445,
            -6.9004734
          ],
          [
            110.6322518,
            -6.9004002
          ],
          [
            110.6323484,
            -6.9003336
          ],
          [
            110.6324092,
            -6.9002934
          ],
          [
            110.6326434,
            -6.9001386
          ],
          [
            110.6327741,
            -6.900053
          ],
          [
            110.6331283,
            -6.899826
          ],
          [
            110.6333483,
            -6.8996749
          ],
          [
            110.6334387,
            -6.899612
          ],
          [
            110.633674,
            -6.8994622
          ],
          [
            110.6337981,
            -6.8993777
          ],
          [
            110.6340387,
            -6.8992107
          ],
          [
            110.6341216,
            -6.8991568
          ],
          [
            110.6342232,
            -6.8990908
          ],
          [
            110.6342657,
            -6.8990623
          ],
          [
            110.6346698,
            -6.8987906
          ],
          [
            110.6350547,
            -6.8985482
          ],
          [
            110.6350892,
            -6.8985244
          ]
        ]
      }
    },
    {
      "type": "Feature",
      "properties": {
        "id": 457844504,
        "name": "Jalan Demak-Godong",
        "type": "secondary",
        "kecamatan": "Demak"
      },
      "geometry": {
        "type": "LineString",
        "coordinates": [
          [
            110.6432506,
            -6.8890323
          ],
          [
            110.6432837,
            -6.8891631
          ],
          [
            110.6433434,
            -6.8893975
          ],
          [
            110.6434219,
            -6.8896944
          ],
          [
            110.6434876,
            -6.88998
          ],
          [
            110.6435347,
            -6.8901786
          ],
          [
            110.6435992,
            -6.8904983
          ],
          [
            110.6436425,
            -6.8907069
          ],
          [
            110.6437129,
            -6.8910977
          ],
          [
            110.6438161,
            -6.8916103
          ],
          [
            110.6439883,
            -6.8925143
          ],
          [
            110.6440401,
            -6.8927929
          ],
          [
            110.644132,
            -6.8932573
          ],
          [
            110.6442174,
            -6.8937334
          ],
          [
            110.6442386,
            -6.8938338
          ],
          [
            110.6442674,
            -6.8939542
          ],
          [
            110.644421,
            -6.8944915
          ],
          [
            110.6446059,
            -6.8951305
          ],
          [
            110.6448902,
            -6.8959853
          ],
          [
            110.6449798,
            -6.8962066
          ],
          [
            110.6451048,
            -6.8965423
          ],
          [
            110.6452444,
            -6.8968773
          ],
          [
            110.645334,
            -6.8971482
          ],
          [
            110.6454121,
            -6.8973566
          ],
          [
            110.6454416,
            -6.8974505
          ],
          [
            110.6454952,
            -6.8975976
          ],
          [
            110.6456722,
            -6.8981022
          ],
          [
            110.6457339,
            -6.8982893
          ],
          [
            110.6458908,
            -6.8986627
          ],
          [
            110.6459954,
            -6.8989676
          ],
          [
            110.6461058,
            -6.8992474
          ],
          [
            110.6461845,
            -6.8994736
          ],
          [
            110.6462798,
            -6.8997119
          ],
          [
            110.6463575,
            -6.8999249
          ],
          [
            110.6464848,
            -6.9002444
          ],
          [
            110.6466295,
            -6.9006159
          ],
          [
            110.6467558,
            -6.9009487
          ],
          [
            110.6469034,
            -6.9013655
          ],
          [
            110.647028,
            -6.9017049
          ],
          [
            110.647069,
            -6.9018124
          ],
          [
            110.6471699,
            -6.902083
          ],
          [
            110.6475216,
            -6.903023
          ],
          [
            110.6475914,
            -6.9032094
          ],
          [
            110.6476703,
            -6.9033692
          ],
          [
            110.6477147,
            -6.9034571
          ],
          [
            110.6477939,
            -6.9035689
          ],
          [
            110.648011,
            -6.9038591
          ],
          [
            110.6482699,
            -6.9041486
          ],
          [
            110.6486678,
            -6.9045815
          ],
          [
            110.6489848,
            -6.9049069
          ],
          [
            110.6491753,
            -6.9051048
          ],
          [
            110.6493375,
            -6.9052704
          ],
          [
            110.6496136,
            -6.9055446
          ],
          [
            110.6499745,
            -6.9059401
          ],
          [
            110.6501821,
            -6.9061449
          ],
          [
            110.6502508,
            -6.9062383
          ],
          [
            110.6504692,
            -6.9064605
          ]
        ]
      }
    },
    {
      "type": "Feature",
      "properties": {
        "id": 457844505,
        "name": "Jalan Raya Demak - Kudus",
        "type": "secondary",
        "kecamatan": "Demak"
      },
      "geometry": {
        "type": "LineString",
        "coordinates": [
          [
            110.6432107,
            -6.8889268
          ],
          [
            110.6433622,
            -6.8888536
          ],
          [
            110.6435139,
            -6.8887962
          ]
        ]
      }
    },
    {
      "type": "Feature",
      "properties": {
        "id": 457844506,
        "name": "Jalan Raya Demak - Kudus",
        "type": "secondary",
        "kecamatan": "Demak"
      },
      "geometry": {
        "type": "LineString",
        "coordinates": [
          [
            110.6435139,
            -6.8887962
          ],
          [
            110.6435618,
            -6.8887832
          ],
          [
            110.6437551,
            -6.8887231
          ],
          [
            110.6438524,
            -6.8886972
          ],
          [
            110.6439702,
            -6.8886705
          ],
          [
            110.6450459,
            -6.8884229
          ],
          [
            110.6454623,
            -6.8883157
          ],
          [
            110.6455529,
            -6.8882891
          ],
          [
            110.6459553,
            -6.8881887
          ],
          [
            110.6463703,
            -6.8880914
          ],
          [
            110.6468086,
            -6.8879953
          ],
          [
            110.6472387,
            -6.887901
          ],
          [
            110.6476222,
            -6.8877985
          ],
          [
            110.6478576,
            -6.8877419
          ],
          [
            110.6482156,
            -6.8876673
          ],
          [
            110.6486334,
            -6.8875701
          ],
          [
            110.6492188,
            -6.8874436
          ],
          [
            110.6497874,
            -6.8873125
          ],
          [
            110.6500892,
            -6.8872459
          ],
          [
            110.6502773,
            -6.8872088
          ],
          [
            110.6510354,
            -6.8870389
          ],
          [
            110.6517132,
            -6.8868857
          ],
          [
            110.6519875,
            -6.8868232
          ],
          [
            110.652196,
            -6.8867806
          ],
          [
            110.652422,
            -6.8867426
          ],
          [
            110.6530175,
            -6.8866414
          ],
          [
            110.6534077,
            -6.8865762
          ],
          [
            110.653475,
            -6.8865655
          ],
          [
            110.6537399,
            -6.8865235
          ],
          [
            110.6537848,
            -6.8865138
          ]
        ]
      }
    },
    {
      "type": "Feature",
      "properties": {
        "id": 457844507,
        "name": "Jalan Dempet - Gajah",
        "type": "secondary",
        "kecamatan": "Dempet"
      },
      "geometry": {
        "type": "LineString",
        "coordinates": [
          [
            110.7034209,
            -6.9494285
          ],
          [
            110.703443,
            -6.9493875
          ],
          [
            110.7036378,
            -6.9489996
          ],
          [
            110.7038534,
            -6.9485701
          ],
          [
            110.7040545,
            -6.9480909
          ],
          [
            110.7043,
            -6.9474825
          ],
          [
            110.7046875,
            -6.9465892
          ],
          [
            110.7049276,
            -6.9461366
          ],
          [
            110.7051596,
            -6.9457505
          ],
          [
            110.7054292,
            -6.9453139
          ],
          [
            110.70568,
            -6.9448812
          ],
          [
            110.7057806,
            -6.9447135
          ],
          [
            110.7059482,
            -6.9444472
          ],
          [
            110.7061547,
            -6.9441117
          ],
          [
            110.7064229,
            -6.9436431
          ],
          [
            110.7066858,
            -6.9432198
          ],
          [
            110.7067284,
            -6.9431546
          ],
          [
            110.7068963,
            -6.9428444
          ],
          [
            110.7069594,
            -6.9427059
          ],
          [
            110.707063,
            -6.9424618
          ],
          [
            110.7070948,
            -6.9423838
          ],
          [
            110.7071746,
            -6.9421648
          ],
          [
            110.7072692,
            -6.9419318
          ],
          [
            110.707363,
            -6.9416715
          ],
          [
            110.7074407,
            -6.9414695
          ],
          [
            110.7075616,
            -6.9411704
          ],
          [
            110.7079759,
            -6.9399635
          ],
          [
            110.7081154,
            -6.9395721
          ],
          [
            110.7082549,
            -6.9391887
          ],
          [
            110.7083093,
            -6.9390461
          ],
          [
            110.7083582,
            -6.9388965
          ],
          [
            110.7084212,
            -6.9387041
          ],
          [
            110.7084694,
            -6.9385017
          ],
          [
            110.7085727,
            -6.9382209
          ],
          [
            110.7086331,
            -6.9380651
          ],
          [
            110.7087538,
            -6.9377383
          ],
          [
            110.7088481,
            -6.9374824
          ],
          [
            110.7090434,
            -6.9368749
          ],
          [
            110.7090703,
            -6.9367737
          ],
          [
            110.7090833,
            -6.9367396
          ],
          [
            110.7092755,
            -6.9362332
          ],
          [
            110.7094632,
            -6.9356954
          ],
          [
            110.7096255,
            -6.9352614
          ],
          [
            110.7099313,
            -6.9344599
          ],
          [
            110.7100988,
            -6.9339807
          ],
          [
            110.7102075,
            -6.9336825
          ],
          [
            110.7102253,
            -6.9336299
          ],
          [
            110.7102934,
            -6.9334295
          ],
          [
            110.7105052,
            -6.9328491
          ],
          [
            110.7107279,
            -6.9322819
          ],
          [
            110.7107437,
            -6.9322374
          ],
          [
            110.7108942,
            -6.9318133
          ],
          [
            110.7110256,
            -6.9314246
          ],
          [
            110.7113233,
            -6.9305805
          ],
          [
            110.7114741,
            -6.9301937
          ],
          [
            110.7116617,
            -6.9297125
          ],
          [
            110.7117873,
            -6.9293531
          ],
          [
            110.7118941,
            -6.9290308
          ],
          [
            110.7119161,
            -6.9289643
          ],
          [
            110.7120609,
            -6.9285223
          ],
          [
            110.7121629,
            -6.9282481
          ],
          [
            110.7122487,
            -6.9279938
          ],
          [
            110.7124262,
            -6.9275121
          ],
          [
            110.7125062,
            -6.9272949
          ],
          [
            110.7127101,
            -6.9266825
          ],
          [
            110.7128441,
            -6.9263044
          ],
          [
            110.7130507,
            -6.9258198
          ],
          [
            110.7132357,
            -6.9253325
          ],
          [
            110.713343,
            -6.925029
          ],
          [
            110.7134718,
            -6.9246668
          ],
          [
            110.713622,
            -6.9242195
          ],
          [
            110.7138795,
            -6.9234846
          ],
          [
            110.7141343,
            -6.9228616
          ],
          [
            110.7142603,
            -6.9224994
          ],
          [
            110.7143891,
            -6.9221293
          ],
          [
            110.7145151,
            -6.9217805
          ],
          [
            110.7146332,
            -6.9214876
          ],
          [
            110.7146519,
            -6.9214423
          ]
        ]
      }
    },
    {
      "type": "Feature",
      "properties": {
        "id": 457904767,
        "name": "",
        "type": "tertiary",
        "kecamatan": "Gajah"
      },
      "geometry": {
        "type": "LineString",
        "coordinates": [
          [
            110.7157263,
            -6.8590125
          ],
          [
            110.7157149,
            -6.858962
          ],
          [
            110.7157117,
            -6.8589366
          ],
          [
            110.7157169,
            -6.8589085
          ],
          [
            110.7157248,
            -6.858867
          ],
          [
            110.7157439,
            -6.8587976
          ]
        ]
      }
    },
    {
      "type": "Feature",
      "properties": {
        "id": 457904771,
        "name": "",
        "type": "tertiary",
        "kecamatan": "Gajah"
      },
      "geometry": {
        "type": "LineString",
        "coordinates": [
          [
            110.7157263,
            -6.8590125
          ],
          [
            110.7155866,
            -6.8588966
          ]
        ]
      }
    },
    {
      "type": "Feature",
      "properties": {
        "id": 476610301,
        "name": "",
        "type": "secondary",
        "kecamatan": "Mijen"
      },
      "geometry": {
        "type": "LineString",
        "coordinates": [
          [
            110.7029058,
            -6.7939064
          ],
          [
            110.7029777,
            -6.7938658
          ],
          [
            110.7030157,
            -6.7938471
          ]
        ]
      }
    },
    {
      "type": "Feature",
      "properties": {
        "id": 476610322,
        "name": "",
        "type": "secondary",
        "kecamatan": "Mijen"
      },
      "geometry": {
        "type": "LineString",
        "coordinates": [
          [
            110.7030157,
            -6.7938471
          ],
          [
            110.7030883,
            -6.7938431
          ],
          [
            110.7031654,
            -6.7938624
          ],
          [
            110.7032646,
            -6.7939077
          ],
          [
            110.7034355,
            -6.7940289
          ],
          [
            110.7037305,
            -6.7943073
          ],
          [
            110.7039248,
            -6.7944543
          ],
          [
            110.7043313,
            -6.7947021
          ],
          [
            110.7047251,
            -6.7949011
          ],
          [
            110.7051896,
            -6.7950996
          ],
          [
            110.7053567,
            -6.7951661
          ],
          [
            110.7054265,
            -6.7951821
          ],
          [
            110.7055029,
            -6.7951848
          ],
          [
            110.7055767,
            -6.7951635
          ],
          [
            110.7058006,
            -6.7950103
          ],
          [
            110.706298,
            -6.7945859
          ],
          [
            110.7066831,
            -6.7941794
          ],
          [
            110.7073912,
            -6.793391
          ],
          [
            110.7075387,
            -6.7932339
          ],
          [
            110.7076862,
            -6.7930927
          ],
          [
            110.7078499,
            -6.7929542
          ],
          [
            110.7080202,
            -6.792821
          ],
          [
            110.7081851,
            -6.7927411
          ],
          [
            110.7083537,
            -6.7927035
          ],
          [
            110.7092156,
            -6.7926663
          ],
          [
            110.7096578,
            -6.7926013
          ],
          [
            110.7099661,
            -6.7925467
          ],
          [
            110.7100694,
            -6.7925254
          ],
          [
            110.7103926,
            -6.7923949
          ],
          [
            110.7104892,
            -6.7923523
          ],
          [
            110.7105562,
            -6.7923257
          ],
          [
            110.710626,
            -6.7923203
          ],
          [
            110.7109038,
            -6.7923394
          ],
          [
            110.712411,
            -6.7924894
          ],
          [
            110.7131301,
            -6.7925543
          ],
          [
            110.7131838,
            -6.7925551
          ],
          [
            110.7136877,
            -6.7925454
          ],
          [
            110.713795,
            -6.7925374
          ],
          [
            110.713921,
            -6.7925148
          ],
          [
            110.7139814,
            -6.7924881
          ],
          [
            110.7140417,
            -6.7924681
          ],
          [
            110.7141611,
            -6.7924548
          ],
          [
            110.7142657,
            -6.7924868
          ],
          [
            110.714381,
            -6.7925361
          ],
          [
            110.7145071,
            -6.792584
          ],
          [
            110.7146412,
            -6.7925907
          ],
          [
            110.7148491,
            -6.792596
          ],
          [
            110.7151696,
            -6.7925494
          ],
          [
            110.7154351,
            -6.7924855
          ],
          [
            110.7157382,
            -6.7923696
          ],
          [
            110.7158858,
            -6.7922551
          ],
          [
            110.7160185,
            -6.7921366
          ],
          [
            110.7161044,
            -6.7920367
          ],
          [
            110.7161808,
            -6.7919248
          ],
          [
            110.7162465,
            -6.7917783
          ],
          [
            110.7162961,
            -6.7916665
          ],
          [
            110.7163659,
            -6.7915546
          ],
          [
            110.7167414,
            -6.791071
          ],
          [
            110.7172148,
            -6.7902748
          ],
          [
            110.7175688,
            -6.7897515
          ],
          [
            110.7177123,
            -6.7895877
          ],
          [
            110.7178295,
            -6.7895092
          ],
          [
            110.7180758,
            -6.7893453
          ],
          [
            110.7183016,
            -6.7892228
          ],
          [
            110.7185854,
            -6.7891096
          ],
          [
            110.7187758,
            -6.7890643
          ],
          [
            110.718926,
            -6.789051
          ],
          [
            110.7195038,
            -6.7890519
          ],
          [
            110.7196663,
            -6.789031
          ],
          [
            110.7198098,
            -6.7890057
          ],
          [
            110.7199533,
            -6.7889791
          ],
          [
            110.7202202,
            -6.7889125
          ],
          [
            110.7203865,
            -6.7888766
          ],
          [
            110.720634,
            -6.7888576
          ],
          [
            110.7208773,
            -6.7888606
          ],
          [
            110.7210557,
            -6.7888875
          ],
          [
            110.721155,
            -6.7889245
          ],
          [
            110.7212475,
            -6.7889871
          ],
          [
            110.7213159,
            -6.7890397
          ],
          [
            110.721395,
            -6.7891309
          ],
          [
            110.7214728,
            -6.7892201
          ],
          [
            110.7216136,
            -6.7894252
          ],
          [
            110.7217477,
            -6.7895837
          ],
          [
            110.7219127,
            -6.7897581
          ],
          [
            110.7220535,
            -6.789886
          ],
          [
            110.7222091,
            -6.7900045
          ],
          [
            110.7223754,
            -6.7901097
          ],
          [
            110.7225645,
            -6.7902335
          ],
          [
            110.7229641,
            -6.7904626
          ],
          [
            110.7232417,
            -6.7906278
          ],
          [
            110.7233772,
            -6.7907183
          ],
          [
            110.7234938,
            -6.7907822
          ],
          [
            110.7236681,
            -6.7908594
          ],
          [
            110.7238036,
            -6.7908768
          ],
          [
            110.723923,
            -6.7908794
          ],
          [
            110.7240758,
            -6.7908967
          ],
          [
            110.7243615,
            -6.790938
          ],
          [
            110.7247853,
            -6.7910392
          ],
          [
            110.7253227,
            -6.7912159
          ]
        ]
      }
    },
    {
      "type": "Feature",
      "properties": {
        "id": 504926737,
        "name": "",
        "type": "tertiary",
        "kecamatan": "Mranggen"
      },
      "geometry": {
        "type": "LineString",
        "coordinates": [
          [
            110.5281204,
            -6.9886385
          ],
          [
            110.5281647,
            -6.9884641
          ]
        ]
      }
    },
    {
      "type": "Feature",
      "properties": {
        "id": 507048838,
        "name": "",
        "type": "tertiary",
        "kecamatan": "Mranggen"
      },
      "geometry": {
        "type": "LineString",
        "coordinates": [
          [
            110.4987686,
            -7.0412862
          ],
          [
            110.4987509,
            -7.0413164
          ],
          [
            110.498604,
            -7.041545
          ],
          [
            110.4985678,
            -7.0416122
          ],
          [
            110.4984746,
            -7.0417739
          ],
          [
            110.4983144,
            -7.0420366
          ],
          [
            110.4981648,
            -7.0422711
          ],
          [
            110.4981333,
            -7.0423253
          ],
          [
            110.498022,
            -7.0425539
          ],
          [
            110.4979026,
            -7.0427881
          ],
          [
            110.4978949,
            -7.0428036
          ],
          [
            110.4977817,
            -7.0430902
          ],
          [
            110.4976323,
            -7.0435226
          ],
          [
            110.4974426,
            -7.0440839
          ],
          [
            110.4973876,
            -7.0442088
          ],
          [
            110.4972261,
            -7.0445757
          ],
          [
            110.4971355,
            -7.0447101
          ],
          [
            110.4970953,
            -7.0447684
          ],
          [
            110.4970229,
            -7.0448565
          ],
          [
            110.4968579,
            -7.0450362
          ],
          [
            110.4968161,
            -7.0450849
          ],
          [
            110.4966822,
            -7.0452411
          ],
          [
            110.4964744,
            -7.0454541
          ],
          [
            110.4963673,
            -7.0455773
          ],
          [
            110.4962892,
            -7.0456884
          ],
          [
            110.4962471,
            -7.0457383
          ],
          [
            110.4961672,
            -7.0457948
          ],
          [
            110.4960962,
            -7.0458574
          ],
          [
            110.4960412,
            -7.0458933
          ],
          [
            110.4959594,
            -7.0459612
          ],
          [
            110.4958025,
            -7.0460823
          ],
          [
            110.4956402,
            -7.0462088
          ],
          [
            110.4954689,
            -7.0463565
          ],
          [
            110.4954221,
            -7.0464009
          ]
        ]
      }
    },
    {
      "type": "Feature",
      "properties": {
        "id": 507048839,
        "name": "",
        "type": "secondary",
        "kecamatan": "Mranggen"
      },
      "geometry": {
        "type": "LineString",
        "coordinates": [
          [
            110.4969191,
            -7.0411161
          ],
          [
            110.4969373,
            -7.0410678
          ],
          [
            110.4971164,
            -7.040593
          ],
          [
            110.4971345,
            -7.040547
          ]
        ]
      }
    },
    {
      "type": "Feature",
      "properties": {
        "id": 507048840,
        "name": "",
        "type": "secondary",
        "kecamatan": "Mranggen"
      },
      "geometry": {
        "type": "LineString",
        "coordinates": [
          [
            110.4975667,
            -7.0407837
          ],
          [
            110.4971164,
            -7.040593
          ]
        ]
      }
    },
    {
      "type": "Feature",
      "properties": {
        "id": 507049302,
        "name": "Jalan Nyai Morang",
        "type": "tertiary",
        "kecamatan": "Unknown"
      },
      "geometry": {
        "type": "LineString",
        "coordinates": [
          [
            110.4902764,
            -7.0181882
          ],
          [
            110.4902986,
            -7.0181376
          ],
          [
            110.4903334,
            -7.0180471
          ],
          [
            110.4905232,
            -7.0176165
          ],
          [
            110.4905299,
            -7.0175746
          ],
          [
            110.4905876,
            -7.0173516
          ],
          [
            110.4906265,
            -7.0171833
          ],
          [
            110.490717,
            -7.0169497
          ],
          [
            110.4908656,
            -7.0166398
          ],
          [
            110.4910804,
            -7.016193
          ],
          [
            110.491173,
            -7.0160392
          ],
          [
            110.491228,
            -7.015966
          ],
          [
            110.4913956,
            -7.0157996
          ],
          [
            110.4914935,
            -7.0156985
          ],
          [
            110.4915579,
            -7.0156332
          ],
          [
            110.4915979,
            -7.0156011
          ],
          [
            110.4916259,
            -7.0155946
          ],
          [
            110.4916631,
            -7.0155933
          ],
          [
            110.4917262,
            -7.015598
          ],
          [
            110.4918669,
            -7.0156064
          ],
          [
            110.4919032,
            -7.0155773
          ],
          [
            110.491928,
            -7.0155461
          ],
          [
            110.4919516,
            -7.0154878
          ],
          [
            110.4920212,
            -7.0151381
          ],
          [
            110.4920896,
            -7.0148213
          ],
          [
            110.4921835,
            -7.0144659
          ],
          [
            110.4923203,
            -7.0140593
          ],
          [
            110.4923572,
            -7.0139597
          ],
          [
            110.4924356,
            -7.0137804
          ],
          [
            110.4926275,
            -7.0134194
          ],
          [
            110.4926773,
            -7.0133256
          ],
          [
            110.4929097,
            -7.0129718
          ],
          [
            110.4929848,
            -7.0128759
          ],
          [
            110.4930082,
            -7.0128209
          ],
          [
            110.4930472,
            -7.0125705
          ],
          [
            110.4930666,
            -7.0123841
          ],
          [
            110.4930626,
            -7.0123022
          ],
          [
            110.4930512,
            -7.012267
          ],
          [
            110.4930321,
            -7.0122384
          ],
          [
            110.4929868,
            -7.0122174
          ],
          [
            110.4929204,
            -7.0122018
          ],
          [
            110.4928105,
            -7.0121558
          ],
          [
            110.492756,
            -7.012131
          ],
          [
            110.4926877,
            -7.0120913
          ],
          [
            110.4926126,
            -7.0120374
          ],
          [
            110.492563,
            -7.0119908
          ],
          [
            110.4925328,
            -7.0119495
          ],
          [
            110.4925295,
            -7.0119236
          ],
          [
            110.4925295,
            -7.0119003
          ],
          [
            110.4925469,
            -7.0117858
          ],
          [
            110.492618,
            -7.0115697
          ],
          [
            110.4927394,
            -7.0112008
          ],
          [
            110.4927863,
            -7.0109792
          ],
          [
            110.4928426,
            -7.0106883
          ],
          [
            110.492905,
            -7.0103808
          ],
          [
            110.492968,
            -7.0100997
          ],
          [
            110.4930338,
            -7.0097626
          ],
          [
            110.4930639,
            -7.0096441
          ],
          [
            110.4931021,
            -7.0095185
          ],
          [
            110.4931149,
            -7.0094764
          ],
          [
            110.493187,
            -7.0092562
          ],
          [
            110.4933375,
            -7.0088757
          ],
          [
            110.4933687,
            -7.0087772
          ],
          [
            110.4933804,
            -7.0087298
          ],
          [
            110.4933908,
            -7.0086782
          ],
          [
            110.4933974,
            -7.0086115
          ],
          [
            110.4934093,
            -7.0084301
          ],
          [
            110.4934215,
            -7.0082503
          ],
          [
            110.4934448,
            -7.0080974
          ],
          [
            110.4934716,
            -7.0079945
          ],
          [
            110.4934909,
            -7.0079301
          ],
          [
            110.4935635,
            -7.0076741
          ],
          [
            110.4936242,
            -7.0074701
          ],
          [
            110.4936919,
            -7.0072309
          ],
          [
            110.4937854,
            -7.0068847
          ],
          [
            110.4938216,
            -7.0067104
          ],
          [
            110.4938761,
            -7.0065052
          ],
          [
            110.4939263,
            -7.0063563
          ],
          [
            110.4939843,
            -7.0062032
          ],
          [
            110.4940014,
            -7.006171
          ],
          [
            110.4940258,
            -7.006146
          ],
          [
            110.4940438,
            -7.0061405
          ],
          [
            110.4940577,
            -7.0061388
          ],
          [
            110.4940921,
            -7.0061435
          ],
          [
            110.4941925,
            -7.0061866
          ],
          [
            110.4944833,
            -7.0063301
          ],
          [
            110.4946209,
            -7.0064016
          ],
          [
            110.4946879,
            -7.006432
          ],
          [
            110.4951309,
            -7.006629
          ],
          [
            110.4953925,
            -7.0067594
          ],
          [
            110.4955181,
            -7.0068102
          ],
          [
            110.4958293,
            -7.0069553
          ],
          [
            110.4961082,
            -7.0070791
          ],
          [
            110.4963402,
            -7.0071536
          ],
          [
            110.496536,
            -7.0072149
          ],
          [
            110.4966567,
            -7.0072455
          ],
          [
            110.4967922,
            -7.0072495
          ],
          [
            110.4970658,
            -7.0071643
          ],
          [
            110.497212,
            -7.0071084
          ],
          [
            110.4972965,
            -7.0070392
          ],
          [
            110.4973394,
            -7.0069806
          ],
          [
            110.4973903,
            -7.0068981
          ],
          [
            110.4974252,
            -7.0067463
          ],
          [
            110.4974574,
            -7.0065932
          ],
          [
            110.4974829,
            -7.0064575
          ],
          [
            110.4975258,
            -7.0062498
          ],
          [
            110.497566,
            -7.0060675
          ],
          [
            110.4976022,
            -7.0058824
          ],
          [
            110.4976317,
            -7.00574
          ],
          [
            110.4976451,
            -7.0056242
          ],
          [
            110.497676,
            -7.0054272
          ],
          [
            110.4977068,
            -7.0052994
          ],
          [
            110.4977337,
            -7.0051796
          ],
          [
            110.4977632,
            -7.0050731
          ],
          [
            110.497798,
            -7.0049414
          ],
          [
            110.4978557,
            -7.0047856
          ],
          [
            110.4979254,
            -7.0046605
          ],
          [
            110.4980381,
            -7.0044756
          ],
          [
            110.4980639,
            -7.0044217
          ],
          [
            110.4980902,
            -7.0043752
          ]
        ]
      }
    },
    {
      "type": "Feature",
      "properties": {
        "id": 507050150,
        "name": "",
        "type": "tertiary",
        "kecamatan": "Mranggen"
      },
      "geometry": {
        "type": "LineString",
        "coordinates": [
          [
            110.5107759,
            -7.0245952
          ],
          [
            110.5108751,
            -7.0245173
          ],
          [
            110.5110227,
            -7.0243856
          ],
          [
            110.5114223,
            -7.0240475
          ],
          [
            110.5116423,
            -7.0238691
          ],
          [
            110.5119064,
            -7.0236329
          ],
          [
            110.5119975,
            -7.0235476
          ],
          [
            110.5122779,
            -7.0232848
          ],
          [
            110.5125381,
            -7.0230306
          ],
          [
            110.5127647,
            -7.0228163
          ],
          [
            110.5129593,
            -7.0226499
          ],
          [
            110.5130758,
            -7.0225434
          ],
          [
            110.5133468,
            -7.0222891
          ],
          [
            110.5135319,
            -7.0221241
          ],
          [
            110.513611,
            -7.0220443
          ],
          [
            110.5136821,
            -7.0219245
          ],
          [
            110.5137572,
            -7.0217541
          ],
          [
            110.513949,
            -7.0213389
          ],
          [
            110.5141018,
            -7.0209914
          ],
          [
            110.5141863,
            -7.0207997
          ],
          [
            110.5143329,
            -7.0204407
          ],
          [
            110.5144733,
            -7.0200849
          ],
          [
            110.5146094,
            -7.0197609
          ],
          [
            110.5147267,
            -7.0194987
          ],
          [
            110.5147794,
            -7.0194002
          ],
          [
            110.514802,
            -7.019355
          ],
          [
            110.5148311,
            -7.0192961
          ],
          [
            110.5148733,
            -7.0192063
          ],
          [
            110.5151667,
            -7.0187587
          ],
          [
            110.5155262,
            -7.0181303
          ],
          [
            110.5158265,
            -7.0175839
          ],
          [
            110.5160357,
            -7.0171819
          ],
          [
            110.516206,
            -7.0168585
          ],
          [
            110.5162865,
            -7.0167254
          ],
          [
            110.5163374,
            -7.0166256
          ],
          [
            110.5164166,
            -7.0164126
          ],
          [
            110.5165654,
            -7.0160851
          ],
          [
            110.5166593,
            -7.0158136
          ],
          [
            110.5167478,
            -7.0154542
          ],
          [
            110.5167988,
            -7.0153371
          ],
          [
            110.5168551,
            -7.0151427
          ],
          [
            110.5169195,
            -7.0149457
          ],
          [
            110.5170616,
            -7.0146715
          ],
          [
            110.5173486,
            -7.0142642
          ],
          [
            110.5176222,
            -7.0139155
          ],
          [
            110.5177711,
            -7.0137172
          ],
          [
            110.5179025,
            -7.0135428
          ],
          [
            110.5182123,
            -7.0131342
          ],
          [
            110.5184323,
            -7.0128467
          ],
          [
            110.518624,
            -7.0126071
          ],
          [
            110.5187555,
            -7.0124287
          ],
          [
            110.5190143,
            -7.0120587
          ],
          [
            110.5192047,
            -7.0118217
          ],
          [
            110.5194193,
            -7.0115342
          ],
          [
            110.5195963,
            -7.0112773
          ],
          [
            110.5197667,
            -7.0110936
          ],
          [
            110.5199169,
            -7.010894
          ],
          [
            110.5200939,
            -7.0106091
          ],
          [
            110.5201851,
            -7.0104334
          ],
          [
            110.5203339,
            -7.0100115
          ],
          [
            110.5206176,
            -7.0093226
          ],
          [
            110.5207926,
            -7.0088002
          ],
          [
            110.5209133,
            -7.0085033
          ],
          [
            110.5210434,
            -7.0081453
          ],
          [
            110.521203,
            -7.0076807
          ],
          [
            110.5214363,
            -7.0069273
          ],
          [
            110.5215409,
            -7.0066638
          ],
          [
            110.5217475,
            -7.0060195
          ],
          [
            110.521903,
            -7.005535
          ],
          [
            110.5221444,
            -7.0048508
          ],
          [
            110.5223697,
            -7.0043078
          ],
          [
            110.5224945,
            -7.0038698
          ],
          [
            110.5225454,
            -7.0037114
          ],
          [
            110.5226085,
            -7.0035357
          ],
          [
            110.5226956,
            -7.0033866
          ],
          [
            110.5227654,
            -7.0032575
          ],
          [
            110.5228472,
            -7.0031497
          ],
          [
            110.5229773,
            -7.00295
          ],
          [
            110.5230886,
            -7.0027996
          ],
          [
            110.5231433,
            -7.0027234
          ],
          [
            110.5232146,
            -7.0026492
          ],
          [
            110.523338,
            -7.0025121
          ],
          [
            110.5234453,
            -7.0023923
          ],
          [
            110.5234963,
            -7.0023158
          ],
          [
            110.5235392,
            -7.0022339
          ],
          [
            110.5235969,
            -7.0020981
          ],
          [
            110.5240166,
            -7.000972
          ],
          [
            110.5245772,
            -6.9992948
          ],
          [
            110.5246362,
            -6.9991178
          ],
          [
            110.5247676,
            -6.9986878
          ],
          [
            110.5248521,
            -6.9984402
          ],
          [
            110.525009,
            -6.998001
          ],
          [
            110.5250466,
            -6.9978679
          ],
          [
            110.5251136,
            -6.9976882
          ],
          [
            110.5251673,
            -6.9975031
          ],
          [
            110.5253617,
            -6.9969587
          ],
          [
            110.5255549,
            -6.996385
          ],
          [
            110.525748,
            -6.9958006
          ],
          [
            110.5258821,
            -6.9954279
          ]
        ]
      }
    },
    {
      "type": "Feature",
      "properties": {
        "id": 510053099,
        "name": "",
        "type": "tertiary",
        "kecamatan": "Karanganyar"
      },
      "geometry": {
        "type": "LineString",
        "coordinates": [
          [
            110.7767079,
            -6.9298488
          ],
          [
            110.7767182,
            -6.9298238
          ],
          [
            110.7767511,
            -6.9297152
          ],
          [
            110.7768255,
            -6.9294356
          ],
          [
            110.7770964,
            -6.9286981
          ],
          [
            110.77737,
            -6.9279871
          ],
          [
            110.7776543,
            -6.9272416
          ],
          [
            110.7779214,
            -6.9265155
          ],
          [
            110.778082,
            -6.9261562
          ],
          [
            110.778235,
            -6.9257498
          ],
          [
            110.778243,
            -6.9257276
          ],
          [
            110.7785006,
            -6.9250102
          ],
          [
            110.7787755,
            -6.9241658
          ],
          [
            110.7790719,
            -6.9233242
          ],
          [
            110.7792214,
            -6.9229341
          ],
          [
            110.7793562,
            -6.9225408
          ],
          [
            110.7794703,
            -6.9220966
          ],
          [
            110.779599,
            -6.9217393
          ],
          [
            110.7797076,
            -6.9214357
          ],
          [
            110.7801904,
            -6.9201044
          ],
          [
            110.7803312,
            -6.9197156
          ],
          [
            110.7804774,
            -6.9193269
          ],
          [
            110.7805753,
            -6.9190646
          ],
          [
            110.7807308,
            -6.9186319
          ],
          [
            110.7809749,
            -6.9179649
          ],
          [
            110.7812857,
            -6.9172758
          ],
          [
            110.7813132,
            -6.9171872
          ],
          [
            110.7813217,
            -6.9171599
          ],
          [
            110.7813641,
            -6.9170629
          ],
          [
            110.7815228,
            -6.9166453
          ],
          [
            110.7816147,
            -6.9163703
          ],
          [
            110.7816669,
            -6.9162512
          ],
          [
            110.7817131,
            -6.9161368
          ],
          [
            110.781755,
            -6.9160333
          ],
          [
            110.7817879,
            -6.9159569
          ],
          [
            110.7818477,
            -6.9158454
          ],
          [
            110.7819764,
            -6.9156344
          ],
          [
            110.78226,
            -6.9151937
          ],
          [
            110.7824368,
            -6.914921
          ],
          [
            110.7825883,
            -6.9146431
          ],
          [
            110.7827867,
            -6.9143165
          ],
          [
            110.7831521,
            -6.9136962
          ],
          [
            110.7833575,
            -6.913374
          ],
          [
            110.7836153,
            -6.9129121
          ],
          [
            110.7837344,
            -6.9127239
          ],
          [
            110.784126,
            -6.9120361
          ],
          [
            110.7844841,
            -6.9114312
          ],
          [
            110.7846477,
            -6.9111306
          ],
          [
            110.784813,
            -6.910846
          ],
          [
            110.785189,
            -6.9102159
          ],
          [
            110.7855489,
            -6.9096222
          ],
          [
            110.7859004,
            -6.9090137
          ],
          [
            110.7863093,
            -6.9082953
          ],
          [
            110.7866676,
            -6.9077021
          ],
          [
            110.7870576,
            -6.9070475
          ],
          [
            110.787413,
            -6.9064319
          ],
          [
            110.7876166,
            -6.9060983
          ],
          [
            110.7881443,
            -6.9051635
          ],
          [
            110.7885549,
            -6.9044722
          ],
          [
            110.7886797,
            -6.9042536
          ],
          [
            110.7886961,
            -6.904227
          ],
          [
            110.7887766,
            -6.9040972
          ],
          [
            110.788792,
            -6.9040723
          ],
          [
            110.7889982,
            -6.9036865
          ],
          [
            110.7893759,
            -6.9030493
          ],
          [
            110.7897298,
            -6.9024351
          ],
          [
            110.7899051,
            -6.9021679
          ],
          [
            110.7900228,
            -6.9019553
          ],
          [
            110.79008,
            -6.9018595
          ],
          [
            110.7901176,
            -6.9017966
          ],
          [
            110.7901557,
            -6.9017525
          ],
          [
            110.7901746,
            -6.9017307
          ],
          [
            110.790316,
            -6.9015361
          ],
          [
            110.7904496,
            -6.9013725
          ],
          [
            110.7905747,
            -6.9012066
          ],
          [
            110.7907845,
            -6.9009675
          ],
          [
            110.791045,
            -6.9006439
          ],
          [
            110.7912596,
            -6.9003925
          ],
          [
            110.7914409,
            -6.9001849
          ],
          [
            110.7915123,
            -6.9000766
          ],
          [
            110.7916401,
            -6.8998613
          ],
          [
            110.7917327,
            -6.8996932
          ],
          [
            110.7917735,
            -6.8995155
          ],
          [
            110.7918868,
            -6.8993218
          ],
          [
            110.7920644,
            -6.899142
          ],
          [
            110.7922285,
            -6.89885
          ],
          [
            110.7924837,
            -6.8984189
          ],
          [
            110.7928431,
            -6.8978033
          ],
          [
            110.793215,
            -6.897166
          ],
          [
            110.7935808,
            -6.8965132
          ],
          [
            110.7937899,
            -6.8961603
          ],
          [
            110.7939955,
            -6.8958118
          ],
          [
            110.7941526,
            -6.8955415
          ],
          [
            110.7942899,
            -6.8952896
          ],
          [
            110.794507,
            -6.8949319
          ],
          [
            110.7947213,
            -6.8945552
          ],
          [
            110.7950949,
            -6.8938827
          ],
          [
            110.7952934,
            -6.8935373
          ],
          [
            110.7954812,
            -6.8932074
          ],
          [
            110.795647,
            -6.892886
          ],
          [
            110.7958011,
            -6.8925573
          ],
          [
            110.7959563,
            -6.892238
          ],
          [
            110.7960908,
            -6.8919489
          ],
          [
            110.7962555,
            -6.8916047
          ],
          [
            110.7964068,
            -6.8912735
          ],
          [
            110.7965319,
            -6.8910355
          ],
          [
            110.796641,
            -6.8908225
          ],
          [
            110.7968106,
            -6.8905456
          ],
          [
            110.7968273,
            -6.8905017
          ]
        ]
      }
    },
    {
      "type": "Feature",
      "properties": {
        "id": 510055524,
        "name": "",
        "type": "tertiary",
        "kecamatan": "Dempet"
      },
      "geometry": {
        "type": "LineString",
        "coordinates": [
          [
            110.7666568,
            -6.9574738
          ],
          [
            110.766668,
            -6.9574468
          ],
          [
            110.766688,
            -6.9573982
          ]
        ]
      }
    },
    {
      "type": "Feature",
      "properties": {
        "id": 516010979,
        "name": "",
        "type": "tertiary",
        "kecamatan": "Mranggen"
      },
      "geometry": {
        "type": "LineString",
        "coordinates": [
          [
            110.5096564,
            -6.9813786
          ],
          [
            110.5096456,
            -6.9814316
          ],
          [
            110.5095756,
            -6.9817758
          ],
          [
            110.5095217,
            -6.9819908
          ],
          [
            110.5094522,
            -6.9822097
          ],
          [
            110.509392,
            -6.9823779
          ],
          [
            110.5093811,
            -6.9824081
          ],
          [
            110.5092495,
            -6.9828052
          ],
          [
            110.5091824,
            -6.9829723
          ],
          [
            110.5091332,
            -6.9830947
          ],
          [
            110.5090807,
            -6.9832254
          ],
          [
            110.509015,
            -6.9833865
          ],
          [
            110.5089335,
            -6.9835915
          ],
          [
            110.5089038,
            -6.9836587
          ],
          [
            110.5088662,
            -6.9837419
          ],
          [
            110.5087958,
            -6.9838784
          ],
          [
            110.5086851,
            -6.98406
          ],
          [
            110.5086543,
            -6.9841053
          ],
          [
            110.5084943,
            -6.9843253
          ],
          [
            110.5083284,
            -6.9845645
          ],
          [
            110.5082774,
            -6.9846351
          ],
          [
            110.5082425,
            -6.9846976
          ],
          [
            110.508198,
            -6.9847988
          ],
          [
            110.5080871,
            -6.9850956
          ],
          [
            110.5079582,
            -6.985486
          ],
          [
            110.50782,
            -6.9859225
          ],
          [
            110.5076931,
            -6.9863244
          ],
          [
            110.5074952,
            -6.9868644
          ],
          [
            110.5074848,
            -6.9868927
          ],
          [
            110.5073547,
            -6.9872348
          ],
          [
            110.5073179,
            -6.9873633
          ],
          [
            110.5072996,
            -6.987463
          ],
          [
            110.5072914,
            -6.98752
          ],
          [
            110.5072884,
            -6.9875703
          ],
          [
            110.5072944,
            -6.9876308
          ],
          [
            110.5073078,
            -6.987722
          ],
          [
            110.5073071,
            -6.9877806
          ],
          [
            110.5072994,
            -6.9878393
          ],
          [
            110.5072863,
            -6.987915
          ],
          [
            110.507234,
            -6.9880295
          ],
          [
            110.5071536,
            -6.9882012
          ],
          [
            110.5071013,
            -6.9883237
          ],
          [
            110.5070114,
            -6.9885393
          ],
          [
            110.5069444,
            -6.9887164
          ],
          [
            110.5068532,
            -6.9889786
          ],
          [
            110.5067495,
            -6.9893192
          ],
          [
            110.5067415,
            -6.9893371
          ],
          [
            110.50673,
            -6.9893727
          ],
          [
            110.5066869,
            -6.9895057
          ],
          [
            110.5065554,
            -6.9898079
          ],
          [
            110.5064253,
            -6.9900755
          ],
          [
            110.5061343,
            -6.9906598
          ],
          [
            110.5059937,
            -6.9910188
          ],
          [
            110.5059747,
            -6.9910578
          ],
          [
            110.5059399,
            -6.9911231
          ],
          [
            110.5058862,
            -6.9912495
          ],
          [
            110.5058245,
            -6.9914545
          ],
          [
            110.505769,
            -6.9916185
          ],
          [
            110.5057307,
            -6.9917314
          ],
          [
            110.5056743,
            -6.9918672
          ],
          [
            110.5055925,
            -6.9920176
          ],
          [
            110.5055536,
            -6.9920948
          ],
          [
            110.5054624,
            -6.9922612
          ],
          [
            110.505396,
            -6.992379
          ],
          [
            110.5053686,
            -6.9924329
          ],
          [
            110.5053367,
            -6.992513
          ],
          [
            110.5053109,
            -6.9926006
          ],
          [
            110.5051835,
            -6.9931677
          ],
          [
            110.5051245,
            -6.993374
          ],
          [
            110.5050325,
            -6.9936718
          ],
          [
            110.5049309,
            -6.9939924
          ],
          [
            110.5049039,
            -6.9940535
          ],
          [
            110.5048746,
            -6.9941041
          ],
          [
            110.5048428,
            -6.9941301
          ],
          [
            110.5048066,
            -6.9941407
          ],
          [
            110.504761,
            -6.9941421
          ],
          [
            110.5047181,
            -6.9941367
          ],
          [
            110.5046187,
            -6.9941113
          ],
          [
            110.5042689,
            -6.9939837
          ],
          [
            110.5041073,
            -6.9939238
          ],
          [
            110.504007,
            -6.9938982
          ],
          [
            110.5039703,
            -6.993888
          ],
          [
            110.503947,
            -6.9938875
          ],
          [
            110.5039279,
            -6.9938942
          ],
          [
            110.5039098,
            -6.9939174
          ],
          [
            110.5038876,
            -6.993976
          ],
          [
            110.5038531,
            -6.9940822
          ],
          [
            110.5036987,
            -6.9945076
          ],
          [
            110.5035372,
            -6.9949417
          ],
          [
            110.5034791,
            -6.9950857
          ],
          [
            110.5033784,
            -6.9953108
          ],
          [
            110.5033013,
            -6.995473
          ],
          [
            110.5032182,
            -6.9956728
          ],
          [
            110.5031866,
            -6.9957487
          ],
          [
            110.5030712,
            -6.9960828
          ],
          [
            110.5028621,
            -6.9967122
          ],
          [
            110.5027021,
            -6.9971607
          ],
          [
            110.5026434,
            -6.9973328
          ],
          [
            110.50263,
            -6.997367
          ],
          [
            110.5026319,
            -6.9973934
          ],
          [
            110.5026488,
            -6.9974213
          ],
          [
            110.5027242,
            -6.9975051
          ],
          [
            110.502905,
            -6.9976709
          ],
          [
            110.5029801,
            -6.9977388
          ],
          [
            110.5030806,
            -6.9978306
          ],
          [
            110.5031754,
            -6.9979233
          ],
          [
            110.5031557,
            -6.9979577
          ],
          [
            110.503142,
            -6.9980061
          ],
          [
            110.5030612,
            -6.998184
          ],
          [
            110.5029767,
            -6.9983397
          ],
          [
            110.5028974,
            -6.9985046
          ],
          [
            110.5028573,
            -6.9985787
          ],
          [
            110.5028138,
            -6.9987065
          ],
          [
            110.5027889,
            -6.9987857
          ],
          [
            110.502681,
            -6.9990193
          ],
          [
            110.5026233,
            -6.9991637
          ],
          [
            110.5025329,
            -6.9993597
          ],
          [
            110.5024403,
            -6.9995191
          ],
          [
            110.5023819,
            -6.999607
          ],
          [
            110.5023088,
            -6.9996802
          ],
          [
            110.5022713,
            -6.9997467
          ],
          [
            110.5022351,
            -6.9998266
          ],
          [
            110.5021217,
            -6.999999
          ],
          [
            110.5020909,
            -7.0000402
          ],
          [
            110.5020212,
            -7.0001061
          ],
          [
            110.5020004,
            -7.000162
          ],
          [
            110.5019747,
            -7.0002398
          ],
          [
            110.5019219,
            -7.0004252
          ],
          [
            110.5018636,
            -7.0005714
          ],
          [
            110.5017851,
            -7.0007005
          ],
          [
            110.5017127,
            -7.0007963
          ],
          [
            110.5016262,
            -7.0008382
          ],
          [
            110.5015377,
            -7.0008595
          ],
          [
            110.5014452,
            -7.0008855
          ],
          [
            110.5013754,
            -7.0008948
          ],
          [
            110.5012406,
            -7.0009422
          ],
          [
            110.501077,
            -7.0010219
          ],
          [
            110.5010361,
            -7.0010512
          ],
          [
            110.5009402,
            -7.0011105
          ],
          [
            110.5008826,
            -7.0011178
          ],
          [
            110.5008363,
            -7.0011058
          ],
          [
            110.500788,
            -7.0010912
          ],
          [
            110.5007254,
            -7.0010516
          ],
          [
            110.5005144,
            -7.0009181
          ],
          [
            110.5001852,
            -7.0008023
          ],
          [
            110.5001362,
            -7.0007908
          ],
          [
            110.5001017,
            -7.0007913
          ],
          [
            110.5000652,
            -7.0008003
          ],
          [
            110.5000216,
            -7.0008356
          ],
          [
            110.499984,
            -7.0009068
          ],
          [
            110.4999223,
            -7.0010266
          ],
          [
            110.4997703,
            -7.0013395
          ],
          [
            110.4997292,
            -7.0014565
          ],
          [
            110.499664,
            -7.0016006
          ],
          [
            110.4996058,
            -7.0017294
          ],
          [
            110.4994503,
            -7.0020475
          ],
          [
            110.4993456,
            -7.0022099
          ],
          [
            110.4992035,
            -7.0024602
          ],
          [
            110.4990372,
            -7.002769
          ],
          [
            110.4990295,
            -7.0027853
          ],
          [
            110.4989681,
            -7.0028935
          ],
          [
            110.4989192,
            -7.0029873
          ],
          [
            110.4988683,
            -7.0031018
          ],
          [
            110.4988105,
            -7.0032143
          ],
          [
            110.4987388,
            -7.0033707
          ],
          [
            110.4986684,
            -7.0034918
          ],
          [
            110.4985893,
            -7.0036129
          ],
          [
            110.4985557,
            -7.0036643
          ],
          [
            110.4984377,
            -7.0038452
          ],
          [
            110.4982272,
            -7.00415
          ],
          [
            110.4981467,
            -7.0042865
          ],
          [
            110.4980902,
            -7.0043752
          ]
        ]
      }
    },
    {
      "type": "Feature",
      "properties": {
        "id": 516011328,
        "name": "",
        "type": "tertiary",
        "kecamatan": "Sayung"
      },
      "geometry": {
        "type": "LineString",
        "coordinates": [
          [
            110.5096564,
            -6.9813786
          ],
          [
            110.5096824,
            -6.9812723
          ]
        ]
      }
    },
    {
      "type": "Feature",
      "properties": {
        "id": 530735624,
        "name": "",
        "type": "secondary",
        "kecamatan": "Mranggen"
      },
      "geometry": {
        "type": "LineString",
        "coordinates": [
          [
            110.5007652,
            -7.0375447
          ],
          [
            110.5008537,
            -7.0373271
          ],
          [
            110.5009506,
            -7.0370782
          ],
          [
            110.5009996,
            -7.036964
          ],
          [
            110.5010851,
            -7.0368106
          ],
          [
            110.5012782,
            -7.0364366
          ],
          [
            110.5013902,
            -7.0362184
          ],
          [
            110.5014341,
            -7.0361378
          ],
          [
            110.5015907,
            -7.0358037
          ],
          [
            110.5016657,
            -7.0356367
          ],
          [
            110.5017422,
            -7.0354823
          ],
          [
            110.5018079,
            -7.0353532
          ],
          [
            110.5019045,
            -7.0351416
          ],
          [
            110.5019917,
            -7.0349406
          ],
          [
            110.502057,
            -7.0347862
          ],
          [
            110.5020808,
            -7.0347256
          ],
          [
            110.5021285,
            -7.0346078
          ],
          [
            110.5022103,
            -7.0344215
          ],
          [
            110.5023269,
            -7.0341739
          ],
          [
            110.5023729,
            -7.0340897
          ],
          [
            110.5024128,
            -7.0340249
          ],
          [
            110.5025201,
            -7.0338412
          ],
          [
            110.5026126,
            -7.0336548
          ],
          [
            110.5026723,
            -7.0335444
          ],
          [
            110.5027313,
            -7.0334152
          ],
          [
            110.5029003,
            -7.0329847
          ],
          [
            110.5029709,
            -7.03282
          ],
          [
            110.5030096,
            -7.0327298
          ],
          [
            110.5031356,
            -7.032433
          ],
          [
            110.5032308,
            -7.0322306
          ],
          [
            110.503267,
            -7.0321428
          ],
          [
            110.5033847,
            -7.031898
          ],
          [
            110.5034166,
            -7.0318274
          ],
          [
            110.5035138,
            -7.0316224
          ],
          [
            110.5036372,
            -7.0313761
          ],
          [
            110.503751,
            -7.0311221
          ],
          [
            110.5038518,
            -7.030897
          ],
          [
            110.5040764,
            -7.0304185
          ],
          [
            110.5041897,
            -7.0301463
          ],
          [
            110.5043238,
            -7.0298694
          ],
          [
            110.5043668,
            -7.0297956
          ],
          [
            110.5043844,
            -7.0297751
          ],
          [
            110.5044212,
            -7.0297455
          ],
          [
            110.5044955,
            -7.0297043
          ],
          [
            110.5045706,
            -7.0296777
          ],
          [
            110.5047268,
            -7.0296278
          ],
          [
            110.5049629,
            -7.029528
          ],
          [
            110.5052586,
            -7.0294049
          ],
          [
            110.5053981,
            -7.0293331
          ],
          [
            110.5055248,
            -7.0292697
          ],
          [
            110.505679,
            -7.0291826
          ],
          [
            110.5057823,
            -7.0291128
          ],
          [
            110.5058876,
            -7.0290242
          ],
          [
            110.506021,
            -7.0289137
          ],
          [
            110.5061665,
            -7.0287893
          ],
          [
            110.5064569,
            -7.0285597
          ],
          [
            110.5066031,
            -7.0284419
          ],
          [
            110.5067298,
            -7.0283434
          ],
          [
            110.5068015,
            -7.0282862
          ],
          [
            110.5069417,
            -7.0281377
          ],
          [
            110.5070878,
            -7.0279834
          ],
          [
            110.5072099,
            -7.0278655
          ],
          [
            110.5072803,
            -7.0278023
          ],
          [
            110.5073702,
            -7.0277085
          ],
          [
            110.5075807,
            -7.0275095
          ],
          [
            110.507804,
            -7.0273085
          ],
          [
            110.5081246,
            -7.0270023
          ],
          [
            110.5082285,
            -7.0268886
          ],
          [
            110.5083498,
            -7.0267714
          ],
          [
            110.5084578,
            -7.026649
          ],
          [
            110.5085128,
            -7.0265764
          ],
          [
            110.5085799,
            -7.0265046
          ],
          [
            110.5087864,
            -7.0263022
          ],
          [
            110.5089057,
            -7.0262171
          ],
          [
            110.509013,
            -7.0261498
          ],
          [
            110.509176,
            -7.0260081
          ],
          [
            110.5092965,
            -7.0259162
          ],
          [
            110.5094106,
            -7.0258251
          ],
          [
            110.5095133,
            -7.0257299
          ],
          [
            110.5096648,
            -7.0255988
          ],
          [
            110.5097983,
            -7.0254976
          ],
          [
            110.5099417,
            -7.0253832
          ],
          [
            110.5101382,
            -7.0252135
          ],
          [
            110.5102837,
            -7.025085
          ],
          [
            110.510434,
            -7.0249413
          ],
          [
            110.5105539,
            -7.0248435
          ],
          [
            110.5107517,
            -7.0246491
          ]
        ]
      }
    },
    {
      "type": "Feature",
      "properties": {
        "id": 548509121,
        "name": "",
        "type": "secondary",
        "kecamatan": "Karangawen"
      },
      "geometry": {
        "type": "LineString",
        "coordinates": [
          [
            110.5435046,
            -7.06664
          ],
          [
            110.5435154,
            -7.0669301
          ]
        ]
      }
    },
    {
      "type": "Feature",
      "properties": {
        "id": 548509122,
        "name": "",
        "type": "secondary",
        "kecamatan": "Karangawen"
      },
      "geometry": {
        "type": "LineString",
        "coordinates": [
          [
            110.5457489,
            -7.0463259
          ],
          [
            110.5457684,
            -7.0465447
          ],
          [
            110.5457634,
            -7.0467152
          ],
          [
            110.5457362,
            -7.0468995
          ],
          [
            110.5457261,
            -7.0470006
          ],
          [
            110.5456557,
            -7.0476182
          ],
          [
            110.545617,
            -7.0478223
          ],
          [
            110.54557,
            -7.0480707
          ],
          [
            110.5455047,
            -7.0484361
          ],
          [
            110.5454573,
            -7.0489758
          ],
          [
            110.5453822,
            -7.0499447
          ],
          [
            110.5453643,
            -7.0500686
          ],
          [
            110.5451846,
            -7.0511919
          ],
          [
            110.5451117,
            -7.0517475
          ],
          [
            110.5449964,
            -7.0527697
          ],
          [
            110.5448958,
            -7.0536772
          ],
          [
            110.5448545,
            -7.053997
          ],
          [
            110.5447357,
            -7.0548709
          ],
          [
            110.5446982,
            -7.0552779
          ],
          [
            110.5445906,
            -7.0560881
          ],
          [
            110.5445431,
            -7.0564147
          ],
          [
            110.5444922,
            -7.0568011
          ],
          [
            110.5444066,
            -7.0574663
          ],
          [
            110.5443528,
            -7.0578847
          ],
          [
            110.5442464,
            -7.058854
          ],
          [
            110.5442327,
            -7.0589783
          ],
          [
            110.5441669,
            -7.0595059
          ],
          [
            110.5441599,
            -7.0595586
          ],
          [
            110.544094,
            -7.0600549
          ],
          [
            110.5440433,
            -7.0604364
          ],
          [
            110.544022,
            -7.0606981
          ],
          [
            110.5440179,
            -7.0607447
          ],
          [
            110.5439663,
            -7.0610974
          ],
          [
            110.5439438,
            -7.0613568
          ],
          [
            110.5439176,
            -7.0616593
          ],
          [
            110.5438674,
            -7.0623545
          ],
          [
            110.5438604,
            -7.0624519
          ],
          [
            110.5437927,
            -7.063142
          ],
          [
            110.5437565,
            -7.0634114
          ],
          [
            110.5436672,
            -7.0641524
          ],
          [
            110.5436537,
            -7.0643088
          ],
          [
            110.5435944,
            -7.0649929
          ],
          [
            110.5435766,
            -7.0651995
          ],
          [
            110.5435225,
            -7.0658385
          ],
          [
            110.5435213,
            -7.065853
          ],
          [
            110.5435097,
            -7.0664003
          ],
          [
            110.543507,
            -7.0665269
          ],
          [
            110.5435046,
            -7.06664
          ]
        ]
      }
    },
    {
      "type": "Feature",
      "properties": {
        "id": 548509133,
        "name": "",
        "type": "primary",
        "kecamatan": "Unknown"
      },
      "geometry": {
        "type": "LineString",
        "coordinates": [
          [
            110.6071955,
            -7.0501771
          ],
          [
            110.6057292,
            -7.0500549
          ],
          [
            110.603853,
            -7.0498949
          ],
          [
            110.6030848,
            -7.0498207
          ],
          [
            110.602718,
            -7.0497891
          ],
          [
            110.6019508,
            -7.0497631
          ],
          [
            110.6017055,
            -7.0497574
          ],
          [
            110.6014058,
            -7.0497574
          ],
          [
            110.601069,
            -7.0497483
          ],
          [
            110.6008717,
            -7.0497357
          ],
          [
            110.6004991,
            -7.0497234
          ],
          [
            110.599498,
            -7.0496695
          ],
          [
            110.5986571,
            -7.0496067
          ],
          [
            110.5979631,
            -7.0494187
          ],
          [
            110.5974902,
            -7.0493116
          ],
          [
            110.5967389,
            -7.0491347
          ],
          [
            110.5961201,
            -7.0489977
          ],
          [
            110.5955721,
            -7.0488763
          ],
          [
            110.5950477,
            -7.0487602
          ],
          [
            110.5949369,
            -7.0487383
          ]
        ]
      }
    },
    {
      "type": "Feature",
      "properties": {
        "id": 548509139,
        "name": "",
        "type": "secondary",
        "kecamatan": "Guntur"
      },
      "geometry": {
        "type": "LineString",
        "coordinates": [
          [
            110.6005951,
            -7.0073045
          ],
          [
            110.6008007,
            -7.0069733
          ],
          [
            110.600976,
            -7.006651
          ],
          [
            110.6012571,
            -7.0060038
          ],
          [
            110.6014902,
            -7.0054785
          ],
          [
            110.6015298,
            -7.0053919
          ],
          [
            110.6023198,
            -7.0036693
          ],
          [
            110.6024887,
            -7.003344
          ],
          [
            110.6028566,
            -7.0026986
          ],
          [
            110.6031982,
            -7.0020627
          ],
          [
            110.6032695,
            -7.0019065
          ],
          [
            110.6034087,
            -7.0015662
          ],
          [
            110.6034677,
            -7.0013159
          ],
          [
            110.603457,
            -7.0011136
          ],
          [
            110.6033211,
            -7.0006827
          ],
          [
            110.6032357,
            -7.0004681
          ],
          [
            110.6031459,
            -7.0002724
          ],
          [
            110.6029312,
            -6.9999116
          ],
          [
            110.6028893,
            -6.9998367
          ],
          [
            110.6023734,
            -6.9986431
          ],
          [
            110.6017726,
            -6.9971096
          ],
          [
            110.6016975,
            -6.9967369
          ],
          [
            110.6016749,
            -6.9963973
          ],
          [
            110.6016438,
            -6.9961406
          ],
          [
            110.6016868,
            -6.9957785
          ],
          [
            110.6018048,
            -6.9954271
          ],
          [
            110.6020837,
            -6.9950118
          ],
          [
            110.6032706,
            -6.9932214
          ],
          [
            110.6038432,
            -6.9922058
          ],
          [
            110.6041222,
            -6.9918171
          ],
          [
            110.6042057,
            -6.9917078
          ],
          [
            110.6045623,
            -6.9912269
          ],
          [
            110.6048494,
            -6.9908839
          ],
          [
            110.6051709,
            -6.9904992
          ],
          [
            110.6055279,
            -6.9900866
          ],
          [
            110.6055726,
            -6.9900345
          ],
          [
            110.6058358,
            -6.9897359
          ],
          [
            110.6064597,
            -6.9889937
          ],
          [
            110.6066942,
            -6.9887229
          ],
          [
            110.6068764,
            -6.988528
          ],
          [
            110.6071674,
            -6.9881965
          ],
          [
            110.6072632,
            -6.9880766
          ],
          [
            110.6073422,
            -6.987969
          ],
          [
            110.607549,
            -6.9875874
          ],
          [
            110.6078069,
            -6.9871941
          ],
          [
            110.6079953,
            -6.9868972
          ],
          [
            110.6082594,
            -6.9865364
          ],
          [
            110.608403,
            -6.986386
          ],
          [
            110.608584,
            -6.9862364
          ],
          [
            110.6089039,
            -6.9860067
          ],
          [
            110.6090487,
            -6.9859155
          ],
          [
            110.6096985,
            -6.9855194
          ],
          [
            110.6097668,
            -6.9854596
          ],
          [
            110.6100484,
            -6.9851254
          ],
          [
            110.6106677,
            -6.9842682
          ],
          [
            110.6109004,
            -6.9838975
          ],
          [
            110.6110595,
            -6.9836733
          ],
          [
            110.6116431,
            -6.9828186
          ],
          [
            110.6119221,
            -6.9823819
          ],
          [
            110.6120981,
            -6.9820385
          ],
          [
            110.6126409,
            -6.9809975
          ],
          [
            110.6127135,
            -6.9808769
          ],
          [
            110.6132704,
            -6.9799345
          ],
          [
            110.6134563,
            -6.9796717
          ],
          [
            110.6135027,
            -6.9796055
          ],
          [
            110.6139246,
            -6.9790721
          ],
          [
            110.6141,
            -6.9788677
          ],
          [
            110.6145915,
            -6.97834
          ],
          [
            110.6146719,
            -6.9782302
          ],
          [
            110.614747,
            -6.9780977
          ],
          [
            110.6148248,
            -6.977916
          ],
          [
            110.6149583,
            -6.9774974
          ],
          [
            110.6149675,
            -6.9774703
          ],
          [
            110.6151056,
            -6.9770454
          ],
          [
            110.6152248,
            -6.9767193
          ],
          [
            110.6152298,
            -6.9767023
          ]
        ]
      }
    },
    {
      "type": "Feature",
      "properties": {
        "id": 548509140,
        "name": "",
        "type": "secondary",
        "kecamatan": "Karangawen"
      },
      "geometry": {
        "type": "LineString",
        "coordinates": [
          [
            110.5897026,
            -7.0312422
          ],
          [
            110.5899467,
            -7.030988
          ]
        ]
      }
    },
    {
      "type": "Feature",
      "properties": {
        "id": 548509143,
        "name": "Jalan Semarang - Purwodadi",
        "type": "primary",
        "kecamatan": "Karangawen"
      },
      "geometry": {
        "type": "LineString",
        "coordinates": [
          [
            110.5898309,
            -7.0476115
          ],
          [
            110.5894067,
            -7.0475072
          ]
        ]
      }
    },
    {
      "type": "Feature",
      "properties": {
        "id": 548509146,
        "name": "",
        "type": "primary",
        "kecamatan": "Karangawen"
      },
      "geometry": {
        "type": "LineString",
        "coordinates": [
          [
            110.5614817,
            -7.0397601
          ],
          [
            110.5611827,
            -7.039645
          ]
        ]
      }
    },
    {
      "type": "Feature",
      "properties": {
        "id": 548509147,
        "name": "",
        "type": "primary",
        "kecamatan": "Karangawen"
      },
      "geometry": {
        "type": "LineString",
        "coordinates": [
          [
            110.5778799,
            -7.0448641
          ],
          [
            110.5774303,
            -7.0447689
          ],
          [
            110.5769043,
            -7.0446634
          ],
          [
            110.5766163,
            -7.0446044
          ],
          [
            110.5765104,
            -7.0445777
          ],
          [
            110.5758861,
            -7.0444266
          ],
          [
            110.5756,
            -7.0443491
          ],
          [
            110.5753258,
            -7.0442832
          ],
          [
            110.5750603,
            -7.044223
          ],
          [
            110.5747744,
            -7.0441455
          ],
          [
            110.5747338,
            -7.0441347
          ],
          [
            110.574533,
            -7.0440867
          ],
          [
            110.5743137,
            -7.0440265
          ],
          [
            110.5739486,
            -7.0439812
          ],
          [
            110.5733443,
            -7.0438508
          ],
          [
            110.5728378,
            -7.043748
          ],
          [
            110.5723367,
            -7.0436353
          ],
          [
            110.5719448,
            -7.0435464
          ],
          [
            110.5710579,
            -7.043268
          ],
          [
            110.5707873,
            -7.0431758
          ],
          [
            110.5701924,
            -7.0429613
          ],
          [
            110.5699884,
            -7.0428785
          ],
          [
            110.5699128,
            -7.0428496
          ],
          [
            110.5691368,
            -7.042571
          ],
          [
            110.5688417,
            -7.0424618
          ],
          [
            110.5685829,
            -7.0423672
          ],
          [
            110.5683955,
            -7.0422987
          ],
          [
            110.5683746,
            -7.0422911
          ],
          [
            110.5665928,
            -7.0416399
          ],
          [
            110.5655375,
            -7.0412542
          ],
          [
            110.5639253,
            -7.0406695
          ],
          [
            110.5637342,
            -7.0406002
          ],
          [
            110.563319,
            -7.0404496
          ]
        ]
      }
    },
    {
      "type": "Feature",
      "properties": {
        "id": 553465907,
        "name": "",
        "type": "tertiary",
        "kecamatan": "Demak"
      },
      "geometry": {
        "type": "LineString",
        "coordinates": [
          [
            110.6355717,
            -6.8982966
          ],
          [
            110.6358158,
            -6.8986774
          ],
          [
            110.6358317,
            -6.8987476
          ]
        ]
      }
    },
    {
      "type": "Feature",
      "properties": {
        "id": 553889188,
        "name": "",
        "type": "secondary",
        "kecamatan": "Dempet"
      },
      "geometry": {
        "type": "LineString",
        "coordinates": [
          [
            110.6972323,
            -6.9871687
          ],
          [
            110.6972361,
            -6.9871323
          ],
          [
            110.6972344,
            -6.9869302
          ],
          [
            110.6972359,
            -6.9864118
          ],
          [
            110.6972394,
            -6.9852119
          ],
          [
            110.6972341,
            -6.9849814
          ],
          [
            110.6972163,
            -6.9847839
          ],
          [
            110.6972163,
            -6.9845606
          ],
          [
            110.6972132,
            -6.9844519
          ],
          [
            110.6972097,
            -6.9843273
          ],
          [
            110.6971855,
            -6.9839835
          ],
          [
            110.6971755,
            -6.9837143
          ],
          [
            110.6971797,
            -6.9833442
          ],
          [
            110.6971617,
            -6.9830904
          ],
          [
            110.6971641,
            -6.9828339
          ],
          [
            110.6971546,
            -6.9826015
          ],
          [
            110.697141,
            -6.9823327
          ],
          [
            110.6971329,
            -6.9822059
          ],
          [
            110.6971273,
            -6.9821144
          ],
          [
            110.6971214,
            -6.9819137
          ],
          [
            110.6971201,
            -6.981712
          ],
          [
            110.6971234,
            -6.9815472
          ],
          [
            110.6970924,
            -6.9813877
          ],
          [
            110.697085,
            -6.9812289
          ],
          [
            110.6970901,
            -6.9810412
          ],
          [
            110.6970651,
            -6.9795774
          ],
          [
            110.697061,
            -6.9793404
          ],
          [
            110.6970448,
            -6.9785019
          ],
          [
            110.6970426,
            -6.9782294
          ],
          [
            110.6969909,
            -6.9777823
          ],
          [
            110.6969963,
            -6.9774495
          ],
          [
            110.6970062,
            -6.9770658
          ],
          [
            110.697007,
            -6.9769676
          ]
        ]
      }
    },
    {
      "type": "Feature",
      "properties": {
        "id": 559868458,
        "name": "",
        "type": "tertiary",
        "kecamatan": "Mranggen"
      },
      "geometry": {
        "type": "LineString",
        "coordinates": [
          [
            110.502345,
            -7.0386807
          ],
          [
            110.5025008,
            -7.038781
          ],
          [
            110.5027477,
            -7.0389113
          ],
          [
            110.5029334,
            -7.0389939
          ],
          [
            110.5030586,
            -7.0390428
          ],
          [
            110.5033329,
            -7.03915
          ],
          [
            110.50354,
            -7.0392357
          ],
          [
            110.5036835,
            -7.0393229
          ],
          [
            110.5037819,
            -7.0393756
          ],
          [
            110.5038278,
            -7.0393938
          ],
          [
            110.503957,
            -7.0394467
          ],
          [
            110.5040094,
            -7.039453
          ],
          [
            110.5040799,
            -7.039456
          ],
          [
            110.5041374,
            -7.039462
          ],
          [
            110.5041792,
            -7.0394716
          ],
          [
            110.5042204,
            -7.0394848
          ]
        ]
      }
    },
    {
      "type": "Feature",
      "properties": {
        "id": 559878874,
        "name": "",
        "type": "tertiary",
        "kecamatan": "Mranggen"
      },
      "geometry": {
        "type": "LineString",
        "coordinates": [
          [
            110.5075286,
            -7.0507363
          ],
          [
            110.5063808,
            -7.0502547
          ],
          [
            110.506351,
            -7.0502438
          ],
          [
            110.5059152,
            -7.0501253
          ],
          [
            110.5057829,
            -7.0500927
          ],
          [
            110.5056676,
            -7.0500645
          ],
          [
            110.5049761,
            -7.049895
          ],
          [
            110.504462,
            -7.0497691
          ],
          [
            110.5042138,
            -7.0497058
          ],
          [
            110.503193,
            -7.0494339
          ],
          [
            110.502622,
            -7.049254
          ],
          [
            110.5019392,
            -7.0490547
          ],
          [
            110.501912,
            -7.0490467
          ],
          [
            110.5014286,
            -7.0489056
          ],
          [
            110.5009694,
            -7.0487679
          ],
          [
            110.5005307,
            -7.0486185
          ],
          [
            110.5001201,
            -7.0484797
          ],
          [
            110.4999307,
            -7.0484132
          ],
          [
            110.4994607,
            -7.0482272
          ],
          [
            110.4989286,
            -7.0480055
          ],
          [
            110.4987784,
            -7.0479377
          ],
          [
            110.498714,
            -7.0479191
          ],
          [
            110.4986947,
            -7.0479176
          ],
          [
            110.498659,
            -7.0479177
          ],
          [
            110.4984999,
            -7.0479462
          ],
          [
            110.4984567,
            -7.0479527
          ],
          [
            110.4984263,
            -7.0479522
          ],
          [
            110.4983962,
            -7.0479444
          ],
          [
            110.4979341,
            -7.0477245
          ],
          [
            110.4979089,
            -7.0477099
          ],
          [
            110.4972971,
            -7.0473557
          ],
          [
            110.4971767,
            -7.047296
          ],
          [
            110.4966242,
            -7.047016
          ],
          [
            110.496345,
            -7.0468745
          ],
          [
            110.4958906,
            -7.046635
          ],
          [
            110.4954221,
            -7.0464009
          ]
        ]
      }
    },
    {
      "type": "Feature",
      "properties": {
        "id": 559879552,
        "name": "",
        "type": "tertiary",
        "kecamatan": "Mranggen"
      },
      "geometry": {
        "type": "LineString",
        "coordinates": [
          [
            110.5062398,
            -7.0523108
          ],
          [
            110.5050201,
            -7.0518705
          ],
          [
            110.5049499,
            -7.0518426
          ],
          [
            110.5046711,
            -7.0517676
          ],
          [
            110.5038591,
            -7.0515414
          ],
          [
            110.5036228,
            -7.0514751
          ],
          [
            110.5031379,
            -7.051339
          ],
          [
            110.5028486,
            -7.0512781
          ],
          [
            110.5027061,
            -7.0512604
          ],
          [
            110.502115,
            -7.0511976
          ],
          [
            110.5018852,
            -7.0511507
          ],
          [
            110.501607,
            -7.0510711
          ],
          [
            110.501537,
            -7.0510461
          ],
          [
            110.5014385,
            -7.0510255
          ],
          [
            110.5012339,
            -7.0509743
          ],
          [
            110.5010129,
            -7.0509273
          ],
          [
            110.5009744,
            -7.0509204
          ],
          [
            110.5007407,
            -7.0508875
          ],
          [
            110.5006127,
            -7.0508735
          ],
          [
            110.5005193,
            -7.0508635
          ],
          [
            110.5004722,
            -7.0508563
          ],
          [
            110.5003664,
            -7.0508206
          ],
          [
            110.5000641,
            -7.0506788
          ],
          [
            110.4999723,
            -7.0506446
          ],
          [
            110.4997423,
            -7.0505361
          ],
          [
            110.499639,
            -7.0504892
          ],
          [
            110.4992323,
            -7.0503567
          ],
          [
            110.4988246,
            -7.0502561
          ],
          [
            110.4985358,
            -7.0501821
          ],
          [
            110.4985128,
            -7.0501754
          ],
          [
            110.4982567,
            -7.0501005
          ],
          [
            110.4981753,
            -7.0500761
          ],
          [
            110.4980342,
            -7.0500349
          ],
          [
            110.4979348,
            -7.0500059
          ],
          [
            110.4978674,
            -7.0499945
          ],
          [
            110.4977116,
            -7.0499749
          ],
          [
            110.4975895,
            -7.0499694
          ],
          [
            110.4974223,
            -7.0499609
          ],
          [
            110.4970465,
            -7.0499363
          ],
          [
            110.4968358,
            -7.0499109
          ],
          [
            110.4967489,
            -7.0498968
          ],
          [
            110.4966376,
            -7.0498666
          ],
          [
            110.4965548,
            -7.0498333
          ],
          [
            110.4964103,
            -7.0497651
          ],
          [
            110.496005,
            -7.0495848
          ],
          [
            110.4959381,
            -7.0495527
          ],
          [
            110.4955531,
            -7.0493696
          ],
          [
            110.4955037,
            -7.0493449
          ],
          [
            110.4954467,
            -7.0493149
          ],
          [
            110.4953968,
            -7.0492677
          ],
          [
            110.4953492,
            -7.0491995
          ],
          [
            110.4953099,
            -7.0491302
          ],
          [
            110.4952583,
            -7.0490387
          ],
          [
            110.495202,
            -7.0489798
          ],
          [
            110.4951272,
            -7.0489259
          ],
          [
            110.495036,
            -7.0488714
          ],
          [
            110.4949724,
            -7.0488372
          ],
          [
            110.4945382,
            -7.048645
          ],
          [
            110.494492,
            -7.0486235
          ],
          [
            110.4942361,
            -7.04852
          ],
          [
            110.4940353,
            -7.0484481
          ],
          [
            110.4938532,
            -7.0483802
          ]
        ]
      }
    },
    {
      "type": "Feature",
      "properties": {
        "id": 559879559,
        "name": "",
        "type": "tertiary",
        "kecamatan": "Mranggen"
      },
      "geometry": {
        "type": "LineString",
        "coordinates": [
          [
            110.5107977,
            -7.0451193
          ],
          [
            110.5108082,
            -7.045084
          ],
          [
            110.5109247,
            -7.0448678
          ],
          [
            110.5115039,
            -7.0438897
          ],
          [
            110.5115528,
            -7.0437995
          ],
          [
            110.5116436,
            -7.043632
          ],
          [
            110.5117482,
            -7.0434623
          ],
          [
            110.5118173,
            -7.0433598
          ],
          [
            110.5118378,
            -7.0433245
          ],
          [
            110.5119145,
            -7.0431928
          ],
          [
            110.5120218,
            -7.0430184
          ],
          [
            110.5120901,
            -7.0429011
          ],
          [
            110.5121509,
            -7.0427965
          ],
          [
            110.512172,
            -7.0427602
          ],
          [
            110.5122732,
            -7.0425698
          ],
          [
            110.5123128,
            -7.0424953
          ],
          [
            110.5123538,
            -7.0424258
          ],
          [
            110.5124845,
            -7.0422038
          ],
          [
            110.5126266,
            -7.0419523
          ],
          [
            110.5127634,
            -7.04171
          ],
          [
            110.5129028,
            -7.0414776
          ],
          [
            110.5129565,
            -7.0413879
          ],
          [
            110.5130323,
            -7.0412805
          ],
          [
            110.5130786,
            -7.0412149
          ],
          [
            110.5132194,
            -7.0409434
          ],
          [
            110.5134501,
            -7.0405255
          ],
          [
            110.5135092,
            -7.0404164
          ],
          [
            110.5136231,
            -7.0402247
          ],
          [
            110.5138148,
            -7.0398932
          ],
          [
            110.5140045,
            -7.0395553
          ],
          [
            110.5140509,
            -7.0394726
          ],
          [
            110.5141227,
            -7.0393401
          ],
          [
            110.514185,
            -7.0392251
          ],
          [
            110.5142507,
            -7.0391273
          ],
          [
            110.5142923,
            -7.039082
          ],
          [
            110.514343,
            -7.0390384
          ]
        ]
      }
    },
    {
      "type": "Feature",
      "properties": {
        "id": 561419779,
        "name": "",
        "type": "primary",
        "kecamatan": "Kebonagung"
      },
      "geometry": {
        "type": "LineString",
        "coordinates": [
          [
            110.669674,
            -7.0517829
          ],
          [
            110.6692944,
            -7.0518587
          ]
        ]
      }
    },
    {
      "type": "Feature",
      "properties": {
        "id": 570130741,
        "name": "Jalan Raya Kauman Kudu",
        "type": "tertiary",
        "kecamatan": "Sayung"
      },
      "geometry": {
        "type": "LineString",
        "coordinates": [
          [
            110.5035591,
            -6.9773952
          ],
          [
            110.5035903,
            -6.9774294
          ],
          [
            110.5036536,
            -6.9774898
          ],
          [
            110.5038974,
            -6.9777224
          ],
          [
            110.5041066,
            -6.977982
          ],
          [
            110.5042193,
            -6.9781563
          ],
          [
            110.5042877,
            -6.9782762
          ],
          [
            110.5044714,
            -6.9786582
          ],
          [
            110.5046578,
            -6.9789737
          ],
          [
            110.5047275,
            -6.9790948
          ],
          [
            110.5047758,
            -6.9791747
          ],
          [
            110.5048321,
            -6.9792612
          ],
          [
            110.5049166,
            -6.9793504
          ],
          [
            110.5050293,
            -6.9794529
          ],
          [
            110.5052251,
            -6.9795488
          ],
          [
            110.5053063,
            -6.9795827
          ],
          [
            110.5055174,
            -6.9796366
          ],
          [
            110.505724,
            -6.9796606
          ],
          [
            110.5059022,
            -6.9796774
          ],
          [
            110.5059735,
            -6.9796819
          ],
          [
            110.5060458,
            -6.9796872
          ],
          [
            110.5061813,
            -6.9796779
          ],
          [
            110.5064147,
            -6.9796566
          ],
          [
            110.5065072,
            -6.9796552
          ],
          [
            110.5065796,
            -6.9796592
          ],
          [
            110.5066735,
            -6.9796726
          ],
          [
            110.5069364,
            -6.9797378
          ],
          [
            110.5070212,
            -6.9797683
          ],
          [
            110.5074258,
            -6.9798882
          ],
          [
            110.5078912,
            -6.9800413
          ],
          [
            110.5080029,
            -6.9800789
          ],
          [
            110.5084424,
            -6.9802303
          ],
          [
            110.5090982,
            -6.9804486
          ],
          [
            110.5093338,
            -6.980527
          ],
          [
            110.5098368,
            -6.9806945
          ],
          [
            110.5099578,
            -6.9807348
          ],
          [
            110.5104004,
            -6.9808959
          ],
          [
            110.5105694,
            -6.9809465
          ],
          [
            110.510796,
            -6.9809984
          ],
          [
            110.511122,
            -6.9810705
          ],
          [
            110.5111823,
            -6.9810763
          ],
          [
            110.5113043,
            -6.9811009
          ],
          [
            110.5116349,
            -6.9811868
          ],
          [
            110.511822,
            -6.9812447
          ],
          [
            110.5120714,
            -6.9813259
          ],
          [
            110.5125252,
            -6.9814917
          ],
          [
            110.5125958,
            -6.9815175
          ],
          [
            110.5129311,
            -6.9816387
          ],
          [
            110.5131644,
            -6.9817252
          ],
          [
            110.5132316,
            -6.9817453
          ],
          [
            110.5135482,
            -6.9818565
          ],
          [
            110.5138766,
            -6.9819688
          ],
          [
            110.5144841,
            -6.9821432
          ],
          [
            110.5145546,
            -6.9821639
          ],
          [
            110.5149601,
            -6.9822604
          ],
          [
            110.5151345,
            -6.9822896
          ],
          [
            110.5152726,
            -6.9823043
          ],
          [
            110.5154404,
            -6.9823124
          ],
          [
            110.5156589,
            -6.9823229
          ],
          [
            110.5158735,
            -6.9823389
          ],
          [
            110.5161698,
            -6.9823628
          ],
          [
            110.5162684,
            -6.9823775
          ],
          [
            110.5163683,
            -6.9824028
          ],
          [
            110.5165725,
            -6.9824869
          ],
          [
            110.5166365,
            -6.9825132
          ],
          [
            110.5171113,
            -6.9827409
          ],
          [
            110.5175539,
            -6.9829499
          ],
          [
            110.5177269,
            -6.9830311
          ],
          [
            110.5180098,
            -6.9831961
          ],
          [
            110.5181185,
            -6.983248
          ],
          [
            110.5186227,
            -6.9834983
          ],
          [
            110.5190009,
            -6.9836674
          ],
          [
            110.519642,
            -6.9839682
          ],
          [
            110.5202746,
            -6.9842856
          ],
          [
            110.5207564,
            -6.9845273
          ],
          [
            110.5211923,
            -6.9847363
          ],
          [
            110.5214927,
            -6.9848854
          ],
          [
            110.5219996,
            -6.9851023
          ],
          [
            110.5224526,
            -6.9853182
          ],
          [
            110.5229512,
            -6.9855549
          ],
          [
            110.5238231,
            -6.9859871
          ]
        ]
      }
    },
    {
      "type": "Feature",
      "properties": {
        "id": 570133283,
        "name": "Jalan Kyai H. Nasir",
        "type": "secondary",
        "kecamatan": "Mranggen"
      },
      "geometry": {
        "type": "LineString",
        "coordinates": [
          [
            110.4891449,
            -7.0338625
          ],
          [
            110.4892502,
            -7.0338994
          ],
          [
            110.4897963,
            -7.0341041
          ],
          [
            110.489985,
            -7.0341725
          ],
          [
            110.4905074,
            -7.034379
          ],
          [
            110.4906377,
            -7.0344358
          ],
          [
            110.4912608,
            -7.034689
          ],
          [
            110.4918371,
            -7.0349579
          ],
          [
            110.492422,
            -7.0352132
          ],
          [
            110.4938937,
            -7.0358953
          ],
          [
            110.4939541,
            -7.0359277
          ],
          [
            110.4941373,
            -7.0360119
          ]
        ]
      }
    },
    {
      "type": "Feature",
      "properties": {
        "id": 578430093,
        "name": "",
        "type": "tertiary",
        "kecamatan": "Mranggen"
      },
      "geometry": {
        "type": "LineString",
        "coordinates": [
          [
            110.5080875,
            -7.043766
          ],
          [
            110.5084001,
            -7.0438955
          ],
          [
            110.5084719,
            -7.0439321
          ],
          [
            110.508545,
            -7.0439574
          ],
          [
            110.5086415,
            -7.0439874
          ],
          [
            110.5086958,
            -7.044006
          ],
          [
            110.5088266,
            -7.0440512
          ],
          [
            110.50907,
            -7.0441444
          ],
          [
            110.509192,
            -7.0441903
          ],
          [
            110.5093811,
            -7.0442669
          ],
          [
            110.5096735,
            -7.0443667
          ],
          [
            110.5101555,
            -7.044549
          ],
          [
            110.5103779,
            -7.0446332
          ],
          [
            110.5105999,
            -7.0447244
          ],
          [
            110.5109247,
            -7.0448678
          ]
        ]
      }
    },
    {
      "type": "Feature",
      "properties": {
        "id": 578430108,
        "name": "",
        "type": "tertiary",
        "kecamatan": "Mranggen"
      },
      "geometry": {
        "type": "LineString",
        "coordinates": [
          [
            110.5042204,
            -7.0394848
          ],
          [
            110.5041378,
            -7.0399592
          ],
          [
            110.5041079,
            -7.0401415
          ],
          [
            110.5040802,
            -7.0402568
          ],
          [
            110.5040368,
            -7.0403864
          ],
          [
            110.5039282,
            -7.0406783
          ]
        ]
      }
    },
    {
      "type": "Feature",
      "properties": {
        "id": 589162503,
        "name": "Jalan Brigadir Jenderal Sudiarto",
        "type": "primary",
        "kecamatan": "Mranggen"
      },
      "geometry": {
        "type": "LineString",
        "coordinates": [
          [
            110.4991709,
            -7.0212456
          ],
          [
            110.4988758,
            -7.0211415
          ]
        ]
      }
    },
    {
      "type": "Feature",
      "properties": {
        "id": 589162505,
        "name": "Jalan Letnan Jenderal Sarwo Edi",
        "type": "secondary",
        "kecamatan": "Mranggen"
      },
      "geometry": {
        "type": "LineString",
        "coordinates": [
          [
            110.4874818,
            -7.0351606
          ],
          [
            110.4874494,
            -7.0351528
          ],
          [
            110.4866549,
            -7.0349344
          ],
          [
            110.4866266,
            -7.0349266
          ]
        ]
      }
    },
    {
      "type": "Feature",
      "properties": {
        "id": 592265555,
        "name": "",
        "type": "tertiary",
        "kecamatan": "Mranggen"
      },
      "geometry": {
        "type": "LineString",
        "coordinates": [
          [
            110.4901117,
            -7.0485236
          ],
          [
            110.4902168,
            -7.048498
          ],
          [
            110.4903281,
            -7.0484688
          ],
          [
            110.4903971,
            -7.0484498
          ],
          [
            110.4904427,
            -7.0484395
          ],
          [
            110.4905105,
            -7.0484661
          ],
          [
            110.4906744,
            -7.0485613
          ],
          [
            110.4908122,
            -7.0486471
          ],
          [
            110.4908424,
            -7.0486784
          ],
          [
            110.4908581,
            -7.048711
          ],
          [
            110.4908655,
            -7.048733
          ],
          [
            110.4908786,
            -7.0488015
          ],
          [
            110.4909074,
            -7.0489842
          ]
        ]
      }
    },
    {
      "type": "Feature",
      "properties": {
        "id": 595374602,
        "name": "",
        "type": "secondary",
        "kecamatan": "Mranggen"
      },
      "geometry": {
        "type": "LineString",
        "coordinates": [
          [
            110.4983103,
            -7.077841
          ],
          [
            110.49837,
            -7.0772342
          ]
        ]
      }
    },
    {
      "type": "Feature",
      "properties": {
        "id": 595374605,
        "name": "",
        "type": "secondary",
        "kecamatan": "Mranggen"
      },
      "geometry": {
        "type": "LineString",
        "coordinates": [
          [
            110.49837,
            -7.0772342
          ],
          [
            110.4983746,
            -7.077162
          ],
          [
            110.4983972,
            -7.0768176
          ],
          [
            110.4984039,
            -7.0766952
          ],
          [
            110.498433,
            -7.076409
          ],
          [
            110.4984665,
            -7.0761148
          ],
          [
            110.4984914,
            -7.0759125
          ],
          [
            110.4985309,
            -7.0753138
          ],
          [
            110.4985584,
            -7.0748967
          ]
        ]
      }
    },
    {
      "type": "Feature",
      "properties": {
        "id": 600565397,
        "name": "Jalan Kyai H. Nasir",
        "type": "secondary",
        "kecamatan": "Mranggen"
      },
      "geometry": {
        "type": "LineString",
        "coordinates": [
          [
            110.4888636,
            -7.033776
          ],
          [
            110.4891449,
            -7.0338625
          ]
        ]
      }
    },
    {
      "type": "Feature",
      "properties": {
        "id": 600565399,
        "name": "Jalan Kyai H. Nasir",
        "type": "secondary",
        "kecamatan": "Mranggen"
      },
      "geometry": {
        "type": "LineString",
        "coordinates": [
          [
            110.4871086,
            -7.0332294
          ],
          [
            110.4871451,
            -7.0332251
          ],
          [
            110.4871864,
            -7.0332292
          ],
          [
            110.487212,
            -7.0332329
          ],
          [
            110.48726,
            -7.0332435
          ],
          [
            110.4874006,
            -7.0332921
          ],
          [
            110.4878068,
            -7.0334326
          ],
          [
            110.4882856,
            -7.0335884
          ],
          [
            110.4888636,
            -7.033776
          ]
        ]
      }
    },
    {
      "type": "Feature",
      "properties": {
        "id": 605244828,
        "name": "",
        "type": "tertiary",
        "kecamatan": "Dempet"
      },
      "geometry": {
        "type": "LineString",
        "coordinates": [
          [
            110.7330838,
            -6.988925
          ],
          [
            110.733337,
            -6.9885084
          ],
          [
            110.733368,
            -6.9884513
          ],
          [
            110.7333887,
            -6.9883722
          ],
          [
            110.7334251,
            -6.9882545
          ],
          [
            110.7334851,
            -6.98811
          ],
          [
            110.7335615,
            -6.9875393
          ],
          [
            110.7336515,
            -6.9871183
          ],
          [
            110.7337747,
            -6.986531
          ],
          [
            110.7340422,
            -6.9851891
          ],
          [
            110.734251,
            -6.9839961
          ],
          [
            110.7344825,
            -6.982837
          ],
          [
            110.7347422,
            -6.9817071
          ],
          [
            110.7349905,
            -6.9805827
          ],
          [
            110.7351207,
            -6.9798171
          ],
          [
            110.7351241,
            -6.9798034
          ],
          [
            110.7351293,
            -6.9797827
          ]
        ]
      }
    },
    {
      "type": "Feature",
      "properties": {
        "id": 620058418,
        "name": "",
        "type": "tertiary",
        "kecamatan": "Demak"
      },
      "geometry": {
        "type": "LineString",
        "coordinates": [
          [
            110.6570602,
            -6.8503552
          ],
          [
            110.6569507,
            -6.8504772
          ],
          [
            110.6568253,
            -6.8506301
          ]
        ]
      }
    },
    {
      "type": "Feature",
      "properties": {
        "id": 620058419,
        "name": "",
        "type": "tertiary",
        "kecamatan": "Demak"
      },
      "geometry": {
        "type": "LineString",
        "coordinates": [
          [
            110.6568253,
            -6.8506301
          ],
          [
            110.6568068,
            -6.8506445
          ],
          [
            110.6564265,
            -6.8510084
          ],
          [
            110.6563595,
            -6.8510949
          ],
          [
            110.6562951,
            -6.8512121
          ],
          [
            110.6559545,
            -6.8519551
          ],
          [
            110.6557479,
            -6.8523705
          ],
          [
            110.65552,
            -6.8527567
          ],
          [
            110.6550854,
            -6.8535476
          ],
          [
            110.6546542,
            -6.8542671
          ],
          [
            110.6543651,
            -6.8547049
          ],
          [
            110.6538838,
            -6.8553092
          ],
          [
            110.6535163,
            -6.8557766
          ],
          [
            110.6533995,
            -6.8559245
          ],
          [
            110.6533405,
            -6.856047
          ],
          [
            110.6532079,
            -6.8563891
          ],
          [
            110.6528738,
            -6.8572454
          ],
          [
            110.6526109,
            -6.857762
          ],
          [
            110.6524178,
            -6.8580869
          ],
          [
            110.6523534,
            -6.858236
          ],
          [
            110.6523159,
            -6.8583905
          ],
          [
            110.6522944,
            -6.8585929
          ],
          [
            110.6523051,
            -6.8591787
          ],
          [
            110.652281,
            -6.8597859
          ],
          [
            110.6522086,
            -6.8608351
          ],
          [
            110.6522086,
            -6.8612011
          ],
          [
            110.6522086,
            -6.8614263
          ],
          [
            110.6522918,
            -6.8624375
          ],
          [
            110.652391,
            -6.8636419
          ],
          [
            110.652433,
            -6.8640641
          ],
          [
            110.6524902,
            -6.8648217
          ],
          [
            110.6525121,
            -6.8651078
          ],
          [
            110.652516,
            -6.8654513
          ],
          [
            110.6525184,
            -6.8656585
          ],
          [
            110.652497,
            -6.8660577
          ],
          [
            110.6524875,
            -6.8662357
          ],
          [
            110.6524178,
            -6.8668428
          ],
          [
            110.6524046,
            -6.8670371
          ],
          [
            110.6523856,
            -6.8672716
          ],
          [
            110.6523442,
            -6.8676815
          ],
          [
            110.6523442,
            -6.8678213
          ],
          [
            110.6523751,
            -6.8682314
          ],
          [
            110.6523724,
            -6.8683446
          ],
          [
            110.6523603,
            -6.8684724
          ],
          [
            110.652253,
            -6.8688892
          ],
          [
            110.6521954,
            -6.8690809
          ],
          [
            110.6520317,
            -6.8695416
          ],
          [
            110.6519124,
            -6.8697639
          ],
          [
            110.6518051,
            -6.8699836
          ],
          [
            110.6516292,
            -6.8703366
          ],
          [
            110.6512365,
            -6.8710741
          ],
          [
            110.651156,
            -6.8712605
          ],
          [
            110.650846,
            -6.8720889
          ],
          [
            110.6507602,
            -6.8723818
          ],
          [
            110.6507215,
            -6.8725587
          ],
          [
            110.6507094,
            -6.8727344
          ],
          [
            110.6507173,
            -6.872925
          ],
          [
            110.6507441,
            -6.8732233
          ],
          [
            110.6507939,
            -6.8736252
          ],
          [
            110.650806,
            -6.873781
          ],
          [
            110.6508085,
            -6.8739902
          ],
          [
            110.6507817,
            -6.8745654
          ],
          [
            110.6506753,
            -6.8765357
          ],
          [
            110.6506687,
            -6.8765691
          ]
        ]
      }
    },
    {
      "type": "Feature",
      "properties": {
        "id": 620058421,
        "name": "",
        "type": "tertiary",
        "kecamatan": "Demak"
      },
      "geometry": {
        "type": "LineString",
        "coordinates": [
          [
            110.6483699,
            -6.8817285
          ],
          [
            110.6482371,
            -6.8819228
          ]
        ]
      }
    },
    {
      "type": "Feature",
      "properties": {
        "id": 620058422,
        "name": "",
        "type": "tertiary",
        "kecamatan": "Demak"
      },
      "geometry": {
        "type": "LineString",
        "coordinates": [
          [
            110.6482371,
            -6.8819228
          ],
          [
            110.6482036,
            -6.8819674
          ],
          [
            110.6481798,
            -6.8819911
          ],
          [
            110.6481464,
            -6.8820279
          ],
          [
            110.6482022,
            -6.8820786
          ],
          [
            110.6483665,
            -6.882245
          ],
          [
            110.6484061,
            -6.882281
          ],
          [
            110.6484355,
            -6.882305
          ],
          [
            110.6484108,
            -6.8823449
          ],
          [
            110.6483873,
            -6.8823835
          ],
          [
            110.6483685,
            -6.8824234
          ],
          [
            110.6480109,
            -6.8830734
          ],
          [
            110.6479668,
            -6.8831544
          ],
          [
            110.6479519,
            -6.8832012
          ],
          [
            110.6478105,
            -6.8836563
          ],
          [
            110.6478006,
            -6.8837041
          ],
          [
            110.6478079,
            -6.8837303
          ],
          [
            110.6478301,
            -6.8837808
          ],
          [
            110.6480011,
            -6.8840904
          ],
          [
            110.6480413,
            -6.8841656
          ],
          [
            110.6480855,
            -6.8842289
          ],
          [
            110.6481238,
            -6.8842768
          ],
          [
            110.6481895,
            -6.884342
          ],
          [
            110.6483913,
            -6.8845012
          ],
          [
            110.6484604,
            -6.8845597
          ],
          [
            110.6484939,
            -6.8846017
          ],
          [
            110.6485234,
            -6.8846449
          ],
          [
            110.6485455,
            -6.8846929
          ],
          [
            110.6485556,
            -6.8847441
          ],
          [
            110.6485529,
            -6.8847741
          ],
          [
            110.6485422,
            -6.8848074
          ],
          [
            110.6485261,
            -6.8848353
          ],
          [
            110.6484979,
            -6.8848593
          ],
          [
            110.6483209,
            -6.8849885
          ],
          [
            110.6481725,
            -6.885089
          ],
          [
            110.6480544,
            -6.8852124
          ],
          [
            110.6479572,
            -6.8853661
          ],
          [
            110.6478124,
            -6.8855978
          ],
          [
            110.6477261,
            -6.8857447
          ],
          [
            110.6476691,
            -6.8858566
          ],
          [
            110.6475947,
            -6.8860356
          ],
          [
            110.6475404,
            -6.8861768
          ],
          [
            110.6474351,
            -6.8864784
          ],
          [
            110.6473996,
            -6.8866594
          ],
          [
            110.6473634,
            -6.8868105
          ],
          [
            110.6473296,
            -6.8868912
          ],
          [
            110.647284,
            -6.8870437
          ],
          [
            110.6472169,
            -6.887278
          ],
          [
            110.6471927,
            -6.8874379
          ],
          [
            110.6471934,
            -6.8874571
          ],
          [
            110.6471956,
            -6.8875068
          ],
          [
            110.6471968,
            -6.8875803
          ]
        ]
      }
    },
    {
      "type": "Feature",
      "properties": {
        "id": 623705102,
        "name": "",
        "type": "secondary",
        "kecamatan": "Unknown"
      },
      "geometry": {
        "type": "LineString",
        "coordinates": [
          [
            110.4629186,
            -7.1270001
          ],
          [
            110.4631465,
            -7.127189
          ],
          [
            110.4632062,
            -7.1272322
          ],
          [
            110.4633426,
            -7.1272678
          ],
          [
            110.4634657,
            -7.1272608
          ],
          [
            110.4635501,
            -7.1272382
          ],
          [
            110.4638385,
            -7.1270718
          ],
          [
            110.4639495,
            -7.1269948
          ],
          [
            110.464214,
            -7.126811
          ],
          [
            110.4643374,
            -7.1267498
          ],
          [
            110.4645869,
            -7.126694
          ],
          [
            110.4648018,
            -7.1266397
          ],
          [
            110.4649804,
            -7.1265803
          ],
          [
            110.4652386,
            -7.1265103
          ],
          [
            110.4656182,
            -7.1264165
          ],
          [
            110.4658502,
            -7.1263746
          ],
          [
            110.4661023,
            -7.1263798
          ],
          [
            110.4663468,
            -7.1263741
          ],
          [
            110.4663964,
            -7.1263625
          ],
          [
            110.4664454,
            -7.1263511
          ],
          [
            110.4664485,
            -7.126325
          ],
          [
            110.4664504,
            -7.1263053
          ],
          [
            110.4664663,
            -7.1261731
          ],
          [
            110.4664862,
            -7.1258066
          ],
          [
            110.4665134,
            -7.1255334
          ],
          [
            110.4665557,
            -7.1253305
          ],
          [
            110.4665972,
            -7.1251868
          ],
          [
            110.4668211,
            -7.1247617
          ],
          [
            110.4672771,
            -7.1241469
          ],
          [
            110.4673898,
            -7.124025
          ],
          [
            110.4675759,
            -7.1238266
          ],
          [
            110.4676124,
            -7.1237875
          ],
          [
            110.4678744,
            -7.1234557
          ],
          [
            110.4680872,
            -7.1231195
          ],
          [
            110.4682964,
            -7.1227096
          ],
          [
            110.4684734,
            -7.1223955
          ],
          [
            110.4685153,
            -7.1223299
          ],
          [
            110.4686691,
            -7.1220896
          ],
          [
            110.4688677,
            -7.1216663
          ],
          [
            110.4690581,
            -7.1212245
          ],
          [
            110.4692378,
            -7.1205857
          ],
          [
            110.4693604,
            -7.1201447
          ],
          [
            110.4693902,
            -7.120036
          ],
          [
            110.4695033,
            -7.1197619
          ],
          [
            110.4696482,
            -7.1194359
          ],
          [
            110.4698619,
            -7.1189897
          ],
          [
            110.4702106,
            -7.1183828
          ],
          [
            110.470544,
            -7.1175516
          ],
          [
            110.4708704,
            -7.1166635
          ],
          [
            110.47099,
            -7.1161123
          ],
          [
            110.4710095,
            -7.1158861
          ],
          [
            110.4710028,
            -7.1157989
          ],
          [
            110.4709249,
            -7.1155608
          ],
          [
            110.4709136,
            -7.1155048
          ],
          [
            110.4709116,
            -7.1154489
          ],
          [
            110.4709356,
            -7.1153319
          ],
          [
            110.4711154,
            -7.1145986
          ],
          [
            110.4711489,
            -7.1142206
          ],
          [
            110.4711065,
            -7.1140019
          ],
          [
            110.471098,
            -7.1139345
          ],
          [
            110.471102,
            -7.1138793
          ],
          [
            110.4711234,
            -7.1137935
          ],
          [
            110.4712781,
            -7.1134856
          ],
          [
            110.4714659,
            -7.1130491
          ],
          [
            110.4714788,
            -7.1129417
          ],
          [
            110.4714701,
            -7.1128572
          ],
          [
            110.4714567,
            -7.1128
          ],
          [
            110.4714239,
            -7.1127341
          ],
          [
            110.4713493,
            -7.1126577
          ],
          [
            110.4712716,
            -7.112617
          ],
          [
            110.4709256,
            -7.1125072
          ],
          [
            110.4708747,
            -7.112482
          ],
          [
            110.4707935,
            -7.1124387
          ],
          [
            110.4706339,
            -7.1123236
          ],
          [
            110.4703791,
            -7.1121745
          ],
          [
            110.4703476,
            -7.1121446
          ],
          [
            110.4703268,
            -7.11211
          ],
          [
            110.4703208,
            -7.1120754
          ],
          [
            110.4703394,
            -7.1119738
          ],
          [
            110.470387,
            -7.1115756
          ],
          [
            110.4704905,
            -7.1106195
          ],
          [
            110.4705361,
            -7.1104758
          ],
          [
            110.4705642,
            -7.1103999
          ],
          [
            110.4706513,
            -7.1102749
          ],
          [
            110.4707404,
            -7.1101974
          ],
          [
            110.4711279,
            -7.1098845
          ],
          [
            110.4717202,
            -7.1096015
          ],
          [
            110.4722988,
            -7.1093907
          ],
          [
            110.4731335,
            -7.1091258
          ],
          [
            110.4733871,
            -7.1090453
          ],
          [
            110.4739112,
            -7.1088114
          ],
          [
            110.4740801,
            -7.108736
          ],
          [
            110.4743889,
            -7.1086061
          ],
          [
            110.4744984,
            -7.1085514
          ],
          [
            110.4746585,
            -7.1084491
          ],
          [
            110.4750153,
            -7.1081788
          ],
          [
            110.4754016,
            -7.1079539
          ],
          [
            110.475639,
            -7.1078209
          ],
          [
            110.4758428,
            -7.1075427
          ],
          [
            110.4759286,
            -7.1074363
          ],
          [
            110.4763739,
            -7.1069479
          ],
          [
            110.4764476,
            -7.10686
          ],
          [
            110.4768071,
            -7.1065499
          ],
          [
            110.4768996,
            -7.1064648
          ],
          [
            110.4769164,
            -7.1064288
          ],
          [
            110.4769358,
            -7.1063397
          ],
          [
            110.4770391,
            -7.1056636
          ],
          [
            110.4770538,
            -7.1053975
          ],
          [
            110.4770458,
            -7.1050441
          ],
          [
            110.4770216,
            -7.104921
          ],
          [
            110.4768854,
            -7.104423
          ],
          [
            110.4767568,
            -7.1039529
          ],
          [
            110.4767139,
            -7.103879
          ],
          [
            110.4766656,
            -7.1038191
          ],
          [
            110.4764449,
            -7.1036262
          ],
          [
            110.4762418,
            -7.1034585
          ],
          [
            110.4761767,
            -7.10338
          ],
          [
            110.4761727,
            -7.1033623
          ],
          [
            110.4761734,
            -7.1033287
          ],
          [
            110.4761774,
            -7.1033068
          ],
          [
            110.4761881,
            -7.1032808
          ],
          [
            110.4768034,
            -7.1027488
          ],
          [
            110.4768161,
            -7.1027345
          ],
          [
            110.476941,
            -7.1024949
          ],
          [
            110.4770542,
            -7.1022776
          ],
          [
            110.4772788,
            -7.1016953
          ],
          [
            110.4774043,
            -7.10137
          ],
          [
            110.4774519,
            -7.101212
          ],
          [
            110.4776211,
            -7.1007849
          ],
          [
            110.4776345,
            -7.1007626
          ],
          [
            110.477667,
            -7.1007373
          ],
          [
            110.4776986,
            -7.1007247
          ],
          [
            110.4777264,
            -7.1007223
          ],
          [
            110.4779833,
            -7.1008202
          ],
          [
            110.4785898,
            -7.1010559
          ],
          [
            110.479288,
            -7.101268
          ],
          [
            110.4794592,
            -7.1013218
          ],
          [
            110.4796354,
            -7.1013771
          ],
          [
            110.479791,
            -7.1014356
          ],
          [
            110.4798822,
            -7.1014809
          ],
          [
            110.4801169,
            -7.1016446
          ],
          [
            110.4802796,
            -7.1017852
          ],
          [
            110.4803932,
            -7.1018628
          ],
          [
            110.4804803,
            -7.1019054
          ],
          [
            110.4805943,
            -7.1019374
          ],
          [
            110.480825,
            -7.1019799
          ],
          [
            110.4809323,
            -7.1019959
          ],
          [
            110.4809993,
            -7.1020092
          ],
          [
            110.4811254,
            -7.1020598
          ],
          [
            110.4813923,
            -7.1022115
          ],
          [
            110.4815036,
            -7.1022874
          ],
          [
            110.4816364,
            -7.1023592
          ],
          [
            110.4818201,
            -7.1024417
          ],
          [
            110.4820649,
            -7.1025289
          ],
          [
            110.4824015,
            -7.1026247
          ],
          [
            110.4828487,
            -7.1027438
          ],
          [
            110.4830834,
            -7.1027933
          ],
          [
            110.4834549,
            -7.1028716
          ],
          [
            110.483766,
            -7.1029281
          ],
          [
            110.4838177,
            -7.1029321
          ],
          [
            110.4838593,
            -7.1029248
          ],
          [
            110.4838679,
            -7.1028869
          ],
          [
            110.4838781,
            -7.1028389
          ],
          [
            110.4839337,
            -7.1025601
          ],
          [
            110.4839873,
            -7.102306
          ],
          [
            110.4840175,
            -7.1021989
          ],
          [
            110.4840624,
            -7.1020491
          ],
          [
            110.4841134,
            -7.1018948
          ],
          [
            110.484104,
            -7.1016672
          ],
          [
            110.4841121,
            -7.1015874
          ],
          [
            110.4841214,
            -7.1014556
          ],
          [
            110.4841469,
            -7.1012773
          ],
          [
            110.4841911,
            -7.1010896
          ],
          [
            110.4842555,
            -7.1009393
          ],
          [
            110.4843655,
            -7.1007835
          ],
          [
            110.4845479,
            -7.10052
          ],
          [
            110.4846217,
            -7.1003311
          ],
          [
            110.4847115,
            -7.1000982
          ],
          [
            110.4847933,
            -7.0999238
          ],
          [
            110.4848886,
            -7.0997468
          ],
          [
            110.4849663,
            -7.0995685
          ],
          [
            110.4849878,
            -7.0995053
          ],
          [
            110.4850937,
            -7.0991945
          ],
          [
            110.4852372,
            -7.0988605
          ],
          [
            110.4853083,
            -7.0987141
          ],
          [
            110.4854384,
            -7.0985371
          ],
          [
            110.4855283,
            -7.0983042
          ],
          [
            110.4855899,
            -7.0981086
          ],
          [
            110.485661,
            -7.0978903
          ],
          [
            110.4856825,
            -7.0978331
          ],
          [
            110.4857133,
            -7.0977845
          ],
          [
            110.4857817,
            -7.0977067
          ],
          [
            110.4858233,
            -7.0976215
          ],
          [
            110.4858394,
            -7.0975576
          ],
          [
            110.4858367,
            -7.0974219
          ],
          [
            110.485834,
            -7.0972289
          ],
          [
            110.4858327,
            -7.0971211
          ],
          [
            110.4858488,
            -7.097004
          ],
          [
            110.4858783,
            -7.0967924
          ],
          [
            110.4859065,
            -7.0966806
          ],
          [
            110.4859225,
            -7.0965568
          ],
          [
            110.4858951,
            -7.0962468
          ],
          [
            110.4858729,
            -7.0960272
          ],
          [
            110.4858702,
            -7.0957836
          ],
          [
            110.4859092,
            -7.0956026
          ],
          [
            110.4859843,
            -7.0954137
          ],
          [
            110.4861036,
            -7.0952407
          ],
          [
            110.4861707,
            -7.0951648
          ],
          [
            110.4862525,
            -7.0950729
          ],
          [
            110.4862722,
            -7.095058
          ],
          [
            110.4863678,
            -7.0949093
          ],
          [
            110.4864496,
            -7.0947695
          ],
          [
            110.4865435,
            -7.0945632
          ],
          [
            110.4866066,
            -7.0943649
          ],
          [
            110.4866347,
            -7.0942838
          ],
          [
            110.4866468,
            -7.0942079
          ],
          [
            110.4866495,
            -7.0941227
          ],
          [
            110.4866468,
            -7.0938432
          ],
          [
            110.4866253,
            -7.0936902
          ],
          [
            110.4865972,
            -7.0935877
          ],
          [
            110.4865528,
            -7.093416
          ],
          [
            110.4864858,
            -7.093094
          ],
          [
            110.4863778,
            -7.0926229
          ],
          [
            110.4863423,
            -7.0923594
          ],
          [
            110.4863262,
            -7.0921571
          ],
          [
            110.486286,
            -7.0919894
          ],
          [
            110.4862296,
            -7.0917712
          ],
          [
            110.4861881,
            -7.0915249
          ],
          [
            110.4861894,
            -7.0913453
          ],
          [
            110.4862163,
            -7.0912282
          ],
          [
            110.4862913,
            -7.0910166
          ],
          [
            110.4863601,
            -7.0909024
          ],
          [
            110.486408,
            -7.0908236
          ],
          [
            110.4865167,
            -7.09062
          ],
          [
            110.4865917,
            -7.0904936
          ],
          [
            110.4867171,
            -7.0900823
          ],
          [
            110.4867728,
            -7.0897961
          ],
          [
            110.4868345,
            -7.0896551
          ],
          [
            110.486923,
            -7.0894701
          ],
          [
            110.4870303,
            -7.0892479
          ],
          [
            110.4870879,
            -7.0891201
          ],
          [
            110.4872676,
            -7.0887221
          ],
          [
            110.4873367,
            -7.0885924
          ],
          [
            110.4873799,
            -7.0885189
          ],
          [
            110.4874581,
            -7.0884254
          ],
          [
            110.487564,
            -7.0883389
          ],
          [
            110.4877961,
            -7.0881645
          ],
          [
            110.4882118,
            -7.0878115
          ],
          [
            110.4882752,
            -7.0877517
          ],
          [
            110.4883264,
            -7.0876755
          ],
          [
            110.488362,
            -7.0876003
          ],
          [
            110.4884143,
            -7.0874672
          ],
          [
            110.4884546,
            -7.087362
          ],
          [
            110.4885035,
            -7.0872675
          ],
          [
            110.4885981,
            -7.0871677
          ],
          [
            110.4887054,
            -7.0870899
          ],
          [
            110.4888133,
            -7.0870061
          ],
          [
            110.488891,
            -7.0869202
          ],
          [
            110.488983,
            -7.0867725
          ],
          [
            110.4890527,
            -7.086662
          ],
          [
            110.4891519,
            -7.0865675
          ],
          [
            110.4892874,
            -7.0864916
          ],
          [
            110.4894738,
            -7.0864251
          ],
          [
            110.4897025,
            -7.0863692
          ],
          [
            110.4899291,
            -7.086326
          ],
          [
            110.4901504,
            -7.0862834
          ],
          [
            110.4904106,
            -7.08626
          ],
          [
            110.4908189,
            -7.0862215
          ],
          [
            110.4911984,
            -7.0861363
          ],
          [
            110.4913057,
            -7.0860964
          ],
          [
            110.4913969,
            -7.0860432
          ],
          [
            110.4915109,
            -7.085962
          ],
          [
            110.4915645,
            -7.0858649
          ],
          [
            110.4915847,
            -7.0857583
          ],
          [
            110.4915807,
            -7.0856612
          ],
          [
            110.4915498,
            -7.0855361
          ],
          [
            110.4915217,
            -7.0853578
          ],
          [
            110.4915055,
            -7.0852061
          ],
          [
            110.4914908,
            -7.0850464
          ],
          [
            110.4914908,
            -7.0848348
          ],
          [
            110.4915015,
            -7.0847123
          ],
          [
            110.4915498,
            -7.084518
          ],
          [
            110.4916075,
            -7.0843317
          ],
          [
            110.4917201,
            -7.0840908
          ],
          [
            110.4918542,
            -7.0838738
          ],
          [
            110.4919803,
            -7.0836862
          ],
          [
            110.4920635,
            -7.0835598
          ],
          [
            110.4921291,
            -7.083416
          ],
          [
            110.4921748,
            -7.0832842
          ],
          [
            110.4923162,
            -7.0829542
          ],
          [
            110.4923859,
            -7.0828318
          ],
          [
            110.492445,
            -7.0827726
          ],
          [
            110.4925476,
            -7.0827107
          ],
          [
            110.4926837,
            -7.0826694
          ],
          [
            110.4927776,
            -7.0826348
          ],
          [
            110.4928447,
            -7.0825982
          ],
          [
            110.4929117,
            -7.0825496
          ],
          [
            110.4930029,
            -7.0824432
          ],
          [
            110.4931618,
            -7.082185
          ],
          [
            110.4933489,
            -7.0819401
          ],
          [
            110.4934512,
            -7.0818383
          ],
          [
            110.493542,
            -7.0817431
          ],
          [
            110.4936191,
            -7.0816553
          ],
          [
            110.4936527,
            -7.0816067
          ],
          [
            110.4936761,
            -7.0815482
          ],
          [
            110.4937224,
            -7.0813911
          ],
          [
            110.4937653,
            -7.0812281
          ],
          [
            110.4938136,
            -7.0810843
          ],
          [
            110.4938713,
            -7.0809592
          ],
          [
            110.4939497,
            -7.0808275
          ],
          [
            110.4940543,
            -7.0806664
          ],
          [
            110.4941777,
            -7.0805188
          ],
          [
            110.4943493,
            -7.0803723
          ],
          [
            110.4945908,
            -7.0802339
          ],
          [
            110.4948589,
            -7.0801221
          ],
          [
            110.4953814,
            -7.0799331
          ]
        ]
      }
    },
    {
      "type": "Feature",
      "properties": {
        "id": 624291632,
        "name": "",
        "type": "secondary",
        "kecamatan": "Mranggen"
      },
      "geometry": {
        "type": "LineString",
        "coordinates": [
          [
            110.4985584,
            -7.0748967
          ],
          [
            110.4985946,
            -7.0745124
          ],
          [
            110.4986228,
            -7.0743501
          ],
          [
            110.4986738,
            -7.0741604
          ],
          [
            110.4986927,
            -7.0740769
          ],
          [
            110.4987039,
            -7.0739788
          ],
          [
            110.4987247,
            -7.0737964
          ],
          [
            110.4987937,
            -7.073064
          ],
          [
            110.4988025,
            -7.0728395
          ],
          [
            110.4987947,
            -7.072813
          ],
          [
            110.4987811,
            -7.072767
          ],
          [
            110.4987462,
            -7.0727344
          ],
          [
            110.4987006,
            -7.0727157
          ],
          [
            110.4986221,
            -7.0726987
          ],
          [
            110.4977289,
            -7.0726721
          ],
          [
            110.497622,
            -7.0726658
          ],
          [
            110.4975566,
            -7.0726548
          ],
          [
            110.4975131,
            -7.0726471
          ],
          [
            110.4974641,
            -7.0726374
          ],
          [
            110.4974665,
            -7.0726281
          ],
          [
            110.4974842,
            -7.0725374
          ],
          [
            110.497509,
            -7.072399
          ],
          [
            110.497648,
            -7.0718373
          ],
          [
            110.4977394,
            -7.0714368
          ],
          [
            110.4977919,
            -7.0711323
          ],
          [
            110.4978643,
            -7.0709125
          ],
          [
            110.4979204,
            -7.0707355
          ],
          [
            110.4980281,
            -7.0704768
          ],
          [
            110.4980679,
            -7.070374
          ],
          [
            110.4980877,
            -7.0703324
          ],
          [
            110.4981092,
            -7.0703053
          ],
          [
            110.4981769,
            -7.0702642
          ],
          [
            110.4983076,
            -7.0701996
          ],
          [
            110.4985524,
            -7.0700898
          ],
          [
            110.4987039,
            -7.0699864
          ],
          [
            110.4987252,
            -7.0699679
          ],
          [
            110.4988008,
            -7.0698876
          ],
          [
            110.4988595,
            -7.0697868
          ],
          [
            110.4988917,
            -7.0696912
          ],
          [
            110.4989024,
            -7.0695805
          ],
          [
            110.4989077,
            -7.0694523
          ],
          [
            110.4988957,
            -7.0693372
          ],
          [
            110.4988635,
            -7.0692194
          ],
          [
            110.4987844,
            -7.0690684
          ],
          [
            110.4986966,
            -7.0689226
          ],
          [
            110.4986349,
            -7.0687969
          ],
          [
            110.4985926,
            -7.0686924
          ],
          [
            110.4985169,
            -7.0684555
          ],
          [
            110.4984646,
            -7.0682692
          ],
          [
            110.4984498,
            -7.0681281
          ],
          [
            110.4984364,
            -7.0678765
          ],
          [
            110.4984364,
            -7.0677448
          ],
          [
            110.4984337,
            -7.0674107
          ]
        ]
      }
    },
    {
      "type": "Feature",
      "properties": {
        "id": 629397698,
        "name": "",
        "type": "tertiary",
        "kecamatan": "Karanganyar"
      },
      "geometry": {
        "type": "LineString",
        "coordinates": [
          [
            110.7679764,
            -6.8939102
          ],
          [
            110.7679692,
            -6.893927
          ],
          [
            110.7679482,
            -6.8939828
          ],
          [
            110.7676101,
            -6.8948824
          ],
          [
            110.7674942,
            -6.8951848
          ],
          [
            110.7673389,
            -6.8955871
          ],
          [
            110.7672053,
            -6.8959478
          ],
          [
            110.7666753,
            -6.8973193
          ],
          [
            110.7663176,
            -6.8982401
          ],
          [
            110.7661276,
            -6.8987014
          ],
          [
            110.7659749,
            -6.8991521
          ],
          [
            110.7657038,
            -6.899869
          ],
          [
            110.765571,
            -6.9001939
          ],
          [
            110.7654341,
            -6.9005639
          ],
          [
            110.765288,
            -6.9009554
          ],
          [
            110.7652236,
            -6.9011258
          ],
          [
            110.7651472,
            -6.9013242
          ],
          [
            110.7650721,
            -6.9015226
          ],
          [
            110.7649969,
            -6.9017648
          ],
          [
            110.7648803,
            -6.9020404
          ],
          [
            110.7648323,
            -6.9021649
          ],
          [
            110.7646537,
            -6.9026556
          ],
          [
            110.7644163,
            -6.9032747
          ],
          [
            110.7643034,
            -6.9035837
          ],
          [
            110.7641964,
            -6.9038685
          ],
          [
            110.7641795,
            -6.9039156
          ],
          [
            110.7641615,
            -6.9039657
          ],
          [
            110.7640985,
            -6.9041201
          ],
          [
            110.764022,
            -6.9043158
          ],
          [
            110.7638906,
            -6.9046913
          ],
          [
            110.7637189,
            -6.9051173
          ],
          [
            110.7635815,
            -6.9054734
          ],
          [
            110.7635003,
            -6.9056725
          ],
          [
            110.7633112,
            -6.9061811
          ],
          [
            110.7632469,
            -6.9063861
          ],
          [
            110.7631582,
            -6.9066463
          ]
        ]
      }
    },
    {
      "type": "Feature",
      "properties": {
        "id": 629397699,
        "name": "",
        "type": "tertiary",
        "kecamatan": "Karanganyar"
      },
      "geometry": {
        "type": "LineString",
        "coordinates": [
          [
            110.7793156,
            -6.8640897
          ],
          [
            110.779122,
            -6.8645973
          ],
          [
            110.7790015,
            -6.8649284
          ],
          [
            110.7788745,
            -6.8652357
          ],
          [
            110.7787966,
            -6.865465
          ],
          [
            110.7784807,
            -6.8663162
          ],
          [
            110.7783174,
            -6.8667632
          ],
          [
            110.7781304,
            -6.8672477
          ],
          [
            110.7779474,
            -6.8677325
          ],
          [
            110.7778095,
            -6.8680894
          ],
          [
            110.7776731,
            -6.8684325
          ],
          [
            110.7775287,
            -6.8688154
          ],
          [
            110.7774385,
            -6.869055
          ],
          [
            110.7766649,
            -6.8710805
          ],
          [
            110.7766282,
            -6.8711693
          ]
        ]
      }
    },
    {
      "type": "Feature",
      "properties": {
        "id": 629397700,
        "name": "",
        "type": "tertiary",
        "kecamatan": "Karanganyar"
      },
      "geometry": {
        "type": "LineString",
        "coordinates": [
          [
            110.7793599,
            -6.8639885
          ],
          [
            110.7793156,
            -6.8640897
          ]
        ]
      }
    },
    {
      "type": "Feature",
      "properties": {
        "id": 629397701,
        "name": "",
        "type": "tertiary",
        "kecamatan": "Karanganyar"
      },
      "geometry": {
        "type": "LineString",
        "coordinates": [
          [
            110.7765728,
            -6.8713061
          ],
          [
            110.7761533,
            -6.8724219
          ],
          [
            110.7759699,
            -6.8729241
          ],
          [
            110.7755455,
            -6.8740436
          ],
          [
            110.7754412,
            -6.8743105
          ],
          [
            110.7752034,
            -6.874939
          ],
          [
            110.7749705,
            -6.8755119
          ],
          [
            110.7748315,
            -6.8758562
          ],
          [
            110.7746895,
            -6.8761757
          ],
          [
            110.7745786,
            -6.8764373
          ],
          [
            110.7744417,
            -6.8768305
          ],
          [
            110.7743057,
            -6.8771934
          ],
          [
            110.7741999,
            -6.8774737
          ],
          [
            110.773979,
            -6.8780796
          ],
          [
            110.7738866,
            -6.8783399
          ],
          [
            110.7737274,
            -6.8787757
          ]
        ]
      }
    },
    {
      "type": "Feature",
      "properties": {
        "id": 629397702,
        "name": "",
        "type": "tertiary",
        "kecamatan": "Karanganyar"
      },
      "geometry": {
        "type": "LineString",
        "coordinates": [
          [
            110.7766282,
            -6.8711693
          ],
          [
            110.7765728,
            -6.8713061
          ]
        ]
      }
    },
    {
      "type": "Feature",
      "properties": {
        "id": 629397703,
        "name": "",
        "type": "tertiary",
        "kecamatan": "Karanganyar"
      },
      "geometry": {
        "type": "LineString",
        "coordinates": [
          [
            110.7736796,
            -6.8788972
          ],
          [
            110.7736707,
            -6.8789288
          ],
          [
            110.7735639,
            -6.8792374
          ],
          [
            110.7735045,
            -6.8794121
          ],
          [
            110.773401,
            -6.8796778
          ],
          [
            110.7731471,
            -6.880119
          ],
          [
            110.7728746,
            -6.8807683
          ],
          [
            110.7726158,
            -6.8814661
          ],
          [
            110.7724723,
            -6.8818483
          ],
          [
            110.7723903,
            -6.882069
          ],
          [
            110.7723625,
            -6.8821518
          ],
          [
            110.7720513,
            -6.8831413
          ],
          [
            110.7718745,
            -6.8835945
          ],
          [
            110.7716679,
            -6.8840983
          ],
          [
            110.771312,
            -6.8850914
          ],
          [
            110.771159,
            -6.8854625
          ],
          [
            110.7710429,
            -6.8857954
          ],
          [
            110.7708835,
            -6.8861968
          ],
          [
            110.7707583,
            -6.8865218
          ],
          [
            110.7706632,
            -6.8868075
          ],
          [
            110.7706484,
            -6.8868521
          ],
          [
            110.770529,
            -6.8871495
          ],
          [
            110.7703254,
            -6.8876947
          ],
          [
            110.7701442,
            -6.888184
          ],
          [
            110.770047,
            -6.8884302
          ],
          [
            110.7699153,
            -6.8887994
          ]
        ]
      }
    },
    {
      "type": "Feature",
      "properties": {
        "id": 629397704,
        "name": "",
        "type": "tertiary",
        "kecamatan": "Karanganyar"
      },
      "geometry": {
        "type": "LineString",
        "coordinates": [
          [
            110.7737274,
            -6.8787757
          ],
          [
            110.7736796,
            -6.8788972
          ]
        ]
      }
    },
    {
      "type": "Feature",
      "properties": {
        "id": 629397705,
        "name": "",
        "type": "tertiary",
        "kecamatan": "Karanganyar"
      },
      "geometry": {
        "type": "LineString",
        "coordinates": [
          [
            110.769881,
            -6.8889056
          ],
          [
            110.769778,
            -6.8891656
          ],
          [
            110.7696829,
            -6.8894262
          ],
          [
            110.7689357,
            -6.8913973
          ],
          [
            110.7685107,
            -6.8925011
          ],
          [
            110.7683826,
            -6.8928312
          ],
          [
            110.7682761,
            -6.893145
          ],
          [
            110.7681686,
            -6.8934179
          ],
          [
            110.7680083,
            -6.8938221
          ]
        ]
      }
    },
    {
      "type": "Feature",
      "properties": {
        "id": 629397706,
        "name": "",
        "type": "tertiary",
        "kecamatan": "Karanganyar"
      },
      "geometry": {
        "type": "LineString",
        "coordinates": [
          [
            110.7699153,
            -6.8887994
          ],
          [
            110.769881,
            -6.8889056
          ]
        ]
      }
    },
    {
      "type": "Feature",
      "properties": {
        "id": 629397707,
        "name": "",
        "type": "tertiary",
        "kecamatan": "Karanganyar"
      },
      "geometry": {
        "type": "LineString",
        "coordinates": [
          [
            110.7680083,
            -6.8938221
          ],
          [
            110.7679764,
            -6.8939102
          ]
        ]
      }
    },
    {
      "type": "Feature",
      "properties": {
        "id": 629397708,
        "name": "",
        "type": "tertiary",
        "kecamatan": "Karanganyar"
      },
      "geometry": {
        "type": "LineString",
        "coordinates": [
          [
            110.7804761,
            -6.8607437
          ],
          [
            110.7804942,
            -6.8608409
          ],
          [
            110.7804747,
            -6.8609921
          ],
          [
            110.7804358,
            -6.8611027
          ],
          [
            110.7803863,
            -6.8612216
          ],
          [
            110.7803457,
            -6.8613238
          ],
          [
            110.7802447,
            -6.861606
          ],
          [
            110.780016,
            -6.8622264
          ],
          [
            110.7798551,
            -6.8626764
          ],
          [
            110.7797693,
            -6.8629108
          ],
          [
            110.7796057,
            -6.8633355
          ],
          [
            110.7794481,
            -6.863715
          ],
          [
            110.7793799,
            -6.8639538
          ],
          [
            110.7793599,
            -6.8639885
          ]
        ]
      }
    },
    {
      "type": "Feature",
      "properties": {
        "id": 629397710,
        "name": "",
        "type": "tertiary",
        "kecamatan": "Dempet"
      },
      "geometry": {
        "type": "LineString",
        "coordinates": [
          [
            110.7559355,
            -6.9237486
          ],
          [
            110.755899,
            -6.9238275
          ]
        ]
      }
    },
    {
      "type": "Feature",
      "properties": {
        "id": 629397712,
        "name": "",
        "type": "tertiary",
        "kecamatan": "Dempet"
      },
      "geometry": {
        "type": "LineString",
        "coordinates": [
          [
            110.75124,
            -6.9338496
          ],
          [
            110.7512043,
            -6.9339263
          ],
          [
            110.7511515,
            -6.9340399
          ]
        ]
      }
    },
    {
      "type": "Feature",
      "properties": {
        "id": 629397716,
        "name": "",
        "type": "tertiary",
        "kecamatan": "Dempet"
      },
      "geometry": {
        "type": "LineString",
        "coordinates": [
          [
            110.7437459,
            -6.9492078
          ],
          [
            110.7436908,
            -6.9493423
          ]
        ]
      }
    },
    {
      "type": "Feature",
      "properties": {
        "id": 630794167,
        "name": "",
        "type": "tertiary",
        "kecamatan": "Mranggen"
      },
      "geometry": {
        "type": "LineString",
        "coordinates": [
          [
            110.5252732,
            -6.9867356
          ],
          [
            110.5262947,
            -6.987219
          ],
          [
            110.5266988,
            -6.9874158
          ],
          [
            110.527113,
            -6.9876161
          ],
          [
            110.5275209,
            -6.9878218
          ],
          [
            110.5279322,
            -6.9880244
          ],
          [
            110.5282425,
            -6.988177
          ]
        ]
      }
    },
    {
      "type": "Feature",
      "properties": {
        "id": 630794289,
        "name": "",
        "type": "tertiary",
        "kecamatan": "Mranggen"
      },
      "geometry": {
        "type": "LineString",
        "coordinates": [
          [
            110.5458232,
            -6.9970359
          ],
          [
            110.5453246,
            -6.9966893
          ],
          [
            110.5447629,
            -6.9962876
          ],
          [
            110.5442828,
            -6.995934
          ],
          [
            110.5440511,
            -6.9957578
          ],
          [
            110.5439138,
            -6.9956558
          ],
          [
            110.5436246,
            -6.9954531
          ],
          [
            110.5434848,
            -6.9953523
          ],
          [
            110.5433322,
            -6.9952617
          ],
          [
            110.5432454,
            -6.9952224
          ],
          [
            110.5431822,
            -6.9952034
          ],
          [
            110.5431081,
            -6.9951895
          ],
          [
            110.5430137,
            -6.9951825
          ],
          [
            110.5429,
            -6.9951647
          ],
          [
            110.5427047,
            -6.9951432
          ],
          [
            110.542471,
            -6.9951343
          ],
          [
            110.542328,
            -6.9951217
          ],
          [
            110.5422055,
            -6.9951179
          ],
          [
            110.5420778,
            -6.9951026
          ],
          [
            110.5419603,
            -6.9950874
          ],
          [
            110.5418339,
            -6.9950621
          ],
          [
            110.5416615,
            -6.9950165
          ],
          [
            110.5415185,
            -6.9949873
          ],
          [
            110.5413385,
            -6.9949442
          ],
          [
            110.5411385,
            -6.9948995
          ],
          [
            110.5408533,
            -6.9948403
          ],
          [
            110.5406848,
            -6.9947998
          ],
          [
            110.5404716,
            -6.9947326
          ]
        ]
      }
    },
    {
      "type": "Feature",
      "properties": {
        "id": 630794351,
        "name": "",
        "type": "tertiary",
        "kecamatan": "Mranggen"
      },
      "geometry": {
        "type": "LineString",
        "coordinates": [
          [
            110.5532856,
            -7.001768
          ],
          [
            110.5526894,
            -7.001406
          ],
          [
            110.5518861,
            -7.0009221
          ],
          [
            110.5510821,
            -7.0004243
          ],
          [
            110.5507509,
            -7.0002166
          ],
          [
            110.5502298,
            -6.9998832
          ],
          [
            110.549452,
            -6.9993747
          ],
          [
            110.5488056,
            -6.9989567
          ],
          [
            110.5483174,
            -6.9986624
          ],
          [
            110.5475897,
            -6.9981942
          ],
          [
            110.5473758,
            -6.9980522
          ],
          [
            110.546987,
            -6.9978013
          ],
          [
            110.5465816,
            -6.9975352
          ],
          [
            110.5460839,
            -6.9972161
          ]
        ]
      }
    },
    {
      "type": "Feature",
      "properties": {
        "id": 630795229,
        "name": "",
        "type": "tertiary",
        "kecamatan": "Karangtengah"
      },
      "geometry": {
        "type": "LineString",
        "coordinates": [
          [
            110.5727799,
            -6.9214184
          ],
          [
            110.5727765,
            -6.921413
          ],
          [
            110.5726491,
            -6.9212001
          ],
          [
            110.5725125,
            -6.9209871
          ],
          [
            110.5723648,
            -6.9207567
          ],
          [
            110.5721743,
            -6.9204347
          ],
          [
            110.5720377,
            -6.9201943
          ],
          [
            110.5719525,
            -6.9200572
          ],
          [
            110.5715524,
            -6.9193639
          ],
          [
            110.571489,
            -6.9192651
          ],
          [
            110.5712369,
            -6.9188503
          ],
          [
            110.5711004,
            -6.9186041
          ],
          [
            110.5707206,
            -6.9179915
          ],
          [
            110.5705489,
            -6.9177026
          ],
          [
            110.5704517,
            -6.9175592
          ],
          [
            110.5702406,
            -6.917224
          ],
          [
            110.5700657,
            -6.9169478
          ],
          [
            110.5698829,
            -6.916622
          ],
          [
            110.5697577,
            -6.9164258
          ],
          [
            110.5696799,
            -6.9163167
          ],
          [
            110.5696002,
            -6.9162019
          ],
          [
            110.5693674,
            -6.9159173
          ],
          [
            110.5692869,
            -6.9158108
          ],
          [
            110.5691668,
            -6.9156282
          ],
          [
            110.5690293,
            -6.9153869
          ],
          [
            110.5690134,
            -6.9153595
          ],
          [
            110.5689052,
            -6.9151702
          ],
          [
            110.5687599,
            -6.9148708
          ],
          [
            110.5686136,
            -6.9145838
          ],
          [
            110.5680464,
            -6.9136513
          ],
          [
            110.5679874,
            -6.9135368
          ],
          [
            110.5679365,
            -6.9134143
          ],
          [
            110.5678849,
            -6.9133252
          ],
          [
            110.567679,
            -6.9128738
          ],
          [
            110.5675998,
            -6.9127367
          ],
          [
            110.5674054,
            -6.9124065
          ],
          [
            110.5670943,
            -6.9118806
          ],
          [
            110.5670018,
            -6.9117262
          ],
          [
            110.5668367,
            -6.9114352
          ],
          [
            110.5666635,
            -6.9111482
          ],
          [
            110.5665358,
            -6.9109471
          ],
          [
            110.5664324,
            -6.9107879
          ],
          [
            110.5664076,
            -6.9107516
          ],
          [
            110.5663018,
            -6.9105885
          ],
          [
            110.5662859,
            -6.910564
          ],
          [
            110.5661457,
            -6.9103256
          ],
          [
            110.5661152,
            -6.9102737
          ],
          [
            110.5659675,
            -6.910029
          ],
          [
            110.5659559,
            -6.9100099
          ],
          [
            110.5658993,
            -6.9099236
          ],
          [
            110.5658079,
            -6.9097625
          ],
          [
            110.565662,
            -6.9095055
          ],
          [
            110.5655504,
            -6.9092403
          ],
          [
            110.5655446,
            -6.9092265
          ],
          [
            110.5654816,
            -6.9090897
          ],
          [
            110.5653889,
            -6.9089128
          ],
          [
            110.5653526,
            -6.9088435
          ],
          [
            110.5652505,
            -6.9086486
          ],
          [
            110.5652436,
            -6.9086366
          ],
          [
            110.5651759,
            -6.9085144
          ],
          [
            110.5650315,
            -6.9082537
          ],
          [
            110.5649058,
            -6.9080267
          ],
          [
            110.5648982,
            -6.908013
          ],
          [
            110.564727,
            -6.907728
          ],
          [
            110.5646027,
            -6.9075298
          ],
          [
            110.5643846,
            -6.9071628
          ],
          [
            110.5643262,
            -6.9070744
          ],
          [
            110.5642088,
            -6.9068601
          ],
          [
            110.564081,
            -6.9066007
          ],
          [
            110.563968,
            -6.9063921
          ],
          [
            110.5638918,
            -6.9062792
          ],
          [
            110.5638341,
            -6.906198
          ],
          [
            110.5637547,
            -6.906085
          ],
          [
            110.563524,
            -6.9057755
          ],
          [
            110.5635001,
            -6.905743
          ],
          [
            110.563432,
            -6.9056449
          ],
          [
            110.5633409,
            -6.9055102
          ],
          [
            110.5632446,
            -6.9053569
          ],
          [
            110.5632238,
            -6.9053198
          ],
          [
            110.5630619,
            -6.9050045
          ],
          [
            110.5629851,
            -6.9048723
          ],
          [
            110.5628332,
            -6.9045992
          ],
          [
            110.5627108,
            -6.9043897
          ],
          [
            110.5625928,
            -6.9041933
          ],
          [
            110.5625308,
            -6.9040948
          ],
          [
            110.5623508,
            -6.9038322
          ],
          [
            110.5621342,
            -6.9035608
          ],
          [
            110.5620993,
            -6.9035126
          ],
          [
            110.5619968,
            -6.9033696
          ],
          [
            110.5618234,
            -6.9031349
          ],
          [
            110.5616849,
            -6.9029145
          ],
          [
            110.5614982,
            -6.9026326
          ],
          [
            110.5613409,
            -6.9023946
          ],
          [
            110.5612839,
            -6.9023187
          ],
          [
            110.5611666,
            -6.902149
          ],
          [
            110.5610915,
            -6.9020145
          ],
          [
            110.5610318,
            -6.901888
          ],
          [
            110.5609459,
            -6.9016977
          ],
          [
            110.5608576,
            -6.9015003
          ],
          [
            110.5607917,
            -6.9013528
          ],
          [
            110.5607173,
            -6.9011997
          ],
          [
            110.5605946,
            -6.9009481
          ],
          [
            110.560492,
            -6.900785
          ],
          [
            110.5603968,
            -6.9006372
          ],
          [
            110.5603364,
            -6.9005493
          ],
          [
            110.5603074,
            -6.9004977
          ],
          [
            110.5602633,
            -6.9004195
          ],
          [
            110.5601607,
            -6.9002118
          ],
          [
            110.5600347,
            -6.8999329
          ],
          [
            110.5599301,
            -6.8997252
          ],
          [
            110.5598283,
            -6.8995042
          ],
          [
            110.5596793,
            -6.8991953
          ],
          [
            110.5595921,
            -6.8989876
          ],
          [
            110.5595418,
            -6.8988325
          ],
          [
            110.5594513,
            -6.8986654
          ],
          [
            110.5593443,
            -6.8984806
          ],
          [
            110.5592194,
            -6.8982691
          ],
          [
            110.5590852,
            -6.8979544
          ],
          [
            110.5589511,
            -6.8976109
          ],
          [
            110.5588843,
            -6.8974745
          ],
          [
            110.558694,
            -6.8970641
          ],
          [
            110.5586027,
            -6.8968719
          ],
          [
            110.5584012,
            -6.8964286
          ],
          [
            110.5581183,
            -6.8958546
          ],
          [
            110.5578388,
            -6.8953057
          ],
          [
            110.557709,
            -6.8950172
          ],
          [
            110.5573766,
            -6.8943104
          ],
          [
            110.5572894,
            -6.8941226
          ],
          [
            110.5570387,
            -6.8936167
          ],
          [
            110.556973,
            -6.8934555
          ],
          [
            110.5567973,
            -6.8930109
          ],
          [
            110.5567329,
            -6.8928099
          ],
          [
            110.556698,
            -6.8926921
          ],
          [
            110.5566524,
            -6.8925862
          ],
          [
            110.5565783,
            -6.8924524
          ],
          [
            110.5565677,
            -6.8924333
          ],
          [
            110.5565613,
            -6.8924133
          ]
        ]
      }
    },
    {
      "type": "Feature",
      "properties": {
        "id": 630795261,
        "name": "",
        "type": "tertiary",
        "kecamatan": "Karangtengah"
      },
      "geometry": {
        "type": "LineString",
        "coordinates": [
          [
            110.5666403,
            -6.9023692
          ],
          [
            110.5664194,
            -6.9029465
          ],
          [
            110.5663081,
            -6.9032423
          ],
          [
            110.5661472,
            -6.903579
          ],
          [
            110.5660993,
            -6.9036495
          ],
          [
            110.5660565,
            -6.9037052
          ],
          [
            110.5659625,
            -6.9037983
          ],
          [
            110.5657186,
            -6.9040375
          ],
          [
            110.5654699,
            -6.9042814
          ],
          [
            110.5654379,
            -6.904317
          ],
          [
            110.5654091,
            -6.9043684
          ],
          [
            110.565388,
            -6.9044169
          ],
          [
            110.5652898,
            -6.9047589
          ],
          [
            110.5651822,
            -6.9050881
          ],
          [
            110.5651506,
            -6.9051704
          ],
          [
            110.5651094,
            -6.905278
          ],
          [
            110.5650111,
            -6.9055294
          ],
          [
            110.5649036,
            -6.9057737
          ],
          [
            110.5647889,
            -6.9059801
          ],
          [
            110.5644349,
            -6.90662
          ],
          [
            110.5643436,
            -6.9067556
          ],
          [
            110.5642088,
            -6.9068601
          ]
        ]
      }
    },
    {
      "type": "Feature",
      "properties": {
        "id": 630798707,
        "name": "",
        "type": "tertiary",
        "kecamatan": "Bonang"
      },
      "geometry": {
        "type": "LineString",
        "coordinates": [
          [
            110.5349957,
            -6.8593254
          ],
          [
            110.5349506,
            -6.859238
          ],
          [
            110.5349503,
            -6.8588875
          ],
          [
            110.534947,
            -6.8588061
          ],
          [
            110.5349284,
            -6.8586212
          ],
          [
            110.5349044,
            -6.8584112
          ],
          [
            110.534941,
            -6.8580546
          ],
          [
            110.5349847,
            -6.8579296
          ],
          [
            110.5351324,
            -6.8575706
          ],
          [
            110.5353852,
            -6.8568032
          ],
          [
            110.5356366,
            -6.8560035
          ],
          [
            110.5356708,
            -6.855915
          ],
          [
            110.535727,
            -6.8558313
          ],
          [
            110.5360633,
            -6.8553654
          ],
          [
            110.5360767,
            -6.8553437
          ]
        ]
      }
    },
    {
      "type": "Feature",
      "properties": {
        "id": 630798728,
        "name": "",
        "type": "tertiary",
        "kecamatan": "Bonang"
      },
      "geometry": {
        "type": "LineString",
        "coordinates": [
          [
            110.5535258,
            -6.8630187
          ],
          [
            110.5534665,
            -6.8629174
          ],
          [
            110.5533273,
            -6.8626401
          ],
          [
            110.5530959,
            -6.8622282
          ],
          [
            110.5527937,
            -6.8617091
          ],
          [
            110.5525412,
            -6.861257
          ],
          [
            110.5522792,
            -6.8607704
          ],
          [
            110.5520803,
            -6.8604466
          ],
          [
            110.5515945,
            -6.8596075
          ],
          [
            110.551059,
            -6.8586171
          ],
          [
            110.5508557,
            -6.8582737
          ],
          [
            110.5508352,
            -6.858234
          ],
          [
            110.5501811,
            -6.8570788
          ],
          [
            110.5499535,
            -6.8566899
          ],
          [
            110.5496743,
            -6.8561746
          ],
          [
            110.5493625,
            -6.855665
          ],
          [
            110.5491636,
            -6.8552857
          ],
          [
            110.5490144,
            -6.8550252
          ],
          [
            110.5488729,
            -6.8547876
          ],
          [
            110.5486013,
            -6.8543106
          ],
          [
            110.5483756,
            -6.8538968
          ],
          [
            110.548083,
            -6.8533949
          ],
          [
            110.5478841,
            -6.8530348
          ],
          [
            110.5475723,
            -6.852485
          ],
          [
            110.5473978,
            -6.852198
          ],
          [
            110.5470215,
            -6.8515424
          ],
          [
            110.5466524,
            -6.8508719
          ],
          [
            110.5463483,
            -6.8503413
          ],
          [
            110.5461376,
            -6.8499674
          ],
          [
            110.5459294,
            -6.849598
          ],
          [
            110.5457153,
            -6.8492034
          ],
          [
            110.5456235,
            -6.8490482
          ],
          [
            110.5454704,
            -6.8488355
          ],
          [
            110.5452791,
            -6.8485883
          ],
          [
            110.5450341,
            -6.8483105
          ],
          [
            110.5447949,
            -6.8480498
          ],
          [
            110.5444447,
            -6.8476474
          ],
          [
            110.5441918,
            -6.8473446
          ],
          [
            110.5441519,
            -6.8472968
          ],
          [
            110.5435549,
            -6.8466222
          ],
          [
            110.5433157,
            -6.8463597
          ],
          [
            110.5429482,
            -6.8459362
          ],
          [
            110.5425712,
            -6.8455165
          ],
          [
            110.5425379,
            -6.8454749
          ]
        ]
      }
    },
    {
      "type": "Feature",
      "properties": {
        "id": 630798853,
        "name": "",
        "type": "tertiary",
        "kecamatan": "Bonang"
      },
      "geometry": {
        "type": "LineString",
        "coordinates": [
          [
            110.5564686,
            -6.8923941
          ],
          [
            110.5563949,
            -6.8923777
          ],
          [
            110.5563591,
            -6.8923368
          ],
          [
            110.5563265,
            -6.8922892
          ],
          [
            110.5562567,
            -6.8921215
          ],
          [
            110.5560651,
            -6.8916271
          ],
          [
            110.5560189,
            -6.8915165
          ],
          [
            110.5557605,
            -6.8908969
          ],
          [
            110.5557069,
            -6.8907874
          ],
          [
            110.5555965,
            -6.8905771
          ],
          [
            110.5555743,
            -6.8905364
          ],
          [
            110.5555458,
            -6.8904841
          ],
          [
            110.5554655,
            -6.8903188
          ],
          [
            110.5553045,
            -6.8899593
          ],
          [
            110.5550674,
            -6.8893764
          ],
          [
            110.5549854,
            -6.8891072
          ],
          [
            110.554901,
            -6.8888693
          ],
          [
            110.5548191,
            -6.8886385
          ],
          [
            110.5547145,
            -6.8883829
          ],
          [
            110.5545499,
            -6.887977
          ],
          [
            110.5545096,
            -6.8878777
          ],
          [
            110.554454,
            -6.8877748
          ],
          [
            110.5542622,
            -6.8873461
          ],
          [
            110.553948,
            -6.8865468
          ],
          [
            110.5538767,
            -6.8864159
          ],
          [
            110.5538016,
            -6.886242
          ],
          [
            110.5536639,
            -6.8859231
          ],
          [
            110.5535992,
            -6.8857735
          ],
          [
            110.5535697,
            -6.8857051
          ],
          [
            110.5535094,
            -6.8855654
          ],
          [
            110.553441,
            -6.8854105
          ],
          [
            110.553396,
            -6.8852803
          ],
          [
            110.5532993,
            -6.8850161
          ],
          [
            110.553293,
            -6.8849989
          ],
          [
            110.5532776,
            -6.8849568
          ],
          [
            110.5532704,
            -6.8849072
          ],
          [
            110.5531042,
            -6.8843728
          ],
          [
            110.5530143,
            -6.8840867
          ],
          [
            110.5529909,
            -6.8839929
          ],
          [
            110.5529711,
            -6.8839482
          ],
          [
            110.5527868,
            -6.8834903
          ],
          [
            110.5525766,
            -6.8829082
          ],
          [
            110.552431,
            -6.8825352
          ],
          [
            110.5523146,
            -6.8820397
          ],
          [
            110.5522441,
            -6.8816937
          ],
          [
            110.5521261,
            -6.8812437
          ],
          [
            110.5520778,
            -6.8811079
          ],
          [
            110.5520524,
            -6.8810203
          ],
          [
            110.5519866,
            -6.8807937
          ],
          [
            110.551853,
            -6.8804244
          ],
          [
            110.5517757,
            -6.8801623
          ],
          [
            110.551679,
            -6.8798012
          ],
          [
            110.5516344,
            -6.8796587
          ],
          [
            110.5515175,
            -6.8792851
          ],
          [
            110.5514338,
            -6.8791355
          ],
          [
            110.5513471,
            -6.8790097
          ],
          [
            110.5510988,
            -6.8787646
          ],
          [
            110.5510746,
            -6.8787341
          ],
          [
            110.5509015,
            -6.878516
          ],
          [
            110.5508414,
            -6.8784369
          ],
          [
            110.5508047,
            -6.8783886
          ],
          [
            110.5505786,
            -6.8781205
          ],
          [
            110.5503238,
            -6.8777754
          ],
          [
            110.5502029,
            -6.8776116
          ],
          [
            110.5501037,
            -6.8774451
          ],
          [
            110.5497521,
            -6.877044
          ],
          [
            110.5492768,
            -6.876426
          ],
          [
            110.5487886,
            -6.8758105
          ],
          [
            110.5484131,
            -6.875337
          ],
          [
            110.5480974,
            -6.8748934
          ],
          [
            110.5479015,
            -6.8746637
          ],
          [
            110.5476481,
            -6.8743124
          ],
          [
            110.5474932,
            -6.8741363
          ],
          [
            110.547341,
            -6.8739633
          ],
          [
            110.5472874,
            -6.8738941
          ],
          [
            110.5471506,
            -6.8737343
          ],
          [
            110.5469642,
            -6.87348
          ],
          [
            110.5469106,
            -6.8734015
          ],
          [
            110.546759,
            -6.8732204
          ],
          [
            110.5464855,
            -6.8728423
          ],
          [
            110.5462994,
            -6.8725637
          ],
          [
            110.5461647,
            -6.8723861
          ],
          [
            110.5460724,
            -6.8722644
          ],
          [
            110.5456513,
            -6.8716759
          ],
          [
            110.5454761,
            -6.8714468
          ],
          [
            110.5452114,
            -6.8711007
          ],
          [
            110.5449378,
            -6.8707252
          ],
          [
            110.5447795,
            -6.8705134
          ],
          [
            110.5443773,
            -6.8700834
          ],
          [
            110.544363,
            -6.8700669
          ],
          [
            110.5441868,
            -6.8698624
          ],
          [
            110.5440107,
            -6.8696125
          ],
          [
            110.5435345,
            -6.8689782
          ],
          [
            110.5431286,
            -6.8684598
          ],
          [
            110.542899,
            -6.8681648
          ],
          [
            110.5426405,
            -6.8678246
          ],
          [
            110.5423349,
            -6.8674804
          ],
          [
            110.5422868,
            -6.8674279
          ],
          [
            110.5420301,
            -6.8671797
          ],
          [
            110.541923,
            -6.8670718
          ],
          [
            110.5418156,
            -6.8669527
          ],
          [
            110.5417138,
            -6.8668493
          ],
          [
            110.5416062,
            -6.8667262
          ],
          [
            110.5415002,
            -6.866598
          ],
          [
            110.5412523,
            -6.8663154
          ],
          [
            110.5410607,
            -6.8660891
          ],
          [
            110.5409564,
            -6.865951
          ],
          [
            110.5408919,
            -6.8658594
          ],
          [
            110.5408208,
            -6.865778
          ],
          [
            110.5407116,
            -6.8656419
          ],
          [
            110.540631,
            -6.8655387
          ],
          [
            110.5405508,
            -6.8654591
          ],
          [
            110.540469,
            -6.8654004
          ],
          [
            110.5404264,
            -6.8653701
          ],
          [
            110.5403751,
            -6.8653365
          ],
          [
            110.5402386,
            -6.8652496
          ],
          [
            110.5398269,
            -6.8650152
          ],
          [
            110.5392703,
            -6.8647296
          ],
          [
            110.5384772,
            -6.8643161
          ],
          [
            110.5381475,
            -6.8641627
          ],
          [
            110.5380707,
            -6.8641334
          ],
          [
            110.5380064,
            -6.8641134
          ],
          [
            110.537376,
            -6.8639339
          ],
          [
            110.5369835,
            -6.8637984
          ],
          [
            110.5368181,
            -6.8637503
          ],
          [
            110.5364031,
            -6.8636177
          ],
          [
            110.5360195,
            -6.8634713
          ],
          [
            110.5355287,
            -6.8632635
          ],
          [
            110.5350365,
            -6.8630665
          ],
          [
            110.5349494,
            -6.8630226
          ],
          [
            110.5348132,
            -6.8629228
          ],
          [
            110.5347216,
            -6.8628531
          ],
          [
            110.5344623,
            -6.8626528
          ],
          [
            110.5345978,
            -6.8624654
          ]
        ]
      }
    },
    {
      "type": "Feature",
      "properties": {
        "id": 630804376,
        "name": "",
        "type": "tertiary",
        "kecamatan": "Guntur"
      },
      "geometry": {
        "type": "LineString",
        "coordinates": [
          [
            110.5900422,
            -7.0308377
          ],
          [
            110.589883,
            -7.0307238
          ],
          [
            110.5879968,
            -7.0294985
          ],
          [
            110.5873498,
            -7.0290732
          ],
          [
            110.5862526,
            -7.0283691
          ],
          [
            110.5861541,
            -7.0283067
          ],
          [
            110.5859014,
            -7.0281356
          ],
          [
            110.5843502,
            -7.0271105
          ],
          [
            110.5827582,
            -7.0260713
          ],
          [
            110.5827009,
            -7.0260285
          ],
          [
            110.5822026,
            -7.0256959
          ],
          [
            110.581964,
            -7.0255446
          ],
          [
            110.581131,
            -7.0250062
          ],
          [
            110.5790618,
            -7.0236556
          ],
          [
            110.5784636,
            -7.0231802
          ],
          [
            110.5777548,
            -7.0226444
          ],
          [
            110.5777205,
            -7.0226075
          ],
          [
            110.5776139,
            -7.022486
          ],
          [
            110.5775681,
            -7.0224432
          ],
          [
            110.577305,
            -7.0220313
          ],
          [
            110.5771844,
            -7.0218575
          ],
          [
            110.5766753,
            -7.0211231
          ],
          [
            110.5765346,
            -7.0209201
          ],
          [
            110.5762789,
            -7.020555
          ],
          [
            110.5759432,
            -7.0200757
          ],
          [
            110.5756959,
            -7.0197449
          ],
          [
            110.5755633,
            -7.019569
          ],
          [
            110.5751335,
            -7.0189986
          ],
          [
            110.5750799,
            -7.0189275
          ],
          [
            110.5749847,
            -7.0188017
          ],
          [
            110.5748755,
            -7.0186388
          ],
          [
            110.5745324,
            -7.0181552
          ],
          [
            110.5740328,
            -7.0174655
          ],
          [
            110.5739043,
            -7.0172881
          ],
          [
            110.5736971,
            -7.017002
          ],
          [
            110.5735821,
            -7.0168361
          ],
          [
            110.572788,
            -7.0156897
          ],
          [
            110.5727204,
            -7.0155966
          ],
          [
            110.5724942,
            -7.0152764
          ],
          [
            110.5718344,
            -7.0143312
          ],
          [
            110.5715965,
            -7.0140132
          ],
          [
            110.5713625,
            -7.0136865
          ],
          [
            110.5706252,
            -7.0126481
          ],
          [
            110.5701932,
            -7.0120776
          ],
          [
            110.5698309,
            -7.0115991
          ],
          [
            110.5693152,
            -7.0108764
          ],
          [
            110.569228,
            -7.0107992
          ],
          [
            110.5688122,
            -7.0104595
          ],
          [
            110.5685337,
            -7.0102564
          ]
        ]
      }
    },
    {
      "type": "Feature",
      "properties": {
        "id": 630804377,
        "name": "",
        "type": "tertiary",
        "kecamatan": "Karangawen"
      },
      "geometry": {
        "type": "LineString",
        "coordinates": [
          [
            110.5900422,
            -7.0308377
          ],
          [
            110.5900625,
            -7.0308543
          ]
        ]
      }
    },
    {
      "type": "Feature",
      "properties": {
        "id": 630827633,
        "name": "",
        "type": "tertiary",
        "kecamatan": "Karanganyar"
      },
      "geometry": {
        "type": "LineString",
        "coordinates": [
          [
            110.7804532,
            -6.8606658
          ],
          [
            110.7804761,
            -6.8607437
          ]
        ]
      }
    },
    {
      "type": "Feature",
      "properties": {
        "id": 630827635,
        "name": "",
        "type": "tertiary",
        "kecamatan": "Karanganyar"
      },
      "geometry": {
        "type": "LineString",
        "coordinates": [
          [
            110.7804008,
            -6.8605246
          ],
          [
            110.7804275,
            -6.8606051
          ],
          [
            110.7804532,
            -6.8606658
          ]
        ]
      }
    },
    {
      "type": "Feature",
      "properties": {
        "id": 630867050,
        "name": "",
        "type": "tertiary",
        "kecamatan": "Guntur"
      },
      "geometry": {
        "type": "LineString",
        "coordinates": [
          [
            110.5683296,
            -7.0101115
          ],
          [
            110.5682409,
            -7.0100537
          ],
          [
            110.5679383,
            -7.0098563
          ],
          [
            110.5678937,
            -7.0098298
          ],
          [
            110.5673627,
            -7.0095134
          ],
          [
            110.5672103,
            -7.0094148
          ],
          [
            110.5670523,
            -7.0093247
          ],
          [
            110.5666975,
            -7.0091229
          ],
          [
            110.5664806,
            -7.0090021
          ],
          [
            110.5663834,
            -7.0089419
          ],
          [
            110.566294,
            -7.0089004
          ],
          [
            110.5657867,
            -7.0085965
          ],
          [
            110.5656324,
            -7.0085144
          ],
          [
            110.565136,
            -7.0082457
          ],
          [
            110.5646923,
            -7.0080055
          ],
          [
            110.564298,
            -7.0078085
          ],
          [
            110.5634049,
            -7.0073519
          ],
          [
            110.5632802,
            -7.0072864
          ],
          [
            110.5627584,
            -7.0070125
          ],
          [
            110.5621067,
            -7.0066664
          ],
          [
            110.5617935,
            -7.0065213
          ],
          [
            110.5605644,
            -7.0059397
          ],
          [
            110.5602077,
            -7.0057746
          ],
          [
            110.5594084,
            -7.0054365
          ],
          [
            110.5586627,
            -7.0050825
          ],
          [
            110.5584978,
            -7.0050052
          ],
          [
            110.5577474,
            -7.0046617
          ],
          [
            110.5575574,
            -7.0045744
          ],
          [
            110.5572797,
            -7.0044403
          ],
          [
            110.5568697,
            -7.0042151
          ],
          [
            110.5566531,
            -7.0040882
          ],
          [
            110.556595,
            -7.0040541
          ],
          [
            110.5565588,
            -7.0040314
          ],
          [
            110.5563841,
            -7.0039161
          ],
          [
            110.5560528,
            -7.003676
          ],
          [
            110.5554615,
            -7.0032309
          ],
          [
            110.5551433,
            -7.0029999
          ],
          [
            110.5549137,
            -7.0028416
          ],
          [
            110.5544456,
            -7.0025228
          ],
          [
            110.5541278,
            -7.0023071
          ],
          [
            110.5538421,
            -7.0021194
          ],
          [
            110.5537362,
            -7.0020482
          ],
          [
            110.5535672,
            -7.0019424
          ],
          [
            110.5534358,
            -7.0018645
          ]
        ]
      }
    },
    {
      "type": "Feature",
      "properties": {
        "id": 630867651,
        "name": "",
        "type": "tertiary",
        "kecamatan": "Karangtengah"
      },
      "geometry": {
        "type": "LineString",
        "coordinates": [
          [
            110.5906145,
            -6.9523466
          ],
          [
            110.5907694,
            -6.9519519
          ],
          [
            110.5909098,
            -6.9516361
          ],
          [
            110.5909709,
            -6.9515428
          ],
          [
            110.5911028,
            -6.951458
          ],
          [
            110.5915304,
            -6.9512128
          ],
          [
            110.5915816,
            -6.9511838
          ],
          [
            110.5916457,
            -6.9510772
          ],
          [
            110.5917533,
            -6.9508643
          ],
          [
            110.5919498,
            -6.9504192
          ],
          [
            110.5919922,
            -6.9503452
          ],
          [
            110.5920742,
            -6.9503648
          ],
          [
            110.5925505,
            -6.9506273
          ],
          [
            110.5926831,
            -6.9507
          ],
          [
            110.5929792,
            -6.9508628
          ],
          [
            110.5931352,
            -6.9509486
          ],
          [
            110.5932895,
            -6.9510269
          ],
          [
            110.5934215,
            -6.9510875
          ],
          [
            110.5936084,
            -6.9511662
          ],
          [
            110.5938824,
            -6.9512817
          ],
          [
            110.5941264,
            -6.951384
          ],
          [
            110.5945092,
            -6.9515727
          ],
          [
            110.5948384,
            -6.9516897
          ],
          [
            110.594979,
            -6.9517281
          ],
          [
            110.5951072,
            -6.9517603
          ],
          [
            110.5954101,
            -6.9518398
          ],
          [
            110.5954955,
            -6.9518595
          ],
          [
            110.5956476,
            -6.9518812
          ],
          [
            110.596062,
            -6.9519316
          ],
          [
            110.5963131,
            -6.9519606
          ],
          [
            110.5964182,
            -6.9519751
          ],
          [
            110.59653,
            -6.9519999
          ],
          [
            110.596901,
            -6.9520825
          ],
          [
            110.5973389,
            -6.9521847
          ],
          [
            110.59777,
            -6.9523004
          ],
          [
            110.5987687,
            -6.9525666
          ],
          [
            110.5995598,
            -6.9528281
          ],
          [
            110.5995875,
            -6.9527569
          ],
          [
            110.5997359,
            -6.9524248
          ],
          [
            110.5999216,
            -6.9520728
          ],
          [
            110.6001283,
            -6.9517723
          ],
          [
            110.6005304,
            -6.9513897
          ],
          [
            110.6009411,
            -6.951041
          ],
          [
            110.6015083,
            -6.9506034
          ],
          [
            110.601906,
            -6.9502636
          ],
          [
            110.6022242,
            -6.9500127
          ],
          [
            110.6034763,
            -6.9490229
          ],
          [
            110.6044294,
            -6.9483335
          ],
          [
            110.6061295,
            -6.9469859
          ],
          [
            110.6074812,
            -6.9459531
          ],
          [
            110.6090702,
            -6.9447195
          ],
          [
            110.610195,
            -6.9439217
          ],
          [
            110.6103491,
            -6.943797
          ],
          [
            110.6104061,
            -6.9437579
          ],
          [
            110.6105559,
            -6.9436503
          ]
        ]
      }
    },
    {
      "type": "Feature",
      "properties": {
        "id": 630867654,
        "name": "",
        "type": "tertiary",
        "kecamatan": "Guntur"
      },
      "geometry": {
        "type": "LineString",
        "coordinates": [
          [
            110.5878796,
            -6.9515289
          ],
          [
            110.5881613,
            -6.951605
          ],
          [
            110.5886102,
            -6.9517884
          ],
          [
            110.5888811,
            -6.9518768
          ],
          [
            110.589032,
            -6.9519116
          ],
          [
            110.5892065,
            -6.9519254
          ],
          [
            110.5893847,
            -6.9519417
          ],
          [
            110.5895339,
            -6.9519553
          ],
          [
            110.5898478,
            -6.9519981
          ],
          [
            110.5900691,
            -6.9520833
          ],
          [
            110.5904682,
            -6.9522754
          ],
          [
            110.5906145,
            -6.9523466
          ]
        ]
      }
    },
    {
      "type": "Feature",
      "properties": {
        "id": 630867666,
        "name": "",
        "type": "tertiary",
        "kecamatan": "Guntur"
      },
      "geometry": {
        "type": "LineString",
        "coordinates": [
          [
            110.5875212,
            -6.9523614
          ],
          [
            110.5875608,
            -6.9522435
          ],
          [
            110.5878796,
            -6.9515289
          ]
        ]
      }
    },
    {
      "type": "Feature",
      "properties": {
        "id": 630867670,
        "name": "",
        "type": "tertiary",
        "kecamatan": "Guntur"
      },
      "geometry": {
        "type": "LineString",
        "coordinates": [
          [
            110.5874808,
            -6.9524262
          ],
          [
            110.5875128,
            -6.952374
          ]
        ]
      }
    },
    {
      "type": "Feature",
      "properties": {
        "id": 630867671,
        "name": "",
        "type": "tertiary",
        "kecamatan": "Guntur"
      },
      "geometry": {
        "type": "LineString",
        "coordinates": [
          [
            110.5874576,
            -6.9524542
          ],
          [
            110.5874808,
            -6.9524262
          ]
        ]
      }
    },
    {
      "type": "Feature",
      "properties": {
        "id": 630867685,
        "name": "",
        "type": "tertiary",
        "kecamatan": "Guntur"
      },
      "geometry": {
        "type": "LineString",
        "coordinates": [
          [
            110.5871519,
            -6.9533249
          ],
          [
            110.5871871,
            -6.953215
          ],
          [
            110.587361,
            -6.9526737
          ],
          [
            110.5874368,
            -6.9524953
          ],
          [
            110.5874576,
            -6.9524542
          ]
        ]
      }
    },
    {
      "type": "Feature",
      "properties": {
        "id": 630867691,
        "name": "",
        "type": "tertiary",
        "kecamatan": "Guntur"
      },
      "geometry": {
        "type": "LineString",
        "coordinates": [
          [
            110.5869746,
            -6.9538628
          ],
          [
            110.58701,
            -6.9537381
          ],
          [
            110.5871519,
            -6.9533249
          ]
        ]
      }
    },
    {
      "type": "Feature",
      "properties": {
        "id": 630867695,
        "name": "",
        "type": "tertiary",
        "kecamatan": "Guntur"
      },
      "geometry": {
        "type": "LineString",
        "coordinates": [
          [
            110.5869294,
            -6.9539434
          ],
          [
            110.5869746,
            -6.9538628
          ]
        ]
      }
    },
    {
      "type": "Feature",
      "properties": {
        "id": 630867696,
        "name": "",
        "type": "tertiary",
        "kecamatan": "Guntur"
      },
      "geometry": {
        "type": "LineString",
        "coordinates": [
          [
            110.5867821,
            -6.9542891
          ],
          [
            110.5869294,
            -6.9539434
          ]
        ]
      }
    },
    {
      "type": "Feature",
      "properties": {
        "id": 630867698,
        "name": "",
        "type": "tertiary",
        "kecamatan": "Guntur"
      },
      "geometry": {
        "type": "LineString",
        "coordinates": [
          [
            110.586758,
            -6.9543365
          ],
          [
            110.5867718,
            -6.9543188
          ],
          [
            110.5867821,
            -6.9542891
          ]
        ]
      }
    },
    {
      "type": "Feature",
      "properties": {
        "id": 630867701,
        "name": "",
        "type": "tertiary",
        "kecamatan": "Guntur"
      },
      "geometry": {
        "type": "LineString",
        "coordinates": [
          [
            110.5863085,
            -6.9543976
          ],
          [
            110.5863661,
            -6.9543462
          ],
          [
            110.5863857,
            -6.9543381
          ],
          [
            110.5864035,
            -6.9543347
          ],
          [
            110.5864236,
            -6.9543355
          ],
          [
            110.5867362,
            -6.9543465
          ],
          [
            110.586758,
            -6.9543365
          ]
        ]
      }
    },
    {
      "type": "Feature",
      "properties": {
        "id": 630867703,
        "name": "",
        "type": "tertiary",
        "kecamatan": "Guntur"
      },
      "geometry": {
        "type": "LineString",
        "coordinates": [
          [
            110.5749136,
            -6.9568629
          ],
          [
            110.5750288,
            -6.9565832
          ],
          [
            110.5751824,
            -6.9561741
          ],
          [
            110.5752391,
            -6.9560146
          ],
          [
            110.5753697,
            -6.9556477
          ],
          [
            110.5753776,
            -6.9556133
          ],
          [
            110.575437,
            -6.9553558
          ],
          [
            110.5754876,
            -6.9550926
          ],
          [
            110.5755235,
            -6.9546377
          ],
          [
            110.5756995,
            -6.9546654
          ],
          [
            110.5761988,
            -6.9548776
          ],
          [
            110.5768775,
            -6.9552049
          ],
          [
            110.5773479,
            -6.9554459
          ],
          [
            110.57747,
            -6.9555393
          ],
          [
            110.5776495,
            -6.9557298
          ],
          [
            110.5780216,
            -6.9560605
          ]
        ]
      }
    },
    {
      "type": "Feature",
      "properties": {
        "id": 630867704,
        "name": "",
        "type": "tertiary",
        "kecamatan": "Guntur"
      },
      "geometry": {
        "type": "LineString",
        "coordinates": [
          [
            110.5780216,
            -6.9560605
          ],
          [
            110.5783703,
            -6.9561805
          ],
          [
            110.5788702,
            -6.9563754
          ],
          [
            110.5793041,
            -6.9565493
          ],
          [
            110.5801599,
            -6.9571125
          ],
          [
            110.5802716,
            -6.9572001
          ],
          [
            110.580474,
            -6.957382
          ],
          [
            110.5807702,
            -6.9576216
          ],
          [
            110.5808584,
            -6.9576983
          ],
          [
            110.5811352,
            -6.9579391
          ],
          [
            110.5812939,
            -6.9580762
          ],
          [
            110.5814135,
            -6.9581697
          ],
          [
            110.5815481,
            -6.9582446
          ],
          [
            110.5815889,
            -6.9582692
          ],
          [
            110.582012,
            -6.9584873
          ],
          [
            110.5821587,
            -6.9585962
          ]
        ]
      }
    },
    {
      "type": "Feature",
      "properties": {
        "id": 630867715,
        "name": "",
        "type": "tertiary",
        "kecamatan": "Guntur"
      },
      "geometry": {
        "type": "LineString",
        "coordinates": [
          [
            110.5822779,
            -6.9584689
          ],
          [
            110.5824715,
            -6.9582744
          ],
          [
            110.5830039,
            -6.957682
          ],
          [
            110.5837699,
            -6.9569
          ],
          [
            110.5851045,
            -6.9555401
          ]
        ]
      }
    },
    {
      "type": "Feature",
      "properties": {
        "id": 630867717,
        "name": "",
        "type": "tertiary",
        "kecamatan": "Guntur"
      },
      "geometry": {
        "type": "LineString",
        "coordinates": [
          [
            110.5821587,
            -6.9585962
          ],
          [
            110.5822779,
            -6.9584689
          ]
        ]
      }
    },
    {
      "type": "Feature",
      "properties": {
        "id": 630867719,
        "name": "",
        "type": "tertiary",
        "kecamatan": "Guntur"
      },
      "geometry": {
        "type": "LineString",
        "coordinates": [
          [
            110.5741497,
            -6.9589977
          ],
          [
            110.5742072,
            -6.9589544
          ],
          [
            110.5743271,
            -6.9585984
          ],
          [
            110.5743999,
            -6.9582846
          ],
          [
            110.5744838,
            -6.9580044
          ],
          [
            110.5745583,
            -6.957746
          ],
          [
            110.5746136,
            -6.9576021
          ],
          [
            110.5746999,
            -6.9573775
          ],
          [
            110.5749136,
            -6.9568629
          ]
        ]
      }
    },
    {
      "type": "Feature",
      "properties": {
        "id": 630867734,
        "name": "",
        "type": "tertiary",
        "kecamatan": "Guntur"
      },
      "geometry": {
        "type": "LineString",
        "coordinates": [
          [
            110.5672485,
            -6.9882138
          ],
          [
            110.567344,
            -6.9873961
          ],
          [
            110.5673622,
            -6.9872685
          ],
          [
            110.5674845,
            -6.9868621
          ],
          [
            110.5675676,
            -6.9866358
          ],
          [
            110.5675918,
            -6.9865999
          ],
          [
            110.567636,
            -6.9865373
          ],
          [
            110.5678496,
            -6.9863089
          ],
          [
            110.5678909,
            -6.9862657
          ],
          [
            110.5679313,
            -6.98622
          ],
          [
            110.5679519,
            -6.9861345
          ],
          [
            110.5679708,
            -6.9860171
          ],
          [
            110.567967,
            -6.985963
          ],
          [
            110.5679572,
            -6.9859469
          ],
          [
            110.5679425,
            -6.9859363
          ],
          [
            110.5678605,
            -6.9858958
          ],
          [
            110.56774,
            -6.9858038
          ],
          [
            110.5677145,
            -6.9857745
          ],
          [
            110.5676984,
            -6.9857419
          ],
          [
            110.567683,
            -6.985696
          ],
          [
            110.567683,
            -6.9853066
          ],
          [
            110.5676695,
            -6.9852148
          ],
          [
            110.5676602,
            -6.9851968
          ],
          [
            110.5676434,
            -6.9851702
          ],
          [
            110.5676187,
            -6.9851476
          ],
          [
            110.5674259,
            -6.9850187
          ],
          [
            110.5674002,
            -6.9850008
          ],
          [
            110.5673883,
            -6.9849845
          ],
          [
            110.5673849,
            -6.9849639
          ],
          [
            110.5673853,
            -6.9849359
          ],
          [
            110.5674306,
            -6.9845282
          ],
          [
            110.5674335,
            -6.9838675
          ],
          [
            110.5674375,
            -6.983523
          ],
          [
            110.5674197,
            -6.9833464
          ],
          [
            110.567404,
            -6.9832812
          ],
          [
            110.5673511,
            -6.9830622
          ],
          [
            110.5673364,
            -6.9827869
          ],
          [
            110.5673144,
            -6.982584
          ],
          [
            110.5673008,
            -6.9824578
          ],
          [
            110.5671693,
            -6.9821824
          ],
          [
            110.5670797,
            -6.981943
          ],
          [
            110.5670678,
            -6.9818263
          ],
          [
            110.5670829,
            -6.9817127
          ],
          [
            110.5671662,
            -6.9814212
          ],
          [
            110.5672039,
            -6.9812799
          ],
          [
            110.5672001,
            -6.981049
          ],
          [
            110.5671706,
            -6.9807404
          ],
          [
            110.5671712,
            -6.9800763
          ],
          [
            110.5671935,
            -6.9799707
          ],
          [
            110.5672163,
            -6.9798868
          ],
          [
            110.5673723,
            -6.9795978
          ],
          [
            110.5675433,
            -6.9791701
          ],
          [
            110.5676995,
            -6.9786647
          ],
          [
            110.5677656,
            -6.9784164
          ],
          [
            110.5677808,
            -6.9781861
          ],
          [
            110.5677394,
            -6.9775877
          ],
          [
            110.5676712,
            -6.9768188
          ],
          [
            110.5676352,
            -6.9766055
          ],
          [
            110.5676088,
            -6.976382
          ],
          [
            110.5675467,
            -6.9754754
          ],
          [
            110.5675141,
            -6.9751762
          ],
          [
            110.5675113,
            -6.9750919
          ],
          [
            110.5675352,
            -6.9750087
          ],
          [
            110.5675892,
            -6.9748741
          ],
          [
            110.5676433,
            -6.9746797
          ],
          [
            110.5676554,
            -6.9745182
          ],
          [
            110.5676653,
            -6.9743749
          ],
          [
            110.5676647,
            -6.9741143
          ],
          [
            110.5676368,
            -6.9738479
          ],
          [
            110.5676292,
            -6.9736805
          ],
          [
            110.5676293,
            -6.9735788
          ],
          [
            110.5676654,
            -6.9734382
          ],
          [
            110.5677254,
            -6.9732606
          ],
          [
            110.5677825,
            -6.9730883
          ],
          [
            110.5678756,
            -6.9727174
          ],
          [
            110.5680549,
            -6.9721666
          ],
          [
            110.5680888,
            -6.9720624
          ],
          [
            110.5681254,
            -6.9718826
          ],
          [
            110.568146,
            -6.9717034
          ],
          [
            110.5681672,
            -6.9714462
          ],
          [
            110.5682416,
            -6.9709606
          ],
          [
            110.5682456,
            -6.9709313
          ],
          [
            110.5682698,
            -6.9706236
          ],
          [
            110.5682671,
            -6.9703802
          ],
          [
            110.568267,
            -6.9703693
          ],
          [
            110.5682778,
            -6.9701335
          ],
          [
            110.5682806,
            -6.9700518
          ],
          [
            110.5682972,
            -6.9699136
          ],
          [
            110.5683194,
            -6.9696614
          ],
          [
            110.5683428,
            -6.9694715
          ],
          [
            110.568367,
            -6.9690141
          ],
          [
            110.568373,
            -6.9689638
          ],
          [
            110.5683911,
            -6.9689334
          ],
          [
            110.568412,
            -6.9689154
          ],
          [
            110.5688223,
            -6.9687812
          ],
          [
            110.568843,
            -6.9687675
          ],
          [
            110.5688544,
            -6.9687548
          ],
          [
            110.5688643,
            -6.9687333
          ],
          [
            110.5688823,
            -6.9686675
          ],
          [
            110.568886,
            -6.9686396
          ],
          [
            110.5689577,
            -6.9680992
          ],
          [
            110.5690214,
            -6.9675694
          ],
          [
            110.5692224,
            -6.96681
          ],
          [
            110.5692409,
            -6.9667093
          ],
          [
            110.5692863,
            -6.9664618
          ],
          [
            110.5693044,
            -6.9664086
          ],
          [
            110.5693238,
            -6.9663573
          ],
          [
            110.5697726,
            -6.9665097
          ],
          [
            110.5703925,
            -6.9667858
          ],
          [
            110.5710157,
            -6.9669523
          ],
          [
            110.5710935,
            -6.9669493
          ],
          [
            110.5711175,
            -6.9669314
          ],
          [
            110.5711385,
            -6.9668925
          ],
          [
            110.5712225,
            -6.9666981
          ],
          [
            110.5713857,
            -6.9661405
          ],
          [
            110.5714387,
            -6.9659594
          ],
          [
            110.5716549,
            -6.9652745
          ],
          [
            110.5718679,
            -6.964817
          ],
          [
            110.5719089,
            -6.9647536
          ],
          [
            110.5720051,
            -6.9646047
          ],
          [
            110.5722157,
            -6.9642788
          ],
          [
            110.5726575,
            -6.9637697
          ],
          [
            110.5727135,
            -6.9637044
          ],
          [
            110.5728434,
            -6.9634921
          ],
          [
            110.5729352,
            -6.9632593
          ],
          [
            110.5729803,
            -6.9631157
          ],
          [
            110.5729916,
            -6.9630249
          ],
          [
            110.5729266,
            -6.9628763
          ],
          [
            110.5729025,
            -6.9628117
          ],
          [
            110.5728849,
            -6.962745
          ],
          [
            110.5728739,
            -6.9626769
          ],
          [
            110.5728696,
            -6.962608
          ],
          [
            110.572872,
            -6.9625391
          ],
          [
            110.572874,
            -6.9625242
          ],
          [
            110.5728812,
            -6.9624707
          ],
          [
            110.5729324,
            -6.9623468
          ],
          [
            110.5730202,
            -6.9619759
          ],
          [
            110.5730654,
            -6.9616439
          ],
          [
            110.5730866,
            -6.9614524
          ],
          [
            110.5731586,
            -6.961249
          ],
          [
            110.5732996,
            -6.960944
          ],
          [
            110.5733649,
            -6.9608463
          ],
          [
            110.5733895,
            -6.9608095
          ],
          [
            110.5734615,
            -6.960642
          ],
          [
            110.5735246,
            -6.9604237
          ],
          [
            110.5735907,
            -6.9601575
          ],
          [
            110.5736239,
            -6.9599331
          ],
          [
            110.573663,
            -6.9597058
          ],
          [
            110.573711,
            -6.9595772
          ],
          [
            110.5738969,
            -6.9593111
          ],
          [
            110.5740134,
            -6.9591704
          ],
          [
            110.5740637,
            -6.9591136
          ]
        ]
      }
    },
    {
      "type": "Feature",
      "properties": {
        "id": 630873262,
        "name": "",
        "type": "tertiary",
        "kecamatan": "Karangtengah"
      },
      "geometry": {
        "type": "LineString",
        "coordinates": [
          [
            110.5953659,
            -6.9195964
          ],
          [
            110.5953832,
            -6.9193645
          ],
          [
            110.5954639,
            -6.9190608
          ],
          [
            110.5955448,
            -6.9187848
          ],
          [
            110.5956407,
            -6.9184956
          ],
          [
            110.5957436,
            -6.9181704
          ],
          [
            110.5958394,
            -6.9178813
          ],
          [
            110.5959077,
            -6.9176347
          ],
          [
            110.5959894,
            -6.9172956
          ],
          [
            110.5960106,
            -6.9171621
          ],
          [
            110.5960602,
            -6.917025
          ],
          [
            110.5961149,
            -6.9169043
          ],
          [
            110.5961517,
            -6.9167734
          ],
          [
            110.5963045,
            -6.9164362
          ],
          [
            110.5964188,
            -6.9161885
          ],
          [
            110.5965089,
            -6.9159508
          ],
          [
            110.5955323,
            -6.9155028
          ],
          [
            110.5951038,
            -6.9152846
          ],
          [
            110.5950567,
            -6.9152461
          ],
          [
            110.5948226,
            -6.9151429
          ],
          [
            110.594617,
            -6.9150523
          ],
          [
            110.5943066,
            -6.9149082
          ],
          [
            110.5933562,
            -6.9144431
          ],
          [
            110.5928774,
            -6.9142153
          ],
          [
            110.5916516,
            -6.9136207
          ],
          [
            110.5909598,
            -6.9132755
          ],
          [
            110.5896622,
            -6.9126568
          ],
          [
            110.5893409,
            -6.9125016
          ],
          [
            110.5889737,
            -6.9123175
          ],
          [
            110.5884164,
            -6.912055
          ],
          [
            110.5880679,
            -6.9118681
          ],
          [
            110.5877277,
            -6.9116793
          ],
          [
            110.5876797,
            -6.9116527
          ],
          [
            110.5873856,
            -6.9114941
          ],
          [
            110.5867848,
            -6.9111489
          ],
          [
            110.5861242,
            -6.9107667
          ],
          [
            110.5858846,
            -6.9106339
          ],
          [
            110.5857838,
            -6.910572
          ],
          [
            110.5854802,
            -6.9103963
          ],
          [
            110.5853205,
            -6.9102793
          ],
          [
            110.5849584,
            -6.9100249
          ],
          [
            110.5830665,
            -6.908616
          ],
          [
            110.5823544,
            -6.9080624
          ],
          [
            110.5823131,
            -6.9080358
          ],
          [
            110.5817776,
            -6.9076359
          ],
          [
            110.5814784,
            -6.9074274
          ],
          [
            110.5808811,
            -6.9070271
          ],
          [
            110.5807909,
            -6.9069639
          ],
          [
            110.5805282,
            -6.9067947
          ],
          [
            110.5799992,
            -6.9064281
          ],
          [
            110.5794947,
            -6.9060942
          ],
          [
            110.579396,
            -6.9060302
          ],
          [
            110.5789006,
            -6.9056704
          ],
          [
            110.578858,
            -6.9056477
          ],
          [
            110.5786277,
            -6.9054953
          ],
          [
            110.5784596,
            -6.9053792
          ],
          [
            110.5777929,
            -6.9049286
          ],
          [
            110.5777397,
            -6.9048943
          ],
          [
            110.5775554,
            -6.9047577
          ],
          [
            110.5771935,
            -6.9045193
          ],
          [
            110.5766934,
            -6.9041804
          ],
          [
            110.5766387,
            -6.9041418
          ],
          [
            110.5761396,
            -6.9038231
          ],
          [
            110.5759757,
            -6.9037104
          ],
          [
            110.575485,
            -6.9033725
          ],
          [
            110.575296,
            -6.9032168
          ],
          [
            110.575088,
            -6.9030188
          ],
          [
            110.5747096,
            -6.9026233
          ],
          [
            110.5744119,
            -6.9022723
          ],
          [
            110.5743314,
            -6.9021889
          ],
          [
            110.5737944,
            -6.9015364
          ],
          [
            110.5735749,
            -6.9012871
          ],
          [
            110.5731599,
            -6.9008013
          ],
          [
            110.5727193,
            -6.9002922
          ],
          [
            110.5722432,
            -6.8997413
          ],
          [
            110.571805,
            -6.8991932
          ]
        ]
      }
    },
    {
      "type": "Feature",
      "properties": {
        "id": 630873277,
        "name": "",
        "type": "tertiary",
        "kecamatan": "Karangtengah"
      },
      "geometry": {
        "type": "LineString",
        "coordinates": [
          [
            110.5751154,
            -6.9231963
          ],
          [
            110.575187,
            -6.9231851
          ],
          [
            110.5763514,
            -6.9229979
          ],
          [
            110.5766495,
            -6.9229525
          ],
          [
            110.5777157,
            -6.9227959
          ],
          [
            110.5785257,
            -6.9226956
          ],
          [
            110.5791718,
            -6.9226014
          ],
          [
            110.5804462,
            -6.9224023
          ],
          [
            110.5814701,
            -6.9222914
          ],
          [
            110.5823384,
            -6.9221845
          ],
          [
            110.5832007,
            -6.9220476
          ],
          [
            110.5832807,
            -6.9220285
          ],
          [
            110.5841828,
            -6.921857
          ],
          [
            110.5844014,
            -6.9218423
          ],
          [
            110.5844986,
            -6.9218324
          ],
          [
            110.5852762,
            -6.9217864
          ],
          [
            110.5853984,
            -6.9217683
          ],
          [
            110.5860003,
            -6.9216829
          ],
          [
            110.5862073,
            -6.9216585
          ],
          [
            110.587114,
            -6.9215484
          ],
          [
            110.5877237,
            -6.9214585
          ],
          [
            110.5880578,
            -6.9214149
          ],
          [
            110.5882637,
            -6.9213879
          ],
          [
            110.5889207,
            -6.9213083
          ],
          [
            110.5894165,
            -6.9212483
          ],
          [
            110.5903182,
            -6.9211294
          ],
          [
            110.5913537,
            -6.9209149
          ],
          [
            110.591746,
            -6.9208494
          ],
          [
            110.5919616,
            -6.9208017
          ],
          [
            110.592781,
            -6.92049
          ],
          [
            110.5928058,
            -6.9204822
          ],
          [
            110.592848,
            -6.9204644
          ],
          [
            110.5932525,
            -6.9203374
          ],
          [
            110.5933578,
            -6.9203086
          ],
          [
            110.5942851,
            -6.9199619
          ],
          [
            110.5947773,
            -6.9197902
          ],
          [
            110.5953659,
            -6.9195964
          ],
          [
            110.5957392,
            -6.9194929
          ],
          [
            110.5962529,
            -6.9193604
          ],
          [
            110.5965489,
            -6.9192936
          ],
          [
            110.5969126,
            -6.9191762
          ],
          [
            110.5974414,
            -6.9190104
          ],
          [
            110.5975508,
            -6.9189731
          ],
          [
            110.5977087,
            -6.9189169
          ],
          [
            110.5980454,
            -6.9188118
          ],
          [
            110.5981896,
            -6.918771
          ],
          [
            110.5982277,
            -6.9187587
          ],
          [
            110.5987398,
            -6.9185776
          ],
          [
            110.5988761,
            -6.9185235
          ],
          [
            110.5989209,
            -6.9185055
          ],
          [
            110.5992227,
            -6.9183889
          ],
          [
            110.5994999,
            -6.9182632
          ],
          [
            110.5996278,
            -6.9182114
          ],
          [
            110.59978,
            -6.9181191
          ],
          [
            110.6000023,
            -6.9179844
          ],
          [
            110.6003056,
            -6.9178386
          ]
        ]
      }
    },
    {
      "type": "Feature",
      "properties": {
        "id": 630878052,
        "name": "",
        "type": "tertiary",
        "kecamatan": "Guntur"
      },
      "geometry": {
        "type": "LineString",
        "coordinates": [
          [
            110.6165524,
            -6.9718195
          ],
          [
            110.6165029,
            -6.9718003
          ]
        ]
      }
    },
    {
      "type": "Feature",
      "properties": {
        "id": 630878068,
        "name": "",
        "type": "tertiary",
        "kecamatan": "Guntur"
      },
      "geometry": {
        "type": "LineString",
        "coordinates": [
          [
            110.619177,
            -6.9728152
          ],
          [
            110.6189286,
            -6.9727624
          ],
          [
            110.6186564,
            -6.9726832
          ],
          [
            110.6180024,
            -6.972487
          ],
          [
            110.6171307,
            -6.9720843
          ],
          [
            110.6167973,
            -6.9719292
          ],
          [
            110.6165524,
            -6.9718195
          ]
        ]
      }
    },
    {
      "type": "Feature",
      "properties": {
        "id": 630878071,
        "name": "",
        "type": "tertiary",
        "kecamatan": "Guntur"
      },
      "geometry": {
        "type": "LineString",
        "coordinates": [
          [
            110.6192906,
            -6.9728398
          ],
          [
            110.6192709,
            -6.9728346
          ]
        ]
      }
    },
    {
      "type": "Feature",
      "properties": {
        "id": 630878072,
        "name": "",
        "type": "tertiary",
        "kecamatan": "Guntur"
      },
      "geometry": {
        "type": "LineString",
        "coordinates": [
          [
            110.6200982,
            -6.9730142
          ],
          [
            110.6192906,
            -6.9728398
          ]
        ]
      }
    },
    {
      "type": "Feature",
      "properties": {
        "id": 630878101,
        "name": "",
        "type": "tertiary",
        "kecamatan": "Guntur"
      },
      "geometry": {
        "type": "LineString",
        "coordinates": [
          [
            110.6244333,
            -6.9755879
          ],
          [
            110.6238178,
            -6.9750749
          ],
          [
            110.623071,
            -6.9744808
          ],
          [
            110.6222236,
            -6.9737333
          ],
          [
            110.622013,
            -6.9736039
          ],
          [
            110.6217975,
            -6.9734841
          ],
          [
            110.6215628,
            -6.9734073
          ],
          [
            110.6214435,
            -6.9733808
          ],
          [
            110.6209353,
            -6.973268
          ],
          [
            110.6202169,
            -6.9730424
          ],
          [
            110.6200982,
            -6.9730142
          ]
        ]
      }
    },
    {
      "type": "Feature",
      "properties": {
        "id": 630878120,
        "name": "",
        "type": "tertiary",
        "kecamatan": "Guntur"
      },
      "geometry": {
        "type": "LineString",
        "coordinates": [
          [
            110.6239846,
            -6.9767829
          ],
          [
            110.6240817,
            -6.9764091
          ],
          [
            110.6242079,
            -6.9760797
          ],
          [
            110.6244333,
            -6.9755879
          ]
        ]
      }
    },
    {
      "type": "Feature",
      "properties": {
        "id": 630878128,
        "name": "",
        "type": "tertiary",
        "kecamatan": "Guntur"
      },
      "geometry": {
        "type": "LineString",
        "coordinates": [
          [
            110.6238165,
            -6.9778491
          ],
          [
            110.6238612,
            -6.9775047
          ],
          [
            110.6239072,
            -6.9772013
          ]
        ]
      }
    },
    {
      "type": "Feature",
      "properties": {
        "id": 630878135,
        "name": "",
        "type": "tertiary",
        "kecamatan": "Guntur"
      },
      "geometry": {
        "type": "LineString",
        "coordinates": [
          [
            110.6236642,
            -6.9785234
          ],
          [
            110.6237037,
            -6.9783771
          ],
          [
            110.6238049,
            -6.9779037
          ],
          [
            110.6238165,
            -6.9778491
          ]
        ]
      }
    },
    {
      "type": "Feature",
      "properties": {
        "id": 630878143,
        "name": "",
        "type": "tertiary",
        "kecamatan": "Guntur"
      },
      "geometry": {
        "type": "LineString",
        "coordinates": [
          [
            110.6236282,
            -6.9798249
          ],
          [
            110.6236323,
            -6.9794977
          ],
          [
            110.623646,
            -6.9790962
          ],
          [
            110.6236357,
            -6.9788297
          ],
          [
            110.6236642,
            -6.9785234
          ]
        ]
      }
    },
    {
      "type": "Feature",
      "properties": {
        "id": 630878765,
        "name": "",
        "type": "tertiary",
        "kecamatan": "Demak"
      },
      "geometry": {
        "type": "LineString",
        "coordinates": [
          [
            110.6354175,
            -6.9293419
          ],
          [
            110.6354021,
            -6.9293427
          ],
          [
            110.6353305,
            -6.9293556
          ],
          [
            110.6351566,
            -6.9293557
          ],
          [
            110.6342849,
            -6.9294649
          ],
          [
            110.6340172,
            -6.9295097
          ],
          [
            110.6337889,
            -6.9295198
          ],
          [
            110.6336398,
            -6.9295088
          ],
          [
            110.6335175,
            -6.9294902
          ],
          [
            110.6333958,
            -6.9294529
          ],
          [
            110.633242,
            -6.9293607
          ],
          [
            110.6325083,
            -6.9289992
          ],
          [
            110.6312885,
            -6.9285391
          ],
          [
            110.6311965,
            -6.9284574
          ],
          [
            110.6307075,
            -6.9282434
          ],
          [
            110.6306335,
            -6.928208
          ],
          [
            110.6302054,
            -6.9279904
          ],
          [
            110.6301744,
            -6.9279778
          ],
          [
            110.6300367,
            -6.9279235
          ],
          [
            110.6298769,
            -6.9278838
          ],
          [
            110.6294455,
            -6.9276955
          ],
          [
            110.629384,
            -6.9276716
          ],
          [
            110.6292761,
            -6.9276296
          ],
          [
            110.6292403,
            -6.9276157
          ],
          [
            110.6290866,
            -6.9275559
          ],
          [
            110.6289279,
            -6.9274964
          ],
          [
            110.6286879,
            -6.9274063
          ],
          [
            110.6285086,
            -6.9273324
          ],
          [
            110.6284469,
            -6.9273079
          ],
          [
            110.6284295,
            -6.9273007
          ],
          [
            110.6283641,
            -6.9272734
          ],
          [
            110.6283117,
            -6.9272515
          ],
          [
            110.6282324,
            -6.9272184
          ],
          [
            110.6281529,
            -6.9271873
          ],
          [
            110.6280571,
            -6.9271459
          ],
          [
            110.6272999,
            -6.9267825
          ],
          [
            110.6260596,
            -6.9262906
          ],
          [
            110.6259873,
            -6.9262636
          ],
          [
            110.6249726,
            -6.9258508
          ],
          [
            110.6239584,
            -6.9254363
          ],
          [
            110.623453,
            -6.9252093
          ],
          [
            110.6230392,
            -6.9250235
          ],
          [
            110.6219886,
            -6.9245552
          ],
          [
            110.6211048,
            -6.9241383
          ],
          [
            110.6206816,
            -6.9239338
          ],
          [
            110.6197777,
            -6.9235051
          ],
          [
            110.6195752,
            -6.9234084
          ],
          [
            110.6195338,
            -6.9233838
          ],
          [
            110.6191675,
            -6.9232478
          ],
          [
            110.6184839,
            -6.922981
          ],
          [
            110.6183421,
            -6.922869
          ],
          [
            110.6182824,
            -6.9228279
          ],
          [
            110.6180072,
            -6.9226884
          ],
          [
            110.6168843,
            -6.9221025
          ],
          [
            110.6168241,
            -6.9220069
          ],
          [
            110.6166873,
            -6.9219397
          ],
          [
            110.6151208,
            -6.9209905
          ],
          [
            110.6145453,
            -6.9206722
          ],
          [
            110.6144409,
            -6.9206198
          ],
          [
            110.6129701,
            -6.9198106
          ],
          [
            110.6126855,
            -6.9196552
          ],
          [
            110.6117293,
            -6.9191518
          ],
          [
            110.6115931,
            -6.9190825
          ],
          [
            110.6114331,
            -6.9189947
          ],
          [
            110.6108942,
            -6.9186975
          ],
          [
            110.6103538,
            -6.9183557
          ],
          [
            110.6098035,
            -6.9180417
          ],
          [
            110.6085507,
            -6.917293
          ],
          [
            110.6083065,
            -6.9171471
          ],
          [
            110.6082064,
            -6.9170873
          ],
          [
            110.608142,
            -6.9170495
          ],
          [
            110.6079999,
            -6.9169662
          ],
          [
            110.6078666,
            -6.9168795
          ],
          [
            110.607803,
            -6.9168382
          ],
          [
            110.6076656,
            -6.9167439
          ],
          [
            110.6074513,
            -6.9165967
          ],
          [
            110.6073987,
            -6.9165676
          ],
          [
            110.6072775,
            -6.9165066
          ],
          [
            110.6069733,
            -6.9161426
          ],
          [
            110.6067871,
            -6.9159238
          ],
          [
            110.6064653,
            -6.9155278
          ]
        ]
      }
    },
    {
      "type": "Feature",
      "properties": {
        "id": 630878829,
        "name": "",
        "type": "tertiary",
        "kecamatan": "Wonosalam"
      },
      "geometry": {
        "type": "LineString",
        "coordinates": [
          [
            110.6686102,
            -6.9743096
          ],
          [
            110.6686181,
            -6.9742851
          ],
          [
            110.6686196,
            -6.9742591
          ],
          [
            110.6686158,
            -6.9741973
          ],
          [
            110.6685729,
            -6.9740097
          ],
          [
            110.6685125,
            -6.9736995
          ],
          [
            110.6684482,
            -6.973372
          ],
          [
            110.6682809,
            -6.972674
          ],
          [
            110.668121,
            -6.971888
          ],
          [
            110.667936,
            -6.9710143
          ],
          [
            110.6679117,
            -6.9708667
          ],
          [
            110.6679182,
            -6.970751
          ],
          [
            110.6679723,
            -6.9704399
          ],
          [
            110.6681069,
            -6.97007
          ],
          [
            110.6682071,
            -6.9698743
          ],
          [
            110.668549,
            -6.9694475
          ],
          [
            110.6689712,
            -6.9689205
          ],
          [
            110.66926,
            -6.968505
          ],
          [
            110.6695559,
            -6.9680792
          ],
          [
            110.6696927,
            -6.9678769
          ],
          [
            110.6700226,
            -6.9674216
          ],
          [
            110.6703204,
            -6.9669716
          ],
          [
            110.6704411,
            -6.966772
          ],
          [
            110.6705403,
            -6.966559
          ],
          [
            110.6706261,
            -6.9662581
          ],
          [
            110.6706798,
            -6.9660212
          ],
          [
            110.670712,
            -6.9658934
          ],
          [
            110.6707415,
            -6.965675
          ],
          [
            110.6707629,
            -6.9653635
          ],
          [
            110.6707546,
            -6.9651106
          ],
          [
            110.6707388,
            -6.9649056
          ],
          [
            110.6707039,
            -6.9647405
          ],
          [
            110.6706181,
            -6.9645062
          ],
          [
            110.6704652,
            -6.9642081
          ],
          [
            110.6702704,
            -6.9639375
          ],
          [
            110.6700909,
            -6.9637579
          ],
          [
            110.6699173,
            -6.9636082
          ],
          [
            110.6698174,
            -6.9635478
          ],
          [
            110.6697198,
            -6.9635183
          ],
          [
            110.6689296,
            -6.9633707
          ],
          [
            110.6677803,
            -6.963207
          ],
          [
            110.666399,
            -6.9630685
          ],
          [
            110.6657876,
            -6.9630369
          ],
          [
            110.6655986,
            -6.9630092
          ],
          [
            110.6650268,
            -6.9628801
          ],
          [
            110.6646915,
            -6.9627782
          ],
          [
            110.6643802,
            -6.9626643
          ],
          [
            110.6639911,
            -6.9624845
          ],
          [
            110.6637411,
            -6.9623231
          ],
          [
            110.6635781,
            -6.9622179
          ],
          [
            110.663219,
            -6.9619155
          ],
          [
            110.6627937,
            -6.9615419
          ],
          [
            110.6626852,
            -6.9614466
          ],
          [
            110.6621706,
            -6.9610322
          ],
          [
            110.6620509,
            -6.9609412
          ],
          [
            110.6615386,
            -6.9604932
          ],
          [
            110.6603992,
            -6.9594681
          ],
          [
            110.6602536,
            -6.9593446
          ],
          [
            110.6600856,
            -6.9592022
          ],
          [
            110.6597816,
            -6.9589674
          ],
          [
            110.6595015,
            -6.9587757
          ],
          [
            110.6590801,
            -6.9585169
          ],
          [
            110.6584624,
            -6.9581695
          ],
          [
            110.6577944,
            -6.9577597
          ],
          [
            110.6570994,
            -6.9573154
          ],
          [
            110.6567314,
            -6.957103
          ],
          [
            110.6563848,
            -6.9569029
          ],
          [
            110.6559752,
            -6.9566392
          ],
          [
            110.6558824,
            -6.9565873
          ],
          [
            110.6552078,
            -6.9561675
          ],
          [
            110.6550893,
            -6.9560992
          ],
          [
            110.6546226,
            -6.9558158
          ],
          [
            110.6545958,
            -6.9557996
          ],
          [
            110.6543569,
            -6.9556502
          ],
          [
            110.6539135,
            -6.9553587
          ],
          [
            110.6535496,
            -6.9550976
          ],
          [
            110.6524773,
            -6.9541107
          ],
          [
            110.6522161,
            -6.9538401
          ],
          [
            110.6517808,
            -6.9534401
          ],
          [
            110.6515818,
            -6.9532586
          ],
          [
            110.6510268,
            -6.9527526
          ],
          [
            110.6506774,
            -6.9524101
          ],
          [
            110.6501316,
            -6.9519262
          ],
          [
            110.649818,
            -6.9516231
          ],
          [
            110.6495691,
            -6.9513945
          ],
          [
            110.6493992,
            -6.9512125
          ],
          [
            110.6491285,
            -6.950954
          ],
          [
            110.6490857,
            -6.9509131
          ],
          [
            110.6486692,
            -6.9505298
          ],
          [
            110.6480373,
            -6.9499311
          ],
          [
            110.6475514,
            -6.9494999
          ],
          [
            110.6472905,
            -6.9492245
          ],
          [
            110.6469972,
            -6.9489475
          ],
          [
            110.6465653,
            -6.9485573
          ],
          [
            110.6462233,
            -6.9482081
          ],
          [
            110.6461731,
            -6.9481568
          ],
          [
            110.6459652,
            -6.9479478
          ],
          [
            110.6457675,
            -6.9477159
          ],
          [
            110.6456248,
            -6.9475216
          ],
          [
            110.6454546,
            -6.9473018
          ],
          [
            110.6453679,
            -6.9471722
          ],
          [
            110.6451225,
            -6.9468537
          ],
          [
            110.644737,
            -6.9463457
          ],
          [
            110.6446087,
            -6.9461366
          ],
          [
            110.6444745,
            -6.9459575
          ],
          [
            110.6443135,
            -6.9457423
          ],
          [
            110.6438768,
            -6.9451192
          ],
          [
            110.6436411,
            -6.9447867
          ],
          [
            110.643391,
            -6.9444594
          ],
          [
            110.6431254,
            -6.9441124
          ],
          [
            110.6428586,
            -6.9437244
          ],
          [
            110.6426039,
            -6.9433525
          ],
          [
            110.6422293,
            -6.9428185
          ],
          [
            110.6419448,
            -6.9424281
          ],
          [
            110.6415524,
            -6.9418988
          ],
          [
            110.6412318,
            -6.9414479
          ],
          [
            110.6411631,
            -6.9413264
          ],
          [
            110.6409504,
            -6.9409127
          ],
          [
            110.6408456,
            -6.940729
          ],
          [
            110.6408107,
            -6.9406412
          ],
          [
            110.6407222,
            -6.9404029
          ],
          [
            110.6406538,
            -6.9401685
          ],
          [
            110.64058,
            -6.939877
          ],
          [
            110.6405398,
            -6.9396587
          ],
          [
            110.6403909,
            -6.9388186
          ],
          [
            110.640108,
            -6.9373076
          ],
          [
            110.6400127,
            -6.936835
          ],
          [
            110.6399685,
            -6.9366966
          ],
          [
            110.6398692,
            -6.9365262
          ],
          [
            110.6397593,
            -6.9363704
          ],
          [
            110.639652,
            -6.9362413
          ],
          [
            110.6395246,
            -6.9361148
          ],
          [
            110.6393175,
            -6.9359688
          ],
          [
            110.6392216,
            -6.9359087
          ],
          [
            110.6391531,
            -6.9358658
          ],
          [
            110.638956,
            -6.9357726
          ],
          [
            110.6387884,
            -6.9357123
          ],
          [
            110.6382687,
            -6.9355413
          ],
          [
            110.6380337,
            -6.9354681
          ],
          [
            110.6377932,
            -6.9353879
          ],
          [
            110.6373935,
            -6.9352454
          ],
          [
            110.635795,
            -6.9346916
          ],
          [
            110.6354865,
            -6.9345958
          ],
          [
            110.6352156,
            -6.9345132
          ],
          [
            110.6350721,
            -6.9344701
          ],
          [
            110.6348911,
            -6.9344227
          ],
          [
            110.634755,
            -6.9344097
          ],
          [
            110.6345299,
            -6.9344148
          ],
          [
            110.6342756,
            -6.9344475
          ],
          [
            110.6340846,
            -6.9345072
          ],
          [
            110.6338633,
            -6.934612
          ],
          [
            110.6336707,
            -6.9347422
          ],
          [
            110.6335315,
            -6.9348701
          ],
          [
            110.6334507,
            -6.9349459
          ],
          [
            110.6333703,
            -6.9350471
          ],
          [
            110.6332083,
            -6.9352775
          ],
          [
            110.6330698,
            -6.9354744
          ],
          [
            110.6328752,
            -6.9358127
          ],
          [
            110.632653,
            -6.9361374
          ],
          [
            110.6322824,
            -6.9367182
          ],
          [
            110.6318721,
            -6.9372842
          ],
          [
            110.631499,
            -6.9378623
          ],
          [
            110.6310947,
            -6.9384301
          ],
          [
            110.6308382,
            -6.9387494
          ],
          [
            110.6305765,
            -6.9391151
          ],
          [
            110.6300649,
            -6.9395625
          ],
          [
            110.62966,
            -6.9398063
          ],
          [
            110.6292839,
            -6.9399622
          ],
          [
            110.6289602,
            -6.9400102
          ],
          [
            110.6285889,
            -6.9400481
          ],
          [
            110.628325,
            -6.9400368
          ],
          [
            110.6275163,
            -6.9399892
          ],
          [
            110.6265861,
            -6.9399141
          ],
          [
            110.625142,
            -6.9397959
          ]
        ]
      }
    },
    {
      "type": "Feature",
      "properties": {
        "id": 630878874,
        "name": "",
        "type": "tertiary",
        "kecamatan": "Wonosalam"
      },
      "geometry": {
        "type": "LineString",
        "coordinates": [
          [
            110.6226797,
            -6.9416056
          ],
          [
            110.6226954,
            -6.9415912
          ]
        ]
      }
    },
    {
      "type": "Feature",
      "properties": {
        "id": 630878886,
        "name": "",
        "type": "tertiary",
        "kecamatan": "Wonosalam"
      },
      "geometry": {
        "type": "LineString",
        "coordinates": [
          [
            110.6245615,
            -6.9423326
          ],
          [
            110.6245854,
            -6.9423158
          ],
          [
            110.6245981,
            -6.9422872
          ],
          [
            110.6246477,
            -6.9420409
          ],
          [
            110.6247192,
            -6.941835
          ],
          [
            110.624913,
            -6.9407694
          ],
          [
            110.6249948,
            -6.9403762
          ],
          [
            110.6250246,
            -6.9402217
          ],
          [
            110.625142,
            -6.9397959
          ]
        ]
      }
    },
    {
      "type": "Feature",
      "properties": {
        "id": 630878891,
        "name": "",
        "type": "tertiary",
        "kecamatan": "Karangtengah"
      },
      "geometry": {
        "type": "LineString",
        "coordinates": [
          [
            110.6362753,
            -6.9604409
          ],
          [
            110.6357997,
            -6.9599667
          ],
          [
            110.6357199,
            -6.959879
          ],
          [
            110.6355073,
            -6.9596654
          ],
          [
            110.6351514,
            -6.9592071
          ],
          [
            110.6343868,
            -6.9583269
          ],
          [
            110.6339252,
            -6.9577839
          ],
          [
            110.6334858,
            -6.9572671
          ],
          [
            110.6333289,
            -6.9570774
          ],
          [
            110.6330382,
            -6.9567259
          ],
          [
            110.6327105,
            -6.9563295
          ],
          [
            110.6320644,
            -6.9555931
          ],
          [
            110.6318048,
            -6.9552381
          ],
          [
            110.6317211,
            -6.9550794
          ],
          [
            110.6316583,
            -6.9549388
          ],
          [
            110.6315895,
            -6.954846
          ],
          [
            110.6312575,
            -6.9544747
          ],
          [
            110.6309245,
            -6.9541243
          ],
          [
            110.630734,
            -6.9539059
          ],
          [
            110.630179,
            -6.9533117
          ],
          [
            110.6300323,
            -6.9532841
          ],
          [
            110.6299409,
            -6.9532379
          ],
          [
            110.6298515,
            -6.9531404
          ],
          [
            110.6297394,
            -6.9529814
          ],
          [
            110.6294926,
            -6.9524899
          ],
          [
            110.6288396,
            -6.9515493
          ],
          [
            110.6284698,
            -6.9509753
          ],
          [
            110.6276114,
            -6.9498946
          ],
          [
            110.626644,
            -6.9487651
          ],
          [
            110.6257992,
            -6.9479579
          ],
          [
            110.6254827,
            -6.9476723
          ],
          [
            110.6248382,
            -6.9471011
          ],
          [
            110.6242323,
            -6.9465093
          ],
          [
            110.623797,
            -6.9461349
          ],
          [
            110.62346,
            -6.9458223
          ],
          [
            110.6227983,
            -6.945109
          ],
          [
            110.6226241,
            -6.9449007
          ],
          [
            110.6224462,
            -6.9448005
          ],
          [
            110.622249,
            -6.9446584
          ],
          [
            110.6221345,
            -6.9445703
          ],
          [
            110.6220817,
            -6.9445068
          ],
          [
            110.6220298,
            -6.9444061
          ],
          [
            110.6219696,
            -6.9443089
          ],
          [
            110.6218914,
            -6.9442484
          ],
          [
            110.621759,
            -6.944169
          ],
          [
            110.6216571,
            -6.9441197
          ],
          [
            110.6215042,
            -6.9440292
          ],
          [
            110.62134,
            -6.9439333
          ],
          [
            110.6211993,
            -6.943953
          ],
          [
            110.6211368,
            -6.9439693
          ],
          [
            110.6210135,
            -6.9440173
          ],
          [
            110.6209545,
            -6.9439926
          ],
          [
            110.6202893,
            -6.9436349
          ],
          [
            110.6200176,
            -6.9435337
          ],
          [
            110.6198539,
            -6.9434721
          ],
          [
            110.6197604,
            -6.9434523
          ],
          [
            110.6193934,
            -6.9434143
          ],
          [
            110.6188779,
            -6.9433566
          ],
          [
            110.6187207,
            -6.9433408
          ],
          [
            110.6181899,
            -6.9432862
          ],
          [
            110.6181072,
            -6.9432816
          ],
          [
            110.6178238,
            -6.9432706
          ],
          [
            110.6174674,
            -6.9432163
          ],
          [
            110.6171719,
            -6.9431713
          ],
          [
            110.616946,
            -6.9431247
          ],
          [
            110.6167316,
            -6.9430952
          ],
          [
            110.6161464,
            -6.9429787
          ],
          [
            110.6158899,
            -6.9429405
          ],
          [
            110.6154696,
            -6.9428929
          ],
          [
            110.6153473,
            -6.9428791
          ],
          [
            110.6151889,
            -6.9428681
          ],
          [
            110.6148212,
            -6.9428217
          ],
          [
            110.6146517,
            -6.9427945
          ],
          [
            110.6144752,
            -6.9427661
          ],
          [
            110.6142998,
            -6.9427379
          ],
          [
            110.6140891,
            -6.9427053
          ],
          [
            110.6134576,
            -6.9426074
          ],
          [
            110.6130847,
            -6.9425328
          ],
          [
            110.6128809,
            -6.9424743
          ],
          [
            110.6127495,
            -6.9424397
          ],
          [
            110.6124786,
            -6.9423278
          ],
          [
            110.6123498,
            -6.9422639
          ],
          [
            110.6122425,
            -6.9422027
          ],
          [
            110.6121835,
            -6.9421627
          ],
          [
            110.6120359,
            -6.9420549
          ],
          [
            110.6122636,
            -6.9417271
          ],
          [
            110.6125208,
            -6.9413471
          ],
          [
            110.6126322,
            -6.9411715
          ],
          [
            110.6128701,
            -6.9408856
          ],
          [
            110.6131812,
            -6.9406413
          ],
          [
            110.6134832,
            -6.9403858
          ],
          [
            110.6137923,
            -6.9401538
          ],
          [
            110.6138909,
            -6.9400798
          ],
          [
            110.6140917,
            -6.9399328
          ],
          [
            110.6146033,
            -6.9395582
          ],
          [
            110.6157243,
            -6.9387743
          ],
          [
            110.6158458,
            -6.9386864
          ],
          [
            110.6169713,
            -6.9377775
          ],
          [
            110.6171375,
            -6.9376577
          ],
          [
            110.6175632,
            -6.9373323
          ],
          [
            110.6182332,
            -6.9368163
          ],
          [
            110.6186795,
            -6.9364406
          ],
          [
            110.6187167,
            -6.936408
          ],
          [
            110.6187278,
            -6.9363966
          ],
          [
            110.6187325,
            -6.9363829
          ],
          [
            110.6187372,
            -6.9363693
          ],
          [
            110.6187331,
            -6.9363284
          ],
          [
            110.6187187,
            -6.9362858
          ],
          [
            110.6184105,
            -6.9356575
          ],
          [
            110.6183288,
            -6.9354944
          ],
          [
            110.6182706,
            -6.9354849
          ],
          [
            110.6180725,
            -6.935451
          ],
          [
            110.6177692,
            -6.9353824
          ],
          [
            110.6161197,
            -6.9349738
          ],
          [
            110.615852,
            -6.9349103
          ],
          [
            110.6149794,
            -6.9347033
          ],
          [
            110.6149355,
            -6.9346929
          ],
          [
            110.6134924,
            -6.9343055
          ],
          [
            110.6129575,
            -6.9341973
          ],
          [
            110.6103286,
            -6.9334731
          ],
          [
            110.6091614,
            -6.9331273
          ],
          [
            110.6083054,
            -6.9328693
          ],
          [
            110.6075183,
            -6.9325576
          ],
          [
            110.6063604,
            -6.9320609
          ],
          [
            110.6058803,
            -6.9318573
          ],
          [
            110.6047918,
            -6.9313646
          ],
          [
            110.6035349,
            -6.9307443
          ],
          [
            110.6032308,
            -6.9306113
          ],
          [
            110.6029916,
            -6.9306924
          ],
          [
            110.6028199,
            -6.930727
          ],
          [
            110.6003228,
            -6.9310225
          ],
          [
            110.600186,
            -6.9310305
          ],
          [
            110.5997944,
            -6.9309932
          ],
          [
            110.5997032,
            -6.9309986
          ],
          [
            110.5981587,
            -6.9311816
          ]
        ]
      }
    },
    {
      "type": "Feature",
      "properties": {
        "id": 630878922,
        "name": "",
        "type": "tertiary",
        "kecamatan": "Wonosalam"
      },
      "geometry": {
        "type": "LineString",
        "coordinates": [
          [
            110.6202893,
            -6.9436349
          ],
          [
            110.6208429,
            -6.9431457
          ],
          [
            110.621084,
            -6.942962
          ],
          [
            110.6211837,
            -6.9428769
          ],
          [
            110.6212874,
            -6.9427892
          ],
          [
            110.6213401,
            -6.9427446
          ],
          [
            110.6226797,
            -6.9416056
          ]
        ]
      }
    },
    {
      "type": "Feature",
      "properties": {
        "id": 630879567,
        "name": "",
        "type": "tertiary",
        "kecamatan": "Wonosalam"
      },
      "geometry": {
        "type": "LineString",
        "coordinates": [
          [
            110.642679,
            -6.9634232
          ],
          [
            110.6425865,
            -6.9633838
          ],
          [
            110.6417485,
            -6.9631073
          ],
          [
            110.6410373,
            -6.9628447
          ],
          [
            110.6403692,
            -6.9626037
          ],
          [
            110.6395,
            -6.9623122
          ],
          [
            110.6389957,
            -6.9621464
          ],
          [
            110.6385105,
            -6.9619915
          ],
          [
            110.6384743,
            -6.9619788
          ],
          [
            110.6376128,
            -6.9616274
          ],
          [
            110.6375604,
            -6.9616071
          ],
          [
            110.6373018,
            -6.9614848
          ],
          [
            110.6371976,
            -6.9614201
          ],
          [
            110.6370146,
            -6.9612658
          ],
          [
            110.636675,
            -6.9608734
          ],
          [
            110.636557,
            -6.9607371
          ],
          [
            110.6364725,
            -6.9606441
          ],
          [
            110.6363746,
            -6.9605432
          ],
          [
            110.6362753,
            -6.9604409
          ]
        ]
      }
    },
    {
      "type": "Feature",
      "properties": {
        "id": 630879590,
        "name": "",
        "type": "tertiary",
        "kecamatan": "Wonosalam"
      },
      "geometry": {
        "type": "LineString",
        "coordinates": [
          [
            110.6602476,
            -6.9697374
          ],
          [
            110.659615,
            -6.9693565
          ],
          [
            110.6588188,
            -6.9689909
          ],
          [
            110.6586596,
            -6.9689178
          ],
          [
            110.6577688,
            -6.9686299
          ],
          [
            110.656921,
            -6.9683421
          ],
          [
            110.6558092,
            -6.9679937
          ],
          [
            110.6554761,
            -6.9678693
          ],
          [
            110.6545323,
            -6.9675434
          ],
          [
            110.654277,
            -6.967445
          ],
          [
            110.6537313,
            -6.9672592
          ],
          [
            110.6534928,
            -6.9671785
          ],
          [
            110.653159,
            -6.9670629
          ],
          [
            110.6524136,
            -6.9668075
          ],
          [
            110.6518865,
            -6.9666268
          ],
          [
            110.6511163,
            -6.9663526
          ],
          [
            110.6500943,
            -6.9660046
          ],
          [
            110.6494353,
            -6.9657769
          ],
          [
            110.6484691,
            -6.9654429
          ],
          [
            110.647941,
            -6.9652481
          ],
          [
            110.6471076,
            -6.965006
          ],
          [
            110.6465817,
            -6.9648072
          ],
          [
            110.6461558,
            -6.9646508
          ],
          [
            110.6455768,
            -6.9644509
          ],
          [
            110.6454358,
            -6.9644022
          ],
          [
            110.64537,
            -6.9643795
          ],
          [
            110.6445798,
            -6.9641235
          ],
          [
            110.6438399,
            -6.9638332
          ],
          [
            110.6431422,
            -6.9636146
          ],
          [
            110.6429359,
            -6.9635325
          ],
          [
            110.6428554,
            -6.9634982
          ]
        ]
      }
    },
    {
      "type": "Feature",
      "properties": {
        "id": 631110024,
        "name": "",
        "type": "secondary",
        "kecamatan": "Bonang"
      },
      "geometry": {
        "type": "LineString",
        "coordinates": [
          [
            110.6408334,
            -6.8738748
          ],
          [
            110.6408502,
            -6.8738602
          ],
          [
            110.6409039,
            -6.8738136
          ],
          [
            110.6409462,
            -6.8737517
          ],
          [
            110.6409743,
            -6.8737191
          ],
          [
            110.6410052,
            -6.8736552
          ],
          [
            110.641032,
            -6.873556
          ],
          [
            110.6410789,
            -6.8733429
          ],
          [
            110.6411105,
            -6.8731312
          ],
          [
            110.6411148,
            -6.8730859
          ],
          [
            110.6411232,
            -6.8730407
          ],
          [
            110.6411406,
            -6.8727571
          ],
          [
            110.6411661,
            -6.8724255
          ],
          [
            110.6411862,
            -6.872114
          ],
          [
            110.6411785,
            -6.8717514
          ],
          [
            110.6411792,
            -6.8717238
          ],
          [
            110.6411965,
            -6.8710264
          ],
          [
            110.6412184,
            -6.8707026
          ],
          [
            110.6412157,
            -6.8705881
          ],
          [
            110.6412023,
            -6.870439
          ],
          [
            110.6411567,
            -6.8700848
          ],
          [
            110.6411219,
            -6.8697546
          ],
          [
            110.6411272,
            -6.8695655
          ],
          [
            110.6411326,
            -6.8693711
          ],
          [
            110.6411514,
            -6.8692114
          ],
          [
            110.6411701,
            -6.8690729
          ],
          [
            110.641374,
            -6.8681409
          ],
          [
            110.6414732,
            -6.8675497
          ],
          [
            110.6415966,
            -6.8668307
          ],
          [
            110.6416476,
            -6.8665324
          ],
          [
            110.6416878,
            -6.8662768
          ],
          [
            110.6417119,
            -6.8661223
          ],
          [
            110.6417307,
            -6.8659599
          ],
          [
            110.6417468,
            -6.8655658
          ],
          [
            110.6417173,
            -6.8652276
          ],
          [
            110.6416503,
            -6.8646657
          ],
          [
            110.6416449,
            -6.8645192
          ],
          [
            110.6416234,
            -6.8643035
          ],
          [
            110.641597,
            -6.8640951
          ],
          [
            110.6415215,
            -6.8635765
          ],
          [
            110.6414518,
            -6.8633555
          ],
          [
            110.6414196,
            -6.8631425
          ],
          [
            110.6414029,
            -6.8630494
          ],
          [
            110.6413767,
            -6.8629028
          ],
          [
            110.641383,
            -6.8627389
          ],
          [
            110.6414627,
            -6.8624794
          ],
          [
            110.6415617,
            -6.8623143
          ],
          [
            110.6416583,
            -6.8621971
          ],
          [
            110.641771,
            -6.8620693
          ],
          [
            110.6418936,
            -6.8619464
          ],
          [
            110.6420269,
            -6.8616676
          ],
          [
            110.6421117,
            -6.8613772
          ],
          [
            110.6421304,
            -6.8611333
          ],
          [
            110.6420687,
            -6.8605194
          ],
          [
            110.6420056,
            -6.8598617
          ],
          [
            110.6419735,
            -6.8592252
          ],
          [
            110.6419158,
            -6.8589429
          ],
          [
            110.641897,
            -6.8588284
          ],
          [
            110.6418812,
            -6.8587188
          ],
          [
            110.6418165,
            -6.8583997
          ],
          [
            110.6417884,
            -6.8580241
          ],
          [
            110.6418011,
            -6.8578983
          ],
          [
            110.6418259,
            -6.8577951
          ],
          [
            110.6418688,
            -6.8577093
          ],
          [
            110.6420298,
            -6.8574636
          ],
          [
            110.6422722,
            -6.8571735
          ],
          [
            110.6425179,
            -6.8568638
          ],
          [
            110.6427338,
            -6.8565648
          ],
          [
            110.6428451,
            -6.8563171
          ],
          [
            110.6429284,
            -6.8560496
          ],
          [
            110.6429431,
            -6.8558192
          ],
          [
            110.642935,
            -6.8556514
          ],
          [
            110.642935,
            -6.855481
          ],
          [
            110.642935,
            -6.855449
          ],
          [
            110.6429109,
            -6.8552706
          ],
          [
            110.6427809,
            -6.8548658
          ],
          [
            110.6426306,
            -6.8543979
          ],
          [
            110.6425944,
            -6.8542879
          ],
          [
            110.6424522,
            -6.854027
          ],
          [
            110.642416,
            -6.8539484
          ],
          [
            110.6423932,
            -6.8538619
          ],
          [
            110.6423745,
            -6.8537873
          ],
          [
            110.642357,
            -6.8536981
          ],
          [
            110.6423329,
            -6.8535969
          ],
          [
            110.6423248,
            -6.8535183
          ],
          [
            110.6423235,
            -6.8533452
          ],
          [
            110.6423369,
            -6.8530842
          ],
          [
            110.6423967,
            -6.852714
          ],
          [
            110.6424414,
            -6.8524991
          ],
          [
            110.6425021,
            -6.8522474
          ],
          [
            110.6425739,
            -6.8518857
          ],
          [
            110.6426183,
            -6.8514837
          ],
          [
            110.6426507,
            -6.8511269
          ],
          [
            110.6426421,
            -6.8508471
          ],
          [
            110.6426373,
            -6.8506902
          ],
          [
            110.6426171,
            -6.8500241
          ],
          [
            110.6426159,
            -6.8499844
          ],
          [
            110.6426159,
            -6.8497687
          ],
          [
            110.6426319,
            -6.8493693
          ],
          [
            110.6426963,
            -6.8490444
          ],
          [
            110.6427701,
            -6.8488246
          ],
          [
            110.6427942,
            -6.8487395
          ],
          [
            110.6428036,
            -6.8486915
          ],
          [
            110.6427956,
            -6.8486543
          ],
          [
            110.6427768,
            -6.848613
          ],
          [
            110.6427298,
            -6.8485717
          ],
          [
            110.6426695,
            -6.8485371
          ],
          [
            110.6423892,
            -6.8483853
          ],
          [
            110.6422135,
            -6.8482654
          ],
          [
            110.6420928,
            -6.8481483
          ],
          [
            110.6420164,
            -6.848051
          ],
          [
            110.6419078,
            -6.8478567
          ],
          [
            110.6418447,
            -6.8477235
          ],
          [
            110.6418032,
            -6.847589
          ],
          [
            110.6417924,
            -6.8475184
          ],
          [
            110.6418031,
            -6.8474279
          ],
          [
            110.6418353,
            -6.8473426
          ],
          [
            110.6419897,
            -6.8470293
          ],
          [
            110.6420955,
            -6.8468261
          ],
          [
            110.6422457,
            -6.8465305
          ],
          [
            110.6424321,
            -6.8460564
          ],
          [
            110.6426668,
            -6.8455078
          ],
          [
            110.6427338,
            -6.8453041
          ],
          [
            110.6427406,
            -6.8451882
          ],
          [
            110.6426319,
            -6.8450098
          ],
          [
            110.6424321,
            -6.8447794
          ],
          [
            110.6418098,
            -6.8440724
          ],
          [
            110.6413928,
            -6.8435664
          ],
          [
            110.6407738,
            -6.8428154
          ],
          [
            110.640108,
            -6.8420152
          ],
          [
            110.6397947,
            -6.8416108
          ],
          [
            110.639502,
            -6.8412711
          ],
          [
            110.6394318,
            -6.8411966
          ],
          [
            110.6388795,
            -6.8405025
          ],
          [
            110.6384698,
            -6.8400238
          ],
          [
            110.6381481,
            -6.8395922
          ],
          [
            110.6380494,
            -6.8394692
          ],
          [
            110.6379149,
            -6.839292
          ],
          [
            110.6378455,
            -6.8391889
          ],
          [
            110.6377537,
            -6.8390298
          ],
          [
            110.6376464,
            -6.8387935
          ],
          [
            110.6375982,
            -6.8387018
          ],
          [
            110.6375438,
            -6.8385984
          ],
          [
            110.6374593,
            -6.8384186
          ],
          [
            110.6374224,
            -6.8383101
          ],
          [
            110.6373708,
            -6.838163
          ],
          [
            110.6373443,
            -6.8380611
          ],
          [
            110.6373151,
            -6.8379419
          ],
          [
            110.6372367,
            -6.8376463
          ],
          [
            110.6372025,
            -6.8375351
          ],
          [
            110.6370892,
            -6.8372349
          ],
          [
            110.6370395,
            -6.8371203
          ],
          [
            110.636888,
            -6.8368447
          ],
          [
            110.6368089,
            -6.8366809
          ],
          [
            110.6367452,
            -6.8365471
          ],
          [
            110.6366546,
            -6.8363867
          ],
          [
            110.6366044,
            -6.8363161
          ],
          [
            110.6365594,
            -6.8362675
          ],
          [
            110.6363033,
            -6.8360418
          ],
          [
            110.6360954,
            -6.8358953
          ],
          [
            110.6358621,
            -6.8357555
          ],
          [
            110.6355938,
            -6.8356024
          ],
          [
            110.6354242,
            -6.8355018
          ],
          [
            110.6352358,
            -6.835388
          ],
          [
            110.6350339,
            -6.8352648
          ],
          [
            110.6348086,
            -6.8351103
          ],
          [
            110.6346805,
            -6.8350185
          ],
          [
            110.6345263,
            -6.8349006
          ],
          [
            110.6343023,
            -6.8347275
          ],
          [
            110.6341588,
            -6.8346037
          ],
          [
            110.6339818,
            -6.8344359
          ],
          [
            110.6336787,
            -6.8341629
          ],
          [
            110.6333113,
            -6.8337901
          ],
          [
            110.6331463,
            -6.833625
          ],
          [
            110.6328882,
            -6.8333493
          ],
          [
            110.632809,
            -6.8332734
          ],
          [
            110.6327265,
            -6.8332075
          ],
          [
            110.632638,
            -6.8331483
          ],
          [
            110.6325421,
            -6.8330877
          ],
          [
            110.6324134,
            -6.8330098
          ],
          [
            110.6323075,
            -6.8329472
          ],
          [
            110.6322062,
            -6.8328766
          ],
          [
            110.6321043,
            -6.8327874
          ],
          [
            110.6318642,
            -6.832581
          ],
          [
            110.6315222,
            -6.8322841
          ],
          [
            110.6313962,
            -6.8321602
          ],
          [
            110.6311038,
            -6.8318819
          ],
          [
            110.6305768,
            -6.8313773
          ],
          [
            110.6303434,
            -6.8311349
          ],
          [
            110.6302294,
            -6.8310097
          ],
          [
            110.6301208,
            -6.8308912
          ],
          [
            110.6300376,
            -6.8307727
          ],
          [
            110.6299719,
            -6.8306582
          ],
          [
            110.6299062,
            -6.830529
          ],
          [
            110.6297909,
            -6.8303366
          ],
          [
            110.629764,
            -6.8302954
          ],
          [
            110.6297486,
            -6.8302634
          ],
          [
            110.6297319,
            -6.8301136
          ],
          [
            110.6297225,
            -6.8299818
          ],
          [
            110.6297252,
            -6.8298752
          ],
          [
            110.6297413,
            -6.8297274
          ],
          [
            110.6297441,
            -6.8296955
          ],
          [
            110.6297842,
            -6.8292334
          ],
          [
            110.6297925,
            -6.8291635
          ],
          [
            110.6298083,
            -6.8290297
          ],
          [
            110.6298298,
            -6.8288539
          ],
          [
            110.6298552,
            -6.8286508
          ],
          [
            110.6298693,
            -6.8285277
          ],
          [
            110.6298881,
            -6.8284338
          ],
          [
            110.6299719,
            -6.8280443
          ],
          [
            110.6300135,
            -6.8277806
          ],
          [
            110.6300303,
            -6.8276455
          ],
          [
            110.6300363,
            -6.8275423
          ],
          [
            110.6300289,
            -6.8274531
          ],
          [
            110.6300249,
            -6.8273659
          ],
          [
            110.6300041,
            -6.8272846
          ],
          [
            110.6299793,
            -6.8271814
          ],
          [
            110.6299645,
            -6.8271182
          ],
          [
            110.6299283,
            -6.8270176
          ],
          [
            110.6299055,
            -6.8269604
          ],
          [
            110.6298613,
            -6.8268652
          ],
          [
            110.6298103,
            -6.8268139
          ],
          [
            110.6296943,
            -6.8267167
          ],
          [
            110.6295253,
            -6.8265862
          ],
          [
            110.6293161,
            -6.8264091
          ],
          [
            110.6291901,
            -6.8263039
          ],
          [
            110.6290358,
            -6.8261667
          ],
          [
            110.628891,
            -6.8260016
          ],
          [
            110.6287689,
            -6.8258405
          ],
          [
            110.6286979,
            -6.8257293
          ],
          [
            110.6286322,
            -6.8256068
          ],
          [
            110.6285852,
            -6.8254996
          ],
          [
            110.6285289,
            -6.8253811
          ],
          [
            110.6284833,
            -6.8252519
          ],
          [
            110.6284498,
            -6.8251188
          ],
          [
            110.6284364,
            -6.8250202
          ],
          [
            110.6284176,
            -6.8248831
          ],
          [
            110.6284042,
            -6.8247379
          ],
          [
            110.6283988,
            -6.8245182
          ],
          [
            110.6284042,
            -6.8243305
          ],
          [
            110.6284149,
            -6.8242133
          ],
          [
            110.6284444,
            -6.823907
          ],
          [
            110.628494,
            -6.8235808
          ],
          [
            110.6285162,
            -6.8233462
          ],
          [
            110.6285182,
            -6.8233251
          ],
          [
            110.6285825,
            -6.8227578
          ],
          [
            110.6285933,
            -6.8224889
          ],
          [
            110.6286013,
            -6.8223144
          ],
          [
            110.6286094,
            -6.8220594
          ],
          [
            110.6286027,
            -6.8218943
          ],
          [
            110.6285933,
            -6.8217658
          ],
          [
            110.6285705,
            -6.8216087
          ],
          [
            110.628543,
            -6.8214329
          ],
          [
            110.6284236,
            -6.8209835
          ],
          [
            110.6283693,
            -6.8208283
          ],
          [
            110.6283049,
            -6.8206766
          ],
          [
            110.6282685,
            -6.8205902
          ],
          [
            110.6282365,
            -6.820552
          ],
          [
            110.6281862,
            -6.8204981
          ],
          [
            110.6281373,
            -6.8204521
          ],
          [
            110.6280927,
            -6.8204172
          ],
          [
            110.6280421,
            -6.8203803
          ],
          [
            110.6279563,
            -6.820337
          ],
          [
            110.6278757,
            -6.8203011
          ],
          [
            110.6277953,
            -6.8202651
          ],
          [
            110.6277155,
            -6.820225
          ],
          [
            110.6276399,
            -6.8201955
          ],
          [
            110.6275546,
            -6.8201585
          ],
          [
            110.6274439,
            -6.8201066
          ],
          [
            110.6272455,
            -6.8200147
          ],
          [
            110.6270338,
            -6.8198928
          ],
          [
            110.6269712,
            -6.8198623
          ],
          [
            110.626882,
            -6.8197864
          ],
          [
            110.6267995,
            -6.8197258
          ],
          [
            110.6267446,
            -6.8196652
          ],
          [
            110.6266762,
            -6.8195939
          ],
          [
            110.6265876,
            -6.819508
          ],
          [
            110.6263952,
            -6.819301
          ],
          [
            110.6262919,
            -6.8191971
          ],
          [
            110.6261565,
            -6.8190694
          ],
          [
            110.6259298,
            -6.8189015
          ],
          [
            110.625831,
            -6.8188306
          ],
          [
            110.6256106,
            -6.8186725
          ],
          [
            110.6253062,
            -6.818474
          ],
          [
            110.6251983,
            -6.8184006
          ],
          [
            110.6249991,
            -6.818265
          ],
          [
            110.6245344,
            -6.8179121
          ],
          [
            110.6240241,
            -6.8175126
          ],
          [
            110.623776,
            -6.8173129
          ],
          [
            110.6235038,
            -6.8170878
          ],
          [
            110.6232664,
            -6.8168654
          ],
          [
            110.6230384,
            -6.8166764
          ],
          [
            110.6226689,
            -6.8163907
          ],
          [
            110.6225234,
            -6.8162815
          ],
          [
            110.6224027,
            -6.8162163
          ],
          [
            110.6221412,
            -6.8160864
          ],
          [
            110.621873,
            -6.8159799
          ],
          [
            110.6216705,
            -6.815912
          ],
          [
            110.6214546,
            -6.8158414
          ],
          [
            110.621181,
            -6.8157449
          ],
          [
            110.6210321,
            -6.8156843
          ],
          [
            110.6208544,
            -6.8156024
          ],
          [
            110.6206204,
            -6.8154646
          ],
          [
            110.6203904,
            -6.8153108
          ],
          [
            110.6201369,
            -6.8151177
          ],
          [
            110.6200545,
            -6.8150514
          ],
          [
            110.6200136,
            -6.8150142
          ],
          [
            110.6200011,
            -6.8149997
          ],
          [
            110.6199944,
            -6.8149815
          ],
          [
            110.6199914,
            -6.8149582
          ],
          [
            110.6199958,
            -6.8149183
          ],
          [
            110.6200102,
            -6.8148801
          ]
        ]
      }
    },
    {
      "type": "Feature",
      "properties": {
        "id": 631110356,
        "name": "",
        "type": "secondary",
        "kecamatan": "Demak"
      },
      "geometry": {
        "type": "LineString",
        "coordinates": [
          [
            110.6417897,
            -6.8896711
          ],
          [
            110.6419593,
            -6.8895277
          ],
          [
            110.6420552,
            -6.8894553
          ],
          [
            110.6421954,
            -6.8893429
          ],
          [
            110.6422819,
            -6.889279
          ],
          [
            110.642355,
            -6.8892317
          ],
          [
            110.6426172,
            -6.8890853
          ],
          [
            110.6426453,
            -6.8890693
          ],
          [
            110.6426591,
            -6.8890503
          ],
          [
            110.6426648,
            -6.8890303
          ],
          [
            110.6426631,
            -6.8890064
          ],
          [
            110.6426547,
            -6.8889724
          ],
          [
            110.6425635,
            -6.8887231
          ],
          [
            110.6425226,
            -6.8886299
          ],
          [
            110.6423959,
            -6.8883343
          ],
          [
            110.6423127,
            -6.8881506
          ],
          [
            110.6422001,
            -6.8878843
          ],
          [
            110.6419359,
            -6.8872506
          ],
          [
            110.6418622,
            -6.8870682
          ],
          [
            110.6417186,
            -6.886722
          ],
          [
            110.6416422,
            -6.8865422
          ],
          [
            110.641614,
            -6.8864856
          ],
          [
            110.641545,
            -6.8863612
          ],
          [
            110.6414558,
            -6.886214
          ],
          [
            110.6412124,
            -6.8858779
          ],
          [
            110.641085,
            -6.8857021
          ],
          [
            110.6409904,
            -6.8855643
          ],
          [
            110.64066,
            -6.8851062
          ],
          [
            110.640548,
            -6.8849491
          ],
          [
            110.6400918,
            -6.8843334
          ],
          [
            110.6399973,
            -6.8842162
          ],
          [
            110.6398438,
            -6.8839925
          ],
          [
            110.6397653,
            -6.8838475
          ],
          [
            110.6397298,
            -6.8837881
          ],
          [
            110.6396808,
            -6.8836636
          ],
          [
            110.6396419,
            -6.8835332
          ],
          [
            110.6396205,
            -6.8834307
          ],
          [
            110.6396097,
            -6.8833348
          ],
          [
            110.639609,
            -6.8832855
          ],
          [
            110.6396211,
            -6.8831078
          ],
          [
            110.6396345,
            -6.8830119
          ],
          [
            110.639656,
            -6.8828967
          ],
          [
            110.6396761,
            -6.8828075
          ],
          [
            110.639715,
            -6.8826284
          ],
          [
            110.6397855,
            -6.8823003
          ],
          [
            110.639886,
            -6.8818463
          ],
          [
            110.6399363,
            -6.8815361
          ],
          [
            110.6399839,
            -6.8812198
          ],
          [
            110.6400328,
            -6.8808496
          ],
          [
            110.6400469,
            -6.8807179
          ],
          [
            110.6400663,
            -6.8805488
          ],
          [
            110.640118,
            -6.8801587
          ],
          [
            110.640167,
            -6.8797972
          ],
          [
            110.6402018,
            -6.879459
          ],
          [
            110.6402984,
            -6.8788305
          ],
          [
            110.6403501,
            -6.8784771
          ],
          [
            110.6403902,
            -6.8781908
          ],
          [
            110.6404406,
            -6.8777174
          ],
          [
            110.640476,
            -6.8774817
          ],
          [
            110.6404915,
            -6.8771056
          ],
          [
            110.6405063,
            -6.8768187
          ],
          [
            110.6405096,
            -6.8765823
          ],
          [
            110.6405156,
            -6.8763413
          ],
          [
            110.6405291,
            -6.8761437
          ],
          [
            110.6405297,
            -6.875928
          ],
          [
            110.6405317,
            -6.8758081
          ],
          [
            110.6405351,
            -6.8756503
          ],
          [
            110.6405432,
            -6.8753288
          ],
          [
            110.6405465,
            -6.8751744
          ],
          [
            110.6405559,
            -6.8749959
          ],
          [
            110.6405593,
            -6.8748801
          ],
          [
            110.6405458,
            -6.8748022
          ],
          [
            110.6405177,
            -6.874721
          ],
          [
            110.640439,
            -6.8745948
          ],
          [
            110.6402885,
            -6.8744216
          ],
          [
            110.6403387,
            -6.8743675
          ],
          [
            110.6403795,
            -6.8743229
          ]
        ]
      }
    },
    {
      "type": "Feature",
      "properties": {
        "id": 631110432,
        "name": "",
        "type": "secondary",
        "kecamatan": "Wedung"
      },
      "geometry": {
        "type": "LineString",
        "coordinates": [
          [
            110.6194476,
            -6.8134119
          ],
          [
            110.6193742,
            -6.8129152
          ],
          [
            110.619278,
            -6.8123069
          ],
          [
            110.6191363,
            -6.811567
          ],
          [
            110.6190653,
            -6.8113398
          ],
          [
            110.6188851,
            -6.81088
          ],
          [
            110.6187616,
            -6.8106241
          ],
          [
            110.6186597,
            -6.8103643
          ],
          [
            110.6185672,
            -6.8100861
          ],
          [
            110.6184865,
            -6.809818
          ],
          [
            110.6183977,
            -6.8094569
          ],
          [
            110.618353,
            -6.8091747
          ],
          [
            110.6183272,
            -6.8088585
          ],
          [
            110.6183258,
            -6.808592
          ],
          [
            110.618348,
            -6.808324
          ],
          [
            110.6183901,
            -6.8079928
          ],
          [
            110.6184266,
            -6.8076615
          ],
          [
            110.6184545,
            -6.8073722
          ],
          [
            110.6184556,
            -6.8070901
          ],
          [
            110.6184318,
            -6.8068714
          ],
          [
            110.618391,
            -6.8066028
          ],
          [
            110.6183134,
            -6.8063341
          ],
          [
            110.6181631,
            -6.8059265
          ],
          [
            110.6181036,
            -6.8058261
          ],
          [
            110.6180096,
            -6.805693
          ],
          [
            110.617807,
            -6.8054581
          ],
          [
            110.6175178,
            -6.8051318
          ],
          [
            110.6174601,
            -6.8050158
          ],
          [
            110.6173269,
            -6.8047766
          ],
          [
            110.61708,
            -6.8042191
          ],
          [
            110.6170249,
            -6.804109
          ],
          [
            110.6169686,
            -6.8039705
          ],
          [
            110.6168963,
            -6.8038153
          ],
          [
            110.6167587,
            -6.803547
          ],
          [
            110.6166158,
            -6.8032879
          ],
          [
            110.6164502,
            -6.8030164
          ],
          [
            110.6163684,
            -6.8028799
          ],
          [
            110.6162949,
            -6.8027391
          ],
          [
            110.6161925,
            -6.8025156
          ],
          [
            110.6161728,
            -6.8024747
          ],
          [
            110.6159489,
            -6.8019387
          ],
          [
            110.6158465,
            -6.8016936
          ],
          [
            110.6157111,
            -6.8013977
          ],
          [
            110.6156483,
            -6.8013078
          ],
          [
            110.6155842,
            -6.8012207
          ],
          [
            110.6154457,
            -6.8010842
          ],
          [
            110.6152883,
            -6.8009292
          ],
          [
            110.6151565,
            -6.8007986
          ],
          [
            110.6143874,
            -6.8001604
          ],
          [
            110.6139354,
            -6.7997711
          ],
          [
            110.6138883,
            -6.7997177
          ],
          [
            110.6136645,
            -6.7994318
          ],
          [
            110.6134221,
            -6.7992671
          ],
          [
            110.6132303,
            -6.799152
          ],
          [
            110.6129326,
            -6.7989859
          ],
          [
            110.6127658,
            -6.7988626
          ],
          [
            110.6124735,
            -6.7986663
          ],
          [
            110.6123569,
            -6.798571
          ],
          [
            110.6122494,
            -6.798487
          ],
          [
            110.6119116,
            -6.7982152
          ],
          [
            110.6118199,
            -6.798134
          ],
          [
            110.6115767,
            -6.7979314
          ],
          [
            110.6115465,
            -6.7979034
          ],
          [
            110.6117987,
            -6.7976643
          ]
        ]
      }
    },
    {
      "type": "Feature",
      "properties": {
        "id": 631110443,
        "name": "",
        "type": "secondary",
        "kecamatan": "Wedung"
      },
      "geometry": {
        "type": "LineString",
        "coordinates": [
          [
            110.6197675,
            -6.8143374
          ],
          [
            110.6197319,
            -6.8142914
          ],
          [
            110.619689,
            -6.8142235
          ],
          [
            110.6196575,
            -6.8141589
          ],
          [
            110.6196159,
            -6.8140491
          ],
          [
            110.6195696,
            -6.8139066
          ],
          [
            110.619512,
            -6.8137055
          ],
          [
            110.6194831,
            -6.8135643
          ],
          [
            110.6194476,
            -6.8134119
          ]
        ]
      }
    },
    {
      "type": "Feature",
      "properties": {
        "id": 631110445,
        "name": "",
        "type": "secondary",
        "kecamatan": "Wedung"
      },
      "geometry": {
        "type": "LineString",
        "coordinates": [
          [
            110.6201986,
            -6.8145028
          ],
          [
            110.6201456,
            -6.8144852
          ],
          [
            110.6200903,
            -6.8144702
          ],
          [
            110.6200092,
            -6.8144369
          ],
          [
            110.6199351,
            -6.8144119
          ],
          [
            110.6198245,
            -6.814368
          ],
          [
            110.6197675,
            -6.8143374
          ]
        ]
      }
    },
    {
      "type": "Feature",
      "properties": {
        "id": 631110615,
        "name": "",
        "type": "secondary",
        "kecamatan": "Wedung"
      },
      "geometry": {
        "type": "LineString",
        "coordinates": [
          [
            110.6119147,
            -6.7975623
          ],
          [
            110.6121003,
            -6.7974311
          ],
          [
            110.6121909,
            -6.7973528
          ],
          [
            110.6122405,
            -6.7973094
          ],
          [
            110.6123021,
            -6.7972553
          ],
          [
            110.6123347,
            -6.7972325
          ],
          [
            110.6123468,
            -6.7972274
          ],
          [
            110.6123816,
            -6.7972219
          ],
          [
            110.6124164,
            -6.7972275
          ],
          [
            110.6124478,
            -6.7972438
          ],
          [
            110.6124611,
            -6.7972554
          ],
          [
            110.6126794,
            -6.7973628
          ],
          [
            110.6127197,
            -6.7973759
          ],
          [
            110.6127614,
            -6.7973835
          ],
          [
            110.6128038,
            -6.7973855
          ],
          [
            110.6128461,
            -6.7973818
          ],
          [
            110.6128875,
            -6.7973726
          ],
          [
            110.6129273,
            -6.7973579
          ],
          [
            110.6129648,
            -6.7973381
          ],
          [
            110.6131834,
            -6.7971047
          ],
          [
            110.6132103,
            -6.7970715
          ],
          [
            110.6133223,
            -6.7969332
          ]
        ]
      }
    },
    {
      "type": "Feature",
      "properties": {
        "id": 631122753,
        "name": "",
        "type": "secondary",
        "kecamatan": "Wedung"
      },
      "geometry": {
        "type": "LineString",
        "coordinates": [
          [
            110.618471,
            -6.7851049
          ],
          [
            110.6184658,
            -6.784845
          ],
          [
            110.6184783,
            -6.7845843
          ],
          [
            110.61849,
            -6.7842941
          ],
          [
            110.6184955,
            -6.7841984
          ],
          [
            110.6185081,
            -6.7841034
          ],
          [
            110.6185278,
            -6.7840096
          ],
          [
            110.6185545,
            -6.7839176
          ],
          [
            110.6185881,
            -6.7838278
          ],
          [
            110.6186283,
            -6.7837408
          ],
          [
            110.6186749,
            -6.7836571
          ],
          [
            110.6192444,
            -6.7828772
          ],
          [
            110.6192659,
            -6.7828413
          ],
          [
            110.6194851,
            -6.782533
          ],
          [
            110.619683,
            -6.782234
          ],
          [
            110.6197339,
            -6.7821647
          ],
          [
            110.6198251,
            -6.7820529
          ],
          [
            110.619919,
            -6.781965
          ],
          [
            110.6201161,
            -6.7817759
          ],
          [
            110.6203495,
            -6.7815468
          ],
          [
            110.6204286,
            -6.7814509
          ],
          [
            110.6205413,
            -6.7813337
          ],
          [
            110.6206901,
            -6.7811393
          ]
        ]
      }
    },
    {
      "type": "Feature",
      "properties": {
        "id": 631122768,
        "name": "",
        "type": "secondary",
        "kecamatan": "Wedung"
      },
      "geometry": {
        "type": "LineString",
        "coordinates": [
          [
            110.6156337,
            -6.7938975
          ],
          [
            110.6156807,
            -6.7938118
          ],
          [
            110.6157897,
            -6.7935308
          ],
          [
            110.6159135,
            -6.7932656
          ],
          [
            110.6160205,
            -6.7930094
          ],
          [
            110.6163337,
            -6.7922595
          ],
          [
            110.6164978,
            -6.7918556
          ],
          [
            110.6165677,
            -6.7916969
          ],
          [
            110.6166423,
            -6.7915274
          ],
          [
            110.6167189,
            -6.7913565
          ],
          [
            110.6167683,
            -6.7912395
          ],
          [
            110.6168412,
            -6.7910805
          ],
          [
            110.6169324,
            -6.7908648
          ],
          [
            110.6172242,
            -6.7902085
          ],
          [
            110.6174762,
            -6.7896829
          ],
          [
            110.6177436,
            -6.7891346
          ],
          [
            110.6179482,
            -6.7887174
          ],
          [
            110.6180569,
            -6.7885177
          ],
          [
            110.6181735,
            -6.7883211
          ],
          [
            110.6182694,
            -6.7881741
          ],
          [
            110.618361,
            -6.788025
          ],
          [
            110.6184029,
            -6.7879193
          ],
          [
            110.6184382,
            -6.7878025
          ],
          [
            110.6184693,
            -6.7876916
          ],
          [
            110.6184917,
            -6.7875796
          ],
          [
            110.6185058,
            -6.78745
          ],
          [
            110.6185103,
            -6.7873411
          ],
          [
            110.6185039,
            -6.7872218
          ],
          [
            110.6185013,
            -6.7870924
          ],
          [
            110.618479,
            -6.7864512
          ],
          [
            110.618479,
            -6.7861104
          ]
        ]
      }
    },
    {
      "type": "Feature",
      "properties": {
        "id": 631122830,
        "name": "",
        "type": "secondary",
        "kecamatan": "Wedung"
      },
      "geometry": {
        "type": "LineString",
        "coordinates": [
          [
            110.6154809,
            -6.7942245
          ],
          [
            110.6156337,
            -6.7938975
          ]
        ]
      }
    },
    {
      "type": "Feature",
      "properties": {
        "id": 631122857,
        "name": "",
        "type": "secondary",
        "kecamatan": "Wedung"
      },
      "geometry": {
        "type": "LineString",
        "coordinates": [
          [
            110.6134086,
            -6.7968267
          ],
          [
            110.6135924,
            -6.7965998
          ],
          [
            110.6137413,
            -6.7964159
          ],
          [
            110.6137587,
            -6.796398
          ],
          [
            110.6137686,
            -6.7963878
          ],
          [
            110.6139748,
            -6.7961749
          ],
          [
            110.6139792,
            -6.7961701
          ],
          [
            110.6141568,
            -6.7959767
          ],
          [
            110.6141757,
            -6.7959592
          ],
          [
            110.6141981,
            -6.7959379
          ],
          [
            110.6144048,
            -6.7957161
          ],
          [
            110.6144253,
            -6.7956955
          ],
          [
            110.614601,
            -6.7955207
          ],
          [
            110.6146689,
            -6.7954448
          ],
          [
            110.6146874,
            -6.7954265
          ],
          [
            110.6149501,
            -6.7951739
          ],
          [
            110.6149947,
            -6.7951274
          ],
          [
            110.6150799,
            -6.7950271
          ],
          [
            110.6151098,
            -6.7949909
          ],
          [
            110.6151525,
            -6.7949316
          ],
          [
            110.6151737,
            -6.7948972
          ],
          [
            110.6152475,
            -6.7947398
          ],
          [
            110.6152784,
            -6.7946729
          ],
          [
            110.6153702,
            -6.794471
          ],
          [
            110.6153861,
            -6.7944365
          ],
          [
            110.6154809,
            -6.7942245
          ]
        ]
      }
    },
    {
      "type": "Feature",
      "properties": {
        "id": 631123033,
        "name": "",
        "type": "secondary",
        "kecamatan": "Wedung"
      },
      "geometry": {
        "type": "LineString",
        "coordinates": [
          [
            110.6207491,
            -6.7810554
          ],
          [
            110.620835,
            -6.7809329
          ],
          [
            110.6210597,
            -6.7805565
          ],
          [
            110.6212038,
            -6.7802391
          ],
          [
            110.6213084,
            -6.779994
          ],
          [
            110.6215932,
            -6.7795008
          ],
          [
            110.6217581,
            -6.7792459
          ],
          [
            110.621806,
            -6.7791719
          ],
          [
            110.6220809,
            -6.7788807
          ],
          [
            110.6224188,
            -6.7785451
          ],
          [
            110.6227999,
            -6.778168
          ],
          [
            110.622966,
            -6.7779884
          ],
          [
            110.6232497,
            -6.7776981
          ],
          [
            110.6234248,
            -6.7775248
          ],
          [
            110.6235789,
            -6.7773777
          ],
          [
            110.6238449,
            -6.7771091
          ],
          [
            110.623896,
            -6.7770585
          ],
          [
            110.6239686,
            -6.7769866
          ],
          [
            110.6240462,
            -6.7769222
          ],
          [
            110.6241497,
            -6.7768363
          ],
          [
            110.6242478,
            -6.7767901
          ],
          [
            110.6243459,
            -6.7767539
          ],
          [
            110.6243955,
            -6.7767344
          ],
          [
            110.6244917,
            -6.7766892
          ]
        ]
      }
    },
    {
      "type": "Feature",
      "properties": {
        "id": 631124802,
        "name": "Jalan Maulana",
        "type": "tertiary",
        "kecamatan": "Wedung"
      },
      "geometry": {
        "type": "LineString",
        "coordinates": [
          [
            110.6555184,
            -6.7159514
          ],
          [
            110.6554835,
            -6.7159549
          ],
          [
            110.6550956,
            -6.7160012
          ],
          [
            110.6545226,
            -6.7160906
          ],
          [
            110.654333,
            -6.716122
          ],
          [
            110.6541997,
            -6.7161472
          ],
          [
            110.6540863,
            -6.7161855
          ],
          [
            110.6539499,
            -6.7162446
          ],
          [
            110.6532122,
            -6.7165614
          ],
          [
            110.6526479,
            -6.7167982
          ]
        ]
      }
    },
    {
      "type": "Feature",
      "properties": {
        "id": 631125637,
        "name": "Jalan Maulana",
        "type": "tertiary",
        "kecamatan": "Wedung"
      },
      "geometry": {
        "type": "LineString",
        "coordinates": [
          [
            110.6699476,
            -6.7300364
          ],
          [
            110.6700167,
            -6.7300494
          ],
          [
            110.670068,
            -6.7300384
          ],
          [
            110.6701113,
            -6.7300194
          ],
          [
            110.6701478,
            -6.7299921
          ],
          [
            110.6701692,
            -6.7299556
          ],
          [
            110.6707776,
            -6.7286661
          ],
          [
            110.6708977,
            -6.7283665
          ],
          [
            110.671003,
            -6.728057
          ],
          [
            110.671075,
            -6.7277842
          ],
          [
            110.6712101,
            -6.7271611
          ],
          [
            110.6712894,
            -6.7267888
          ],
          [
            110.6713084,
            -6.7265179
          ],
          [
            110.6712817,
            -6.7261757
          ],
          [
            110.6711743,
            -6.7255824
          ],
          [
            110.6710311,
            -6.7250214
          ],
          [
            110.6706531,
            -6.7238213
          ],
          [
            110.6702861,
            -6.7229967
          ],
          [
            110.6702451,
            -6.7229047
          ],
          [
            110.6700729,
            -6.7226461
          ],
          [
            110.6696926,
            -6.7221073
          ],
          [
            110.6691616,
            -6.7213889
          ],
          [
            110.6689284,
            -6.7211087
          ],
          [
            110.6686592,
            -6.720886
          ],
          [
            110.6682608,
            -6.7206093
          ],
          [
            110.6675717,
            -6.7200775
          ],
          [
            110.6672595,
            -6.7198008
          ],
          [
            110.6667535,
            -6.7193014
          ],
          [
            110.6662511,
            -6.7186908
          ],
          [
            110.6662099,
            -6.7186536
          ],
          [
            110.6660681,
            -6.7185255
          ],
          [
            110.6659281,
            -6.7184428
          ],
          [
            110.6655763,
            -6.7182703
          ],
          [
            110.6652871,
            -6.7181588
          ],
          [
            110.6649686,
            -6.7180203
          ],
          [
            110.6644906,
            -6.7178179
          ],
          [
            110.6641299,
            -6.7176651
          ],
          [
            110.6639177,
            -6.7175798
          ],
          [
            110.6638319,
            -6.7175561
          ],
          [
            110.6636922,
            -6.7175176
          ],
          [
            110.6634021,
            -6.7174375
          ],
          [
            110.6633919,
            -6.7174332
          ],
          [
            110.6632786,
            -6.7173855
          ],
          [
            110.6629954,
            -6.7173213
          ],
          [
            110.6628845,
            -6.7172961
          ],
          [
            110.662718,
            -6.7172524
          ],
          [
            110.662699,
            -6.7172478
          ],
          [
            110.6621871,
            -6.7171227
          ],
          [
            110.6618951,
            -6.71705
          ],
          [
            110.6618837,
            -6.7170472
          ]
        ]
      }
    },
    {
      "type": "Feature",
      "properties": {
        "id": 631125638,
        "name": "",
        "type": "tertiary",
        "kecamatan": "Wedung"
      },
      "geometry": {
        "type": "LineString",
        "coordinates": [
          [
            110.6694882,
            -6.7303303
          ],
          [
            110.6694807,
            -6.7302547
          ],
          [
            110.6694857,
            -6.730132
          ],
          [
            110.6694993,
            -6.7300683
          ]
        ]
      }
    },
    {
      "type": "Feature",
      "properties": {
        "id": 631125641,
        "name": "",
        "type": "tertiary",
        "kecamatan": "Wedung"
      },
      "geometry": {
        "type": "LineString",
        "coordinates": [
          [
            110.6694111,
            -6.7323532
          ],
          [
            110.6695306,
            -6.7314299
          ],
          [
            110.6695344,
            -6.7311352
          ],
          [
            110.6694882,
            -6.7303303
          ]
        ]
      }
    },
    {
      "type": "Feature",
      "properties": {
        "id": 631125648,
        "name": "",
        "type": "tertiary",
        "kecamatan": "Wedung"
      },
      "geometry": {
        "type": "LineString",
        "coordinates": [
          [
            110.6693619,
            -6.7329671
          ],
          [
            110.6693688,
            -6.7328075
          ],
          [
            110.6694111,
            -6.7323532
          ]
        ]
      }
    },
    {
      "type": "Feature",
      "properties": {
        "id": 631125652,
        "name": "",
        "type": "tertiary",
        "kecamatan": "Wedung"
      },
      "geometry": {
        "type": "LineString",
        "coordinates": [
          [
            110.6693642,
            -6.7335519
          ],
          [
            110.6693521,
            -6.7332575
          ],
          [
            110.6693619,
            -6.7329671
          ]
        ]
      }
    },
    {
      "type": "Feature",
      "properties": {
        "id": 631125658,
        "name": "",
        "type": "tertiary",
        "kecamatan": "Wedung"
      },
      "geometry": {
        "type": "LineString",
        "coordinates": [
          [
            110.6694219,
            -6.7339514
          ],
          [
            110.6693937,
            -6.733745
          ],
          [
            110.6693642,
            -6.7335519
          ]
        ]
      }
    },
    {
      "type": "Feature",
      "properties": {
        "id": 631125663,
        "name": "",
        "type": "tertiary",
        "kecamatan": "Wedung"
      },
      "geometry": {
        "type": "LineString",
        "coordinates": [
          [
            110.669564,
            -6.7345454
          ],
          [
            110.6694574,
            -6.7340733
          ],
          [
            110.6694219,
            -6.7339514
          ]
        ]
      }
    },
    {
      "type": "Feature",
      "properties": {
        "id": 631125667,
        "name": "",
        "type": "tertiary",
        "kecamatan": "Wedung"
      },
      "geometry": {
        "type": "LineString",
        "coordinates": [
          [
            110.6696445,
            -6.7353339
          ],
          [
            110.6696525,
            -6.7350089
          ],
          [
            110.6696069,
            -6.7347585
          ],
          [
            110.669564,
            -6.7345454
          ]
        ]
      }
    },
    {
      "type": "Feature",
      "properties": {
        "id": 631125683,
        "name": "",
        "type": "tertiary",
        "kecamatan": "Wedung"
      },
      "geometry": {
        "type": "LineString",
        "coordinates": [
          [
            110.6686005,
            -6.7372044
          ],
          [
            110.6687722,
            -6.7369669
          ],
          [
            110.6691268,
            -6.7364446
          ],
          [
            110.6694594,
            -6.7358932
          ],
          [
            110.6695694,
            -6.7356189
          ],
          [
            110.6696445,
            -6.7353339
          ]
        ]
      }
    },
    {
      "type": "Feature",
      "properties": {
        "id": 631125688,
        "name": "",
        "type": "tertiary",
        "kecamatan": "Wedung"
      },
      "geometry": {
        "type": "LineString",
        "coordinates": [
          [
            110.6683915,
            -6.7375013
          ],
          [
            110.6686005,
            -6.7372044
          ]
        ]
      }
    },
    {
      "type": "Feature",
      "properties": {
        "id": 631125692,
        "name": "",
        "type": "tertiary",
        "kecamatan": "Wedung"
      },
      "geometry": {
        "type": "LineString",
        "coordinates": [
          [
            110.667918,
            -6.7380671
          ],
          [
            110.6679537,
            -6.7380324
          ],
          [
            110.6683915,
            -6.7375013
          ]
        ]
      }
    },
    {
      "type": "Feature",
      "properties": {
        "id": 631125693,
        "name": "",
        "type": "tertiary",
        "kecamatan": "Wedung"
      },
      "geometry": {
        "type": "LineString",
        "coordinates": [
          [
            110.6675386,
            -6.7384209
          ],
          [
            110.667918,
            -6.7380671
          ]
        ]
      }
    },
    {
      "type": "Feature",
      "properties": {
        "id": 631125699,
        "name": "",
        "type": "tertiary",
        "kecamatan": "Wedung"
      },
      "geometry": {
        "type": "LineString",
        "coordinates": [
          [
            110.6670779,
            -6.7387456
          ],
          [
            110.6672653,
            -6.7386255
          ],
          [
            110.6675386,
            -6.7384209
          ]
        ]
      }
    },
    {
      "type": "Feature",
      "properties": {
        "id": 631125704,
        "name": "",
        "type": "tertiary",
        "kecamatan": "Wedung"
      },
      "geometry": {
        "type": "LineString",
        "coordinates": [
          [
            110.6664494,
            -6.7391557
          ],
          [
            110.6670779,
            -6.7387456
          ]
        ]
      }
    },
    {
      "type": "Feature",
      "properties": {
        "id": 631125709,
        "name": "",
        "type": "tertiary",
        "kecamatan": "Wedung"
      },
      "geometry": {
        "type": "LineString",
        "coordinates": [
          [
            110.6661459,
            -6.7394123
          ],
          [
            110.6662136,
            -6.7393418
          ],
          [
            110.6663226,
            -6.7392507
          ],
          [
            110.6664494,
            -6.7391557
          ]
        ]
      }
    },
    {
      "type": "Feature",
      "properties": {
        "id": 631125710,
        "name": "",
        "type": "tertiary",
        "kecamatan": "Wedung"
      },
      "geometry": {
        "type": "LineString",
        "coordinates": [
          [
            110.6659115,
            -6.7397891
          ],
          [
            110.6659659,
            -6.7396874
          ],
          [
            110.6660202,
            -6.739594
          ],
          [
            110.6660847,
            -6.7394862
          ],
          [
            110.6661459,
            -6.7394123
          ]
        ]
      }
    },
    {
      "type": "Feature",
      "properties": {
        "id": 631125715,
        "name": "",
        "type": "tertiary",
        "kecamatan": "Wedung"
      },
      "geometry": {
        "type": "LineString",
        "coordinates": [
          [
            110.6657399,
            -6.7402333
          ],
          [
            110.665789,
            -6.7400984
          ],
          [
            110.6658218,
            -6.7399817
          ],
          [
            110.6658621,
            -6.7398766
          ],
          [
            110.6659115,
            -6.7397891
          ]
        ]
      }
    },
    {
      "type": "Feature",
      "properties": {
        "id": 631125717,
        "name": "",
        "type": "tertiary",
        "kecamatan": "Wedung"
      },
      "geometry": {
        "type": "LineString",
        "coordinates": [
          [
            110.6656983,
            -6.7405875
          ],
          [
            110.6656943,
            -6.740543
          ],
          [
            110.6657011,
            -6.7404639
          ],
          [
            110.6657152,
            -6.7403495
          ],
          [
            110.6657399,
            -6.7402333
          ]
        ]
      }
    },
    {
      "type": "Feature",
      "properties": {
        "id": 631125719,
        "name": "",
        "type": "tertiary",
        "kecamatan": "Wedung"
      },
      "geometry": {
        "type": "LineString",
        "coordinates": [
          [
            110.6658114,
            -6.7413279
          ],
          [
            110.6657962,
            -6.7412844
          ],
          [
            110.6657733,
            -6.741181
          ],
          [
            110.665744,
            -6.7410026
          ]
        ]
      }
    },
    {
      "type": "Feature",
      "properties": {
        "id": 631125720,
        "name": "",
        "type": "tertiary",
        "kecamatan": "Wedung"
      },
      "geometry": {
        "type": "LineString",
        "coordinates": [
          [
            110.665744,
            -6.7410026
          ],
          [
            110.6657327,
            -6.740947
          ],
          [
            110.6657185,
            -6.7408338
          ],
          [
            110.6657074,
            -6.7407128
          ],
          [
            110.6656983,
            -6.7405875
          ]
        ]
      }
    },
    {
      "type": "Feature",
      "properties": {
        "id": 631125723,
        "name": "",
        "type": "tertiary",
        "kecamatan": "Wedung"
      },
      "geometry": {
        "type": "LineString",
        "coordinates": [
          [
            110.6660294,
            -6.7417736
          ],
          [
            110.6660097,
            -6.7417398
          ],
          [
            110.665953,
            -6.7416327
          ],
          [
            110.6659023,
            -6.7415227
          ],
          [
            110.6658548,
            -6.74142
          ],
          [
            110.6658114,
            -6.7413279
          ]
        ]
      }
    },
    {
      "type": "Feature",
      "properties": {
        "id": 631125729,
        "name": "",
        "type": "tertiary",
        "kecamatan": "Wedung"
      },
      "geometry": {
        "type": "LineString",
        "coordinates": [
          [
            110.6663248,
            -6.7422815
          ],
          [
            110.6660294,
            -6.7417736
          ]
        ]
      }
    },
    {
      "type": "Feature",
      "properties": {
        "id": 631125733,
        "name": "",
        "type": "tertiary",
        "kecamatan": "Wedung"
      },
      "geometry": {
        "type": "LineString",
        "coordinates": [
          [
            110.6667354,
            -6.7429413
          ],
          [
            110.6663648,
            -6.7423504
          ],
          [
            110.6663248,
            -6.7422815
          ]
        ]
      }
    },
    {
      "type": "Feature",
      "properties": {
        "id": 631125749,
        "name": "",
        "type": "tertiary",
        "kecamatan": "Wedung"
      },
      "geometry": {
        "type": "LineString",
        "coordinates": [
          [
            110.667293,
            -6.7437847
          ],
          [
            110.6671353,
            -6.7435584
          ],
          [
            110.6667354,
            -6.7429413
          ]
        ]
      }
    },
    {
      "type": "Feature",
      "properties": {
        "id": 631125761,
        "name": "",
        "type": "tertiary",
        "kecamatan": "Wedung"
      },
      "geometry": {
        "type": "LineString",
        "coordinates": [
          [
            110.6678504,
            -6.7445992
          ],
          [
            110.6676138,
            -6.7442525
          ],
          [
            110.6675223,
            -6.744108
          ],
          [
            110.667293,
            -6.7437847
          ]
        ]
      }
    },
    {
      "type": "Feature",
      "properties": {
        "id": 631125767,
        "name": "",
        "type": "tertiary",
        "kecamatan": "Wedung"
      },
      "geometry": {
        "type": "LineString",
        "coordinates": [
          [
            110.6683993,
            -6.7453397
          ],
          [
            110.6681085,
            -6.7449405
          ],
          [
            110.6678504,
            -6.7445992
          ]
        ]
      }
    },
    {
      "type": "Feature",
      "properties": {
        "id": 631125773,
        "name": "",
        "type": "tertiary",
        "kecamatan": "Wedung"
      },
      "geometry": {
        "type": "LineString",
        "coordinates": [
          [
            110.6692597,
            -6.7468696
          ],
          [
            110.6691828,
            -6.7466769
          ],
          [
            110.6690088,
            -6.7463082
          ],
          [
            110.6688961,
            -6.7460871
          ],
          [
            110.6688134,
            -6.7459434
          ],
          [
            110.6685403,
            -6.745536
          ],
          [
            110.6683993,
            -6.7453397
          ]
        ]
      }
    },
    {
      "type": "Feature",
      "properties": {
        "id": 631125777,
        "name": "",
        "type": "tertiary",
        "kecamatan": "Wedung"
      },
      "geometry": {
        "type": "LineString",
        "coordinates": [
          [
            110.6696432,
            -6.7481688
          ],
          [
            110.6695968,
            -6.7479268
          ]
        ]
      }
    },
    {
      "type": "Feature",
      "properties": {
        "id": 631125779,
        "name": "",
        "type": "tertiary",
        "kecamatan": "Wedung"
      },
      "geometry": {
        "type": "LineString",
        "coordinates": [
          [
            110.6695968,
            -6.7479268
          ],
          [
            110.6695069,
            -6.7474536
          ],
          [
            110.6694141,
            -6.747174
          ],
          [
            110.6693535,
            -6.7470287
          ],
          [
            110.6692597,
            -6.7468696
          ]
        ]
      }
    },
    {
      "type": "Feature",
      "properties": {
        "id": 631125784,
        "name": "",
        "type": "tertiary",
        "kecamatan": "Wedung"
      },
      "geometry": {
        "type": "LineString",
        "coordinates": [
          [
            110.6696834,
            -6.7489764
          ],
          [
            110.6696847,
            -6.7488613
          ],
          [
            110.6696897,
            -6.7486174
          ],
          [
            110.6696576,
            -6.7482512
          ],
          [
            110.6696432,
            -6.7481688
          ]
        ]
      }
    },
    {
      "type": "Feature",
      "properties": {
        "id": 631125787,
        "name": "",
        "type": "tertiary",
        "kecamatan": "Wedung"
      },
      "geometry": {
        "type": "LineString",
        "coordinates": [
          [
            110.66912,
            -6.7516652
          ],
          [
            110.6691684,
            -6.7514908
          ],
          [
            110.6692585,
            -6.7510575
          ],
          [
            110.6695885,
            -6.7494717
          ],
          [
            110.6696834,
            -6.7489764
          ]
        ]
      }
    },
    {
      "type": "Feature",
      "properties": {
        "id": 631125789,
        "name": "",
        "type": "tertiary",
        "kecamatan": "Wedung"
      },
      "geometry": {
        "type": "LineString",
        "coordinates": [
          [
            110.6690154,
            -6.752016
          ],
          [
            110.6690243,
            -6.7519842
          ]
        ]
      }
    },
    {
      "type": "Feature",
      "properties": {
        "id": 631125790,
        "name": "",
        "type": "tertiary",
        "kecamatan": "Wedung"
      },
      "geometry": {
        "type": "LineString",
        "coordinates": [
          [
            110.6690243,
            -6.7519842
          ],
          [
            110.6690942,
            -6.7517595
          ],
          [
            110.66912,
            -6.7516652
          ]
        ]
      }
    },
    {
      "type": "Feature",
      "properties": {
        "id": 631125793,
        "name": "",
        "type": "tertiary",
        "kecamatan": "Wedung"
      },
      "geometry": {
        "type": "LineString",
        "coordinates": [
          [
            110.6561953,
            -6.7160134
          ],
          [
            110.6561585,
            -6.7160092
          ],
          [
            110.655602,
            -6.7159513
          ],
          [
            110.6555184,
            -6.7159514
          ]
        ]
      }
    },
    {
      "type": "Feature",
      "properties": {
        "id": 631125795,
        "name": "",
        "type": "tertiary",
        "kecamatan": "Wedung"
      },
      "geometry": {
        "type": "LineString",
        "coordinates": [
          [
            110.6564675,
            -6.7160417
          ],
          [
            110.6561953,
            -6.7160134
          ]
        ]
      }
    },
    {
      "type": "Feature",
      "properties": {
        "id": 631125798,
        "name": "",
        "type": "tertiary",
        "kecamatan": "Wedung"
      },
      "geometry": {
        "type": "LineString",
        "coordinates": [
          [
            110.6569514,
            -6.7161293
          ],
          [
            110.6566038,
            -6.7160598
          ],
          [
            110.6564675,
            -6.7160417
          ]
        ]
      }
    },
    {
      "type": "Feature",
      "properties": {
        "id": 631125801,
        "name": "",
        "type": "tertiary",
        "kecamatan": "Wedung"
      },
      "geometry": {
        "type": "LineString",
        "coordinates": [
          [
            110.6574522,
            -6.7162294
          ],
          [
            110.6569514,
            -6.7161293
          ]
        ]
      }
    },
    {
      "type": "Feature",
      "properties": {
        "id": 631125807,
        "name": "",
        "type": "tertiary",
        "kecamatan": "Wedung"
      },
      "geometry": {
        "type": "LineString",
        "coordinates": [
          [
            110.6578828,
            -6.7163114
          ],
          [
            110.6576307,
            -6.7162651
          ],
          [
            110.6574522,
            -6.7162294
          ]
        ]
      }
    },
    {
      "type": "Feature",
      "properties": {
        "id": 631125809,
        "name": "",
        "type": "tertiary",
        "kecamatan": "Wedung"
      },
      "geometry": {
        "type": "LineString",
        "coordinates": [
          [
            110.6588071,
            -6.7164758
          ],
          [
            110.6586504,
            -6.7164525
          ],
          [
            110.6583064,
            -6.7163893
          ]
        ]
      }
    },
    {
      "type": "Feature",
      "properties": {
        "id": 631125811,
        "name": "",
        "type": "tertiary",
        "kecamatan": "Wedung"
      },
      "geometry": {
        "type": "LineString",
        "coordinates": [
          [
            110.6583064,
            -6.7163893
          ],
          [
            110.6578828,
            -6.7163114
          ]
        ]
      }
    },
    {
      "type": "Feature",
      "properties": {
        "id": 631125813,
        "name": "Jalan Maulana",
        "type": "tertiary",
        "kecamatan": "Wedung"
      },
      "geometry": {
        "type": "LineString",
        "coordinates": [
          [
            110.6596582,
            -6.7166048
          ],
          [
            110.6595983,
            -6.7165932
          ],
          [
            110.6592666,
            -6.7165439
          ]
        ]
      }
    },
    {
      "type": "Feature",
      "properties": {
        "id": 631125815,
        "name": "",
        "type": "tertiary",
        "kecamatan": "Wedung"
      },
      "geometry": {
        "type": "LineString",
        "coordinates": [
          [
            110.6592666,
            -6.7165439
          ],
          [
            110.6588071,
            -6.7164758
          ]
        ]
      }
    },
    {
      "type": "Feature",
      "properties": {
        "id": 631125818,
        "name": "Jalan Maulana",
        "type": "tertiary",
        "kecamatan": "Wedung"
      },
      "geometry": {
        "type": "LineString",
        "coordinates": [
          [
            110.6599992,
            -6.7166707
          ],
          [
            110.6596582,
            -6.7166048
          ]
        ]
      }
    },
    {
      "type": "Feature",
      "properties": {
        "id": 631125822,
        "name": "Jalan Maulana",
        "type": "tertiary",
        "kecamatan": "Wedung"
      },
      "geometry": {
        "type": "LineString",
        "coordinates": [
          [
            110.6604011,
            -6.7167485
          ],
          [
            110.6599992,
            -6.7166707
          ]
        ]
      }
    },
    {
      "type": "Feature",
      "properties": {
        "id": 631125827,
        "name": "Jalan Maulana",
        "type": "tertiary",
        "kecamatan": "Wedung"
      },
      "geometry": {
        "type": "LineString",
        "coordinates": [
          [
            110.6609637,
            -6.7168435
          ],
          [
            110.6604924,
            -6.7167661
          ],
          [
            110.6604011,
            -6.7167485
          ]
        ]
      }
    },
    {
      "type": "Feature",
      "properties": {
        "id": 631125833,
        "name": "Jalan Maulana",
        "type": "tertiary",
        "kecamatan": "Wedung"
      },
      "geometry": {
        "type": "LineString",
        "coordinates": [
          [
            110.6613259,
            -6.7169085
          ],
          [
            110.6612608,
            -6.7168923
          ],
          [
            110.6609637,
            -6.7168435
          ]
        ]
      }
    },
    {
      "type": "Feature",
      "properties": {
        "id": 631125835,
        "name": "Jalan Maulana",
        "type": "tertiary",
        "kecamatan": "Wedung"
      },
      "geometry": {
        "type": "LineString",
        "coordinates": [
          [
            110.6618837,
            -6.7170472
          ],
          [
            110.6618715,
            -6.7170442
          ],
          [
            110.6613259,
            -6.7169085
          ]
        ]
      }
    },
    {
      "type": "Feature",
      "properties": {
        "id": 631126555,
        "name": "",
        "type": "secondary",
        "kecamatan": "Wedung"
      },
      "geometry": {
        "type": "LineString",
        "coordinates": [
          [
            110.6253414,
            -6.7753214
          ],
          [
            110.625447,
            -6.7751572
          ],
          [
            110.625549,
            -6.7749534
          ],
          [
            110.6255825,
            -6.7748389
          ],
          [
            110.6256174,
            -6.7747297
          ],
          [
            110.6256737,
            -6.7746138
          ],
          [
            110.625789,
            -6.7743688
          ],
          [
            110.6264583,
            -6.7731972
          ],
          [
            110.6273163,
            -6.7736002
          ],
          [
            110.6276077,
            -6.7737278
          ],
          [
            110.628142,
            -6.7740068
          ],
          [
            110.6284588,
            -6.7741617
          ],
          [
            110.6287391,
            -6.7743029
          ],
          [
            110.6295455,
            -6.7746884
          ],
          [
            110.6298432,
            -6.7748535
          ],
          [
            110.6299317,
            -6.7749015
          ],
          [
            110.630794,
            -6.7753503
          ],
          [
            110.6317006,
            -6.7757897
          ],
          [
            110.633491,
            -6.776662
          ],
          [
            110.634238,
            -6.7770203
          ],
          [
            110.6347435,
            -6.777272
          ],
          [
            110.6355415,
            -6.7778007
          ],
          [
            110.6361772,
            -6.7782255
          ],
          [
            110.6367619,
            -6.7786184
          ],
          [
            110.6379716,
            -6.7794334
          ],
          [
            110.6384544,
            -6.7797583
          ],
          [
            110.6398612,
            -6.7806959
          ],
          [
            110.6404352,
            -6.781074
          ],
          [
            110.640863,
            -6.781367
          ],
          [
            110.6410307,
            -6.7814509
          ],
          [
            110.6411259,
            -6.7814936
          ],
          [
            110.6412466,
            -6.7815468
          ],
          [
            110.6413338,
            -6.7815841
          ],
          [
            110.6414222,
            -6.7816094
          ],
          [
            110.6415202,
            -6.781636
          ],
          [
            110.641669,
            -6.781668
          ],
          [
            110.6421076,
            -6.7817186
          ],
          [
            110.6427205,
            -6.7818425
          ],
          [
            110.643096,
            -6.7818917
          ],
          [
            110.6433333,
            -6.7819117
          ],
          [
            110.6434996,
            -6.7819117
          ],
          [
            110.643682,
            -6.7818784
          ],
          [
            110.6438456,
            -6.7818584
          ],
          [
            110.6440193,
            -6.7818365
          ],
          [
            110.6442185,
            -6.7818038
          ],
          [
            110.6445564,
            -6.7817572
          ],
          [
            110.6452793,
            -6.7816494
          ],
          [
            110.6479374,
            -6.7812112
          ],
          [
            110.6487648,
            -6.7810727
          ],
          [
            110.6494957,
            -6.7809515
          ],
          [
            110.649882,
            -6.7808969
          ],
          [
            110.6500375,
            -6.7808943
          ],
          [
            110.650181,
            -6.7808876
          ],
          [
            110.6503594,
            -6.7809076
          ],
          [
            110.6505431,
            -6.7809369
          ],
          [
            110.6506705,
            -6.7809609
          ],
          [
            110.6508543,
            -6.7809982
          ],
          [
            110.6509709,
            -6.7810354
          ],
          [
            110.651211,
            -6.7811593
          ],
          [
            110.6517005,
            -6.781411
          ],
          [
            110.6521967,
            -6.781688
          ],
          [
            110.653055,
            -6.7821381
          ],
          [
            110.6536934,
            -6.782479
          ],
          [
            110.6545061,
            -6.7829185
          ],
          [
            110.6551096,
            -6.7832461
          ],
          [
            110.655811,
            -6.7836336
          ],
          [
            110.6565647,
            -6.7840371
          ],
          [
            110.6570569,
            -6.7843088
          ],
          [
            110.6577609,
            -6.7846764
          ],
          [
            110.6581096,
            -6.7848695
          ],
          [
            110.6588687,
            -6.7852836
          ],
          [
            110.6595111,
            -6.7856112
          ],
          [
            110.6599429,
            -6.7858576
          ],
          [
            110.6602259,
            -6.7860081
          ],
          [
            110.6610011,
            -6.7864129
          ],
          [
            110.6611922,
            -6.7865221
          ],
          [
            110.6618097,
            -6.7868584
          ],
          [
            110.6626929,
            -6.7873371
          ],
          [
            110.662778,
            -6.7873884
          ],
          [
            110.6634184,
            -6.7877373
          ],
          [
            110.6638616,
            -6.7879817
          ],
          [
            110.6642559,
            -6.7881961
          ],
          [
            110.6645456,
            -6.7883439
          ],
          [
            110.6647327,
            -6.7884225
          ],
          [
            110.6648822,
            -6.7884724
          ],
          [
            110.6649808,
            -6.7885017
          ],
          [
            110.6651089,
            -6.788533
          ],
          [
            110.6654602,
            -6.7886036
          ],
          [
            110.6659685,
            -6.7887061
          ],
          [
            110.6666122,
            -6.7888406
          ],
          [
            110.6672586,
            -6.7889658
          ],
          [
            110.6686266,
            -6.7891935
          ],
          [
            110.6698161,
            -6.7894252
          ],
          [
            110.6712028,
            -6.7897049
          ],
          [
            110.6719699,
            -6.789862
          ],
          [
            110.6726539,
            -6.7900698
          ],
          [
            110.6731769,
            -6.7902535
          ],
          [
            110.6736436,
            -6.7904373
          ],
          [
            110.6741278,
            -6.7906238
          ],
          [
            110.6745046,
            -6.7907862
          ],
          [
            110.6747916,
            -6.7908928
          ],
          [
            110.6749633,
            -6.790958
          ],
          [
            110.6768962,
            -6.7917124
          ],
          [
            110.6799723,
            -6.7929315
          ],
          [
            110.6822973,
            -6.7938426
          ],
          [
            110.6863774,
            -6.7954964
          ],
          [
            110.6864411,
            -6.7955137
          ],
          [
            110.6864867,
            -6.795517
          ],
          [
            110.6865692,
            -6.7955031
          ]
        ]
      }
    },
    {
      "type": "Feature",
      "properties": {
        "id": 631126595,
        "name": "",
        "type": "tertiary",
        "kecamatan": "Wedung"
      },
      "geometry": {
        "type": "LineString",
        "coordinates": [
          [
            110.6689282,
            -6.7522703
          ],
          [
            110.6689893,
            -6.7520909
          ],
          [
            110.6690154,
            -6.752016
          ]
        ]
      }
    },
    {
      "type": "Feature",
      "properties": {
        "id": 631126599,
        "name": "",
        "type": "tertiary",
        "kecamatan": "Wedung"
      },
      "geometry": {
        "type": "LineString",
        "coordinates": [
          [
            110.6682653,
            -6.7531496
          ],
          [
            110.6684118,
            -6.7530323
          ],
          [
            110.6686387,
            -6.7527627
          ],
          [
            110.6687776,
            -6.7525817
          ],
          [
            110.6688791,
            -6.7523936
          ],
          [
            110.6689282,
            -6.7522703
          ]
        ]
      }
    },
    {
      "type": "Feature",
      "properties": {
        "id": 631126603,
        "name": "",
        "type": "tertiary",
        "kecamatan": "Wedung"
      },
      "geometry": {
        "type": "LineString",
        "coordinates": [
          [
            110.6667223,
            -6.7537213
          ],
          [
            110.6673712,
            -6.7536312
          ],
          [
            110.6674974,
            -6.7536025
          ],
          [
            110.6676399,
            -6.7535498
          ]
        ]
      }
    },
    {
      "type": "Feature",
      "properties": {
        "id": 631126604,
        "name": "",
        "type": "tertiary",
        "kecamatan": "Wedung"
      },
      "geometry": {
        "type": "LineString",
        "coordinates": [
          [
            110.6676399,
            -6.7535498
          ],
          [
            110.6677227,
            -6.7535129
          ],
          [
            110.667948,
            -6.7533814
          ],
          [
            110.6681387,
            -6.7532511
          ],
          [
            110.6682653,
            -6.7531496
          ]
        ]
      }
    },
    {
      "type": "Feature",
      "properties": {
        "id": 631126605,
        "name": "",
        "type": "tertiary",
        "kecamatan": "Wedung"
      },
      "geometry": {
        "type": "LineString",
        "coordinates": [
          [
            110.665752,
            -6.7540181
          ],
          [
            110.6658882,
            -6.7539659
          ],
          [
            110.6659918,
            -6.7539167
          ]
        ]
      }
    },
    {
      "type": "Feature",
      "properties": {
        "id": 631126606,
        "name": "",
        "type": "tertiary",
        "kecamatan": "Wedung"
      },
      "geometry": {
        "type": "LineString",
        "coordinates": [
          [
            110.6659918,
            -6.7539167
          ],
          [
            110.6664096,
            -6.7537823
          ],
          [
            110.6667223,
            -6.7537213
          ]
        ]
      }
    },
    {
      "type": "Feature",
      "properties": {
        "id": 631126609,
        "name": "",
        "type": "tertiary",
        "kecamatan": "Wedung"
      },
      "geometry": {
        "type": "LineString",
        "coordinates": [
          [
            110.6646272,
            -6.7550898
          ],
          [
            110.6646693,
            -6.755004
          ],
          [
            110.6647439,
            -6.7548726
          ],
          [
            110.6649208,
            -6.7546244
          ],
          [
            110.6651064,
            -6.7544563
          ],
          [
            110.665302,
            -6.7542937
          ],
          [
            110.6655166,
            -6.7541439
          ],
          [
            110.665752,
            -6.7540181
          ]
        ]
      }
    },
    {
      "type": "Feature",
      "properties": {
        "id": 631126611,
        "name": "",
        "type": "tertiary",
        "kecamatan": "Wedung"
      },
      "geometry": {
        "type": "LineString",
        "coordinates": [
          [
            110.6644092,
            -6.7555921
          ],
          [
            110.6644456,
            -6.7554639
          ],
          [
            110.6644949,
            -6.7553379
          ],
          [
            110.6645443,
            -6.755236
          ],
          [
            110.6646272,
            -6.7550898
          ]
        ]
      }
    },
    {
      "type": "Feature",
      "properties": {
        "id": 631126612,
        "name": "",
        "type": "tertiary",
        "kecamatan": "Wedung"
      },
      "geometry": {
        "type": "LineString",
        "coordinates": [
          [
            110.6651435,
            -6.7574451
          ],
          [
            110.6650688,
            -6.75741
          ],
          [
            110.6649504,
            -6.7573201
          ],
          [
            110.6648248,
            -6.7571621
          ],
          [
            110.6646526,
            -6.756846
          ],
          [
            110.6644339,
            -6.7563828
          ],
          [
            110.6643657,
            -6.7562212
          ],
          [
            110.6643645,
            -6.7562065
          ]
        ]
      }
    },
    {
      "type": "Feature",
      "properties": {
        "id": 631126613,
        "name": "",
        "type": "tertiary",
        "kecamatan": "Wedung"
      },
      "geometry": {
        "type": "LineString",
        "coordinates": [
          [
            110.6643645,
            -6.7562065
          ],
          [
            110.6643479,
            -6.7560129
          ],
          [
            110.6643572,
            -6.7558225
          ],
          [
            110.6644092,
            -6.7555921
          ]
        ]
      }
    },
    {
      "type": "Feature",
      "properties": {
        "id": 631126614,
        "name": "",
        "type": "tertiary",
        "kecamatan": "Wedung"
      },
      "geometry": {
        "type": "LineString",
        "coordinates": [
          [
            110.6685471,
            -6.7579729
          ],
          [
            110.66843,
            -6.7579221
          ],
          [
            110.668175,
            -6.7578573
          ],
          [
            110.6679212,
            -6.7578396
          ],
          [
            110.6676543,
            -6.7578461
          ],
          [
            110.666918,
            -6.7578923
          ],
          [
            110.6666164,
            -6.7578741
          ],
          [
            110.6664754,
            -6.7578642
          ]
        ]
      }
    },
    {
      "type": "Feature",
      "properties": {
        "id": 631126615,
        "name": "",
        "type": "tertiary",
        "kecamatan": "Wedung"
      },
      "geometry": {
        "type": "LineString",
        "coordinates": [
          [
            110.6664754,
            -6.7578642
          ],
          [
            110.6662011,
            -6.7578307
          ],
          [
            110.6660248,
            -6.7578043
          ],
          [
            110.6658587,
            -6.7577623
          ],
          [
            110.6654745,
            -6.7576005
          ],
          [
            110.6651435,
            -6.7574451
          ]
        ]
      }
    },
    {
      "type": "Feature",
      "properties": {
        "id": 631126620,
        "name": "",
        "type": "tertiary",
        "kecamatan": "Wedung"
      },
      "geometry": {
        "type": "LineString",
        "coordinates": [
          [
            110.6697266,
            -6.7594615
          ],
          [
            110.6696825,
            -6.7592441
          ],
          [
            110.6696,
            -6.7589819
          ],
          [
            110.6694996,
            -6.7587808
          ],
          [
            110.6693453,
            -6.7585653
          ],
          [
            110.6691013,
            -6.7582887
          ],
          [
            110.6689649,
            -6.7581845
          ],
          [
            110.668728,
            -6.7580515
          ],
          [
            110.6685471,
            -6.7579729
          ]
        ]
      }
    },
    {
      "type": "Feature",
      "properties": {
        "id": 631126623,
        "name": "",
        "type": "tertiary",
        "kecamatan": "Wedung"
      },
      "geometry": {
        "type": "LineString",
        "coordinates": [
          [
            110.6697552,
            -6.7603514
          ],
          [
            110.6697608,
            -6.760235
          ],
          [
            110.6697505,
            -6.7596718
          ],
          [
            110.6697266,
            -6.7594615
          ]
        ]
      }
    },
    {
      "type": "Feature",
      "properties": {
        "id": 631126625,
        "name": "",
        "type": "tertiary",
        "kecamatan": "Wedung"
      },
      "geometry": {
        "type": "LineString",
        "coordinates": [
          [
            110.6696856,
            -6.761114
          ],
          [
            110.6697123,
            -6.7609756
          ],
          [
            110.6697552,
            -6.7603514
          ]
        ]
      }
    },
    {
      "type": "Feature",
      "properties": {
        "id": 631126628,
        "name": "",
        "type": "tertiary",
        "kecamatan": "Wedung"
      },
      "geometry": {
        "type": "LineString",
        "coordinates": [
          [
            110.6695088,
            -6.7616358
          ],
          [
            110.6695283,
            -6.7616052
          ],
          [
            110.6695535,
            -6.7615529
          ],
          [
            110.6695721,
            -6.7614979
          ],
          [
            110.669584,
            -6.7614411
          ],
          [
            110.6696856,
            -6.761114
          ]
        ]
      }
    },
    {
      "type": "Feature",
      "properties": {
        "id": 631126629,
        "name": "",
        "type": "tertiary",
        "kecamatan": "Wedung"
      },
      "geometry": {
        "type": "LineString",
        "coordinates": [
          [
            110.6669636,
            -6.7628571
          ],
          [
            110.6670233,
            -6.7627925
          ],
          [
            110.6670729,
            -6.7627346
          ],
          [
            110.6671412,
            -6.7626758
          ],
          [
            110.6672123,
            -6.7626114
          ],
          [
            110.6672879,
            -6.7625522
          ],
          [
            110.6673674,
            -6.7624985
          ],
          [
            110.6674506,
            -6.7624507
          ],
          [
            110.667537,
            -6.7624088
          ],
          [
            110.6676261,
            -6.7623732
          ],
          [
            110.6682135,
            -6.7622058
          ],
          [
            110.6683785,
            -6.7621592
          ],
          [
            110.6688264,
            -6.7620274
          ],
          [
            110.6692677,
            -6.7618251
          ],
          [
            110.6693212,
            -6.7618025
          ],
          [
            110.6693716,
            -6.7617737
          ],
          [
            110.6694181,
            -6.761739
          ],
          [
            110.6694602,
            -6.761699
          ],
          [
            110.6695088,
            -6.7616358
          ]
        ]
      }
    },
    {
      "type": "Feature",
      "properties": {
        "id": 631126632,
        "name": "",
        "type": "tertiary",
        "kecamatan": "Wedung"
      },
      "geometry": {
        "type": "LineString",
        "coordinates": [
          [
            110.6671017,
            -6.7799874
          ],
          [
            110.6671406,
            -6.7798462
          ],
          [
            110.6671956,
            -6.7796105
          ],
          [
            110.6672546,
            -6.77944
          ],
          [
            110.6673861,
            -6.7791337
          ],
          [
            110.6675202,
            -6.7788274
          ],
          [
            110.6675966,
            -6.778605
          ],
          [
            110.6677026,
            -6.7782415
          ],
          [
            110.6677857,
            -6.7779924
          ],
          [
            110.6678461,
            -6.7778087
          ],
          [
            110.6679077,
            -6.7776542
          ],
          [
            110.6680647,
            -6.7773785
          ],
          [
            110.6682658,
            -6.7770562
          ],
          [
            110.6683463,
            -6.7769364
          ],
          [
            110.6684187,
            -6.7768032
          ],
          [
            110.6684992,
            -6.7766434
          ],
          [
            110.6686521,
            -6.7762199
          ],
          [
            110.668754,
            -6.7759456
          ],
          [
            110.6688184,
            -6.7757645
          ],
          [
            110.6688465,
            -6.7755487
          ],
          [
            110.668872,
            -6.7751292
          ],
          [
            110.6688841,
            -6.7747483
          ],
          [
            110.6688921,
            -6.7744527
          ],
          [
            110.6688961,
            -6.7742396
          ],
          [
            110.6689069,
            -6.7739267
          ],
          [
            110.6689283,
            -6.7737216
          ],
          [
            110.6689954,
            -6.7735245
          ],
          [
            110.6691188,
            -6.7732581
          ],
          [
            110.6692716,
            -6.7729731
          ],
          [
            110.6692944,
            -6.7729252
          ],
          [
            110.6694621,
            -6.7725736
          ],
          [
            110.6697008,
            -6.7720276
          ],
          [
            110.6698175,
            -6.7717053
          ],
          [
            110.6699368,
            -6.771407
          ],
          [
            110.670087,
            -6.7710234
          ],
          [
            110.6701353,
            -6.7708796
          ],
          [
            110.6702587,
            -6.7706079
          ],
          [
            110.6703821,
            -6.7703656
          ],
          [
            110.6704652,
            -6.7702191
          ],
          [
            110.6705645,
            -6.7700326
          ],
          [
            110.6707811,
            -6.7696315
          ],
          [
            110.6708348,
            -6.7695321
          ],
          [
            110.6708997,
            -6.769412
          ],
          [
            110.6709909,
            -6.7691856
          ],
          [
            110.6710067,
            -6.7691324
          ],
          [
            110.671058,
            -6.7689592
          ],
          [
            110.6711921,
            -6.7685171
          ],
          [
            110.6712994,
            -6.7681495
          ],
          [
            110.6713316,
            -6.7679604
          ],
          [
            110.6713665,
            -6.7677207
          ],
          [
            110.6713772,
            -6.7675769
          ],
          [
            110.6713369,
            -6.7674597
          ],
          [
            110.6712967,
            -6.7673292
          ],
          [
            110.6712726,
            -6.76718
          ],
          [
            110.6712779,
            -6.7670814
          ],
          [
            110.6712873,
            -6.7669975
          ],
          [
            110.6712699,
            -6.7669483
          ],
          [
            110.6712307,
            -6.7668958
          ],
          [
            110.6711304,
            -6.7668231
          ],
          [
            110.6710134,
            -6.7667375
          ],
          [
            110.6706932,
            -6.7665887
          ],
          [
            110.6705618,
            -6.7665221
          ],
          [
            110.6704116,
            -6.7664395
          ],
          [
            110.6701621,
            -6.7663383
          ],
          [
            110.6698886,
            -6.7662422
          ],
          [
            110.6698142,
            -6.7662161
          ],
          [
            110.6696177,
            -6.7661572
          ],
          [
            110.6693199,
            -6.7660134
          ],
          [
            110.6692657,
            -6.7659916
          ],
          [
            110.6690459,
            -6.7659033
          ],
          [
            110.6688124,
            -6.76586
          ],
          [
            110.6684884,
            -6.7658536
          ],
          [
            110.6680609,
            -6.7658183
          ],
          [
            110.6679929,
            -6.765807
          ],
          [
            110.6679071,
            -6.7657823
          ],
          [
            110.6677459,
            -6.7657193
          ],
          [
            110.6675926,
            -6.7656485
          ],
          [
            110.6674316,
            -6.7655419
          ],
          [
            110.6672654,
            -6.7654061
          ],
          [
            110.6671554,
            -6.7652569
          ],
          [
            110.6669462,
            -6.76494
          ],
          [
            110.6668067,
            -6.7647056
          ],
          [
            110.6666873,
            -6.7645005
          ],
          [
            110.6665975,
            -6.764306
          ],
          [
            110.666576,
            -6.7641995
          ],
          [
            110.6665519,
            -6.7640077
          ],
          [
            110.6665787,
            -6.7636721
          ],
          [
            110.666627,
            -6.7634963
          ],
          [
            110.6667204,
            -6.7632845
          ],
          [
            110.6668563,
            -6.7630196
          ],
          [
            110.6669636,
            -6.7628571
          ]
        ]
      }
    },
    {
      "type": "Feature",
      "properties": {
        "id": 631127463,
        "name": "",
        "type": "tertiary",
        "kecamatan": "Mijen"
      },
      "geometry": {
        "type": "LineString",
        "coordinates": [
          [
            110.6715317,
            -6.8371856
          ],
          [
            110.6714424,
            -6.8371026
          ],
          [
            110.6710911,
            -6.8368045
          ],
          [
            110.6708682,
            -6.8365727
          ],
          [
            110.6707627,
            -6.8364702
          ],
          [
            110.6707296,
            -6.8364459
          ],
          [
            110.6706932,
            -6.8364267
          ],
          [
            110.6706545,
            -6.836413
          ],
          [
            110.6706141,
            -6.8364051
          ],
          [
            110.670573,
            -6.8364032
          ],
          [
            110.6705321,
            -6.8364073
          ],
          [
            110.670464,
            -6.8364187
          ],
          [
            110.6700389,
            -6.8365622
          ],
          [
            110.6696374,
            -6.836713
          ],
          [
            110.6693096,
            -6.8368595
          ],
          [
            110.6691286,
            -6.836975
          ],
          [
            110.6690354,
            -6.8370232
          ],
          [
            110.6689484,
            -6.8371134
          ],
          [
            110.6688861,
            -6.8372046
          ],
          [
            110.6687602,
            -6.8374039
          ],
          [
            110.6684348,
            -6.8379552
          ],
          [
            110.668277,
            -6.8382551
          ],
          [
            110.6682631,
            -6.8382748
          ]
        ]
      }
    },
    {
      "type": "Feature",
      "properties": {
        "id": 631127497,
        "name": "",
        "type": "tertiary",
        "kecamatan": "Gajah"
      },
      "geometry": {
        "type": "LineString",
        "coordinates": [
          [
            110.7068243,
            -6.8540651
          ],
          [
            110.7064663,
            -6.8538829
          ],
          [
            110.7064168,
            -6.8538562
          ],
          [
            110.7063618,
            -6.8538287
          ],
          [
            110.7054251,
            -6.8533532
          ],
          [
            110.705165,
            -6.8532267
          ],
          [
            110.7049043,
            -6.8531026
          ],
          [
            110.7045902,
            -6.8529515
          ],
          [
            110.7012717,
            -6.8513546
          ],
          [
            110.6997563,
            -6.8506196
          ],
          [
            110.6986895,
            -6.8500907
          ],
          [
            110.6982402,
            -6.8498654
          ],
          [
            110.6978117,
            -6.8496476
          ],
          [
            110.6965953,
            -6.8490165
          ],
          [
            110.6952234,
            -6.8482401
          ],
          [
            110.6938149,
            -6.8474436
          ],
          [
            110.6924848,
            -6.8467089
          ],
          [
            110.6918156,
            -6.846328
          ],
          [
            110.6911925,
            -6.8459428
          ],
          [
            110.6906542,
            -6.8456223
          ],
          [
            110.6906006,
            -6.8455904
          ],
          [
            110.6902412,
            -6.8454013
          ],
          [
            110.6896071,
            -6.8450322
          ],
          [
            110.689474,
            -6.8449459
          ],
          [
            110.689289,
            -6.8448607
          ],
          [
            110.6891039,
            -6.8447781
          ],
          [
            110.6890503,
            -6.8447515
          ],
          [
            110.6886592,
            -6.8445797
          ],
          [
            110.6882953,
            -6.8444052
          ],
          [
            110.6876662,
            -6.8441123
          ],
          [
            110.6869612,
            -6.843726
          ],
          [
            110.68636,
            -6.8434652
          ],
          [
            110.6861848,
            -6.8433373
          ],
          [
            110.6855757,
            -6.8429925
          ],
          [
            110.6847773,
            -6.8425495
          ],
          [
            110.6843521,
            -6.8423922
          ],
          [
            110.6841119,
            -6.8422817
          ],
          [
            110.6839059,
            -6.842187
          ],
          [
            110.6833678,
            -6.8418286
          ],
          [
            110.6827703,
            -6.8414663
          ],
          [
            110.6827167,
            -6.8414663
          ],
          [
            110.6826994,
            -6.8414759
          ],
          [
            110.6826405,
            -6.8415492
          ],
          [
            110.6825116,
            -6.8417555
          ],
          [
            110.6823707,
            -6.8420666
          ],
          [
            110.6821489,
            -6.8424972
          ],
          [
            110.6818373,
            -6.8430326
          ],
          [
            110.6817558,
            -6.8431401
          ],
          [
            110.6810877,
            -6.842855
          ],
          [
            110.6793102,
            -6.8420939
          ],
          [
            110.6783646,
            -6.8416744
          ],
          [
            110.6776075,
            -6.8413299
          ],
          [
            110.6770136,
            -6.8410595
          ],
          [
            110.6769347,
            -6.8409992
          ]
        ]
      }
    },
    {
      "type": "Feature",
      "properties": {
        "id": 631130683,
        "name": "",
        "type": "tertiary",
        "kecamatan": "Wonosalam"
      },
      "geometry": {
        "type": "LineString",
        "coordinates": [
          [
            110.6558365,
            -6.9460334
          ],
          [
            110.655817,
            -6.9460331
          ],
          [
            110.6556769,
            -6.9461013
          ],
          [
            110.6555488,
            -6.9461519
          ],
          [
            110.6552939,
            -6.9462497
          ],
          [
            110.6549715,
            -6.9463496
          ],
          [
            110.6548106,
            -6.9464029
          ],
          [
            110.6547381,
            -6.9464168
          ],
          [
            110.654655,
            -6.9464235
          ],
          [
            110.6545958,
            -6.9463085
          ],
          [
            110.6543043,
            -6.9456813
          ],
          [
            110.654221,
            -6.9454971
          ],
          [
            110.6540539,
            -6.9451612
          ],
          [
            110.6539697,
            -6.9450176
          ],
          [
            110.6538274,
            -6.9448509
          ],
          [
            110.6537376,
            -6.9447671
          ],
          [
            110.6533666,
            -6.9444976
          ],
          [
            110.6530619,
            -6.9442737
          ],
          [
            110.6527577,
            -6.9440368
          ],
          [
            110.6518108,
            -6.9433423
          ],
          [
            110.6512007,
            -6.9428847
          ],
          [
            110.6506639,
            -6.9425027
          ],
          [
            110.6506197,
            -6.9424696
          ],
          [
            110.6500783,
            -6.9420714
          ],
          [
            110.6495156,
            -6.9416559
          ],
          [
            110.6491198,
            -6.9413717
          ],
          [
            110.6490327,
            -6.9413077
          ],
          [
            110.6485659,
            -6.9409651
          ],
          [
            110.6483035,
            -6.9407862
          ],
          [
            110.6480823,
            -6.9406205
          ],
          [
            110.6480192,
            -6.9405732
          ],
          [
            110.6476437,
            -6.9402963
          ],
          [
            110.6470901,
            -6.9398885
          ],
          [
            110.6468882,
            -6.9397419
          ],
          [
            110.6467006,
            -6.9396022
          ],
          [
            110.646544,
            -6.9394855
          ],
          [
            110.6464876,
            -6.939435
          ],
          [
            110.6464393,
            -6.9393711
          ],
          [
            110.6463951,
            -6.9393059
          ],
          [
            110.6462234,
            -6.9390389
          ],
          [
            110.6457845,
            -6.9382752
          ],
          [
            110.6455895,
            -6.9379495
          ],
          [
            110.6448423,
            -6.9367245
          ],
          [
            110.6447672,
            -6.9365881
          ],
          [
            110.6447157,
            -6.9365083
          ],
          [
            110.6445136,
            -6.9361621
          ],
          [
            110.6443302,
            -6.9357902
          ],
          [
            110.6437895,
            -6.9346735
          ],
          [
            110.6436233,
            -6.9343304
          ],
          [
            110.6431845,
            -6.9334774
          ],
          [
            110.6429136,
            -6.932897
          ],
          [
            110.6427504,
            -6.9325431
          ],
          [
            110.6426484,
            -6.9323372
          ],
          [
            110.6425647,
            -6.9322079
          ],
          [
            110.6424791,
            -6.9321415
          ],
          [
            110.6423434,
            -6.9320742
          ],
          [
            110.6420177,
            -6.9319238
          ],
          [
            110.6416308,
            -6.9317564
          ],
          [
            110.6407222,
            -6.9313633
          ],
          [
            110.6403936,
            -6.9312382
          ],
          [
            110.6399149,
            -6.9310438
          ],
          [
            110.6394348,
            -6.9308468
          ],
          [
            110.6389439,
            -6.9306544
          ],
          [
            110.6386767,
            -6.9305534
          ],
          [
            110.637399,
            -6.9299735
          ],
          [
            110.6369968,
            -6.9298171
          ],
          [
            110.6365085,
            -6.9296273
          ],
          [
            110.6360482,
            -6.929453
          ],
          [
            110.635806,
            -6.9293732
          ],
          [
            110.6355629,
            -6.9293633
          ],
          [
            110.6355172,
            -6.9293406
          ]
        ]
      }
    },
    {
      "type": "Feature",
      "properties": {
        "id": 631130752,
        "name": "",
        "type": "tertiary",
        "kecamatan": "Wonosalam"
      },
      "geometry": {
        "type": "LineString",
        "coordinates": [
          [
            110.6757829,
            -6.9601067
          ],
          [
            110.6746344,
            -6.9595908
          ],
          [
            110.6733236,
            -6.9590332
          ],
          [
            110.6728216,
            -6.9588113
          ],
          [
            110.6718569,
            -6.9584174
          ],
          [
            110.6715784,
            -6.9583037
          ],
          [
            110.6702195,
            -6.9577941
          ],
          [
            110.6698656,
            -6.9576575
          ],
          [
            110.6687678,
            -6.9572336
          ],
          [
            110.6672322,
            -6.9566462
          ],
          [
            110.6666961,
            -6.9564327
          ],
          [
            110.666457,
            -6.9563375
          ],
          [
            110.6662021,
            -6.9561829
          ],
          [
            110.665681,
            -6.955867
          ],
          [
            110.6653037,
            -6.9556382
          ],
          [
            110.6649035,
            -6.9554032
          ],
          [
            110.664817,
            -6.9553431
          ],
          [
            110.664124,
            -6.9549707
          ],
          [
            110.6636797,
            -6.954732
          ],
          [
            110.66271,
            -6.9541658
          ],
          [
            110.6623251,
            -6.9539411
          ],
          [
            110.6621833,
            -6.9538663
          ],
          [
            110.6620277,
            -6.9538004
          ],
          [
            110.6617792,
            -6.9537104
          ],
          [
            110.6611506,
            -6.9535245
          ],
          [
            110.6609672,
            -6.9534742
          ],
          [
            110.6604831,
            -6.9533415
          ],
          [
            110.6598499,
            -6.9531542
          ],
          [
            110.6595911,
            -6.9530776
          ],
          [
            110.658714,
            -6.9528137
          ],
          [
            110.6581034,
            -6.9526248
          ],
          [
            110.6579738,
            -6.9525657
          ],
          [
            110.6578472,
            -6.9525004
          ],
          [
            110.6577452,
            -6.9524412
          ],
          [
            110.657604,
            -6.9523522
          ],
          [
            110.6574881,
            -6.9522696
          ],
          [
            110.6573761,
            -6.9521815
          ],
          [
            110.6572844,
            -6.9520882
          ],
          [
            110.6571972,
            -6.9519907
          ],
          [
            110.6571149,
            -6.951889
          ],
          [
            110.6570375,
            -6.9517836
          ],
          [
            110.6569652,
            -6.9516745
          ],
          [
            110.6568983,
            -6.9515622
          ],
          [
            110.6568368,
            -6.9514467
          ],
          [
            110.656781,
            -6.9513284
          ],
          [
            110.656334,
            -6.9503854
          ],
          [
            110.6555119,
            -6.9485955
          ],
          [
            110.6554892,
            -6.9485157
          ],
          [
            110.6554871,
            -6.9484596
          ],
          [
            110.6554961,
            -6.9483448
          ],
          [
            110.6554998,
            -6.9482666
          ],
          [
            110.6555093,
            -6.9481701
          ],
          [
            110.6555334,
            -6.948007
          ],
          [
            110.655638,
            -6.947374
          ],
          [
            110.6556995,
            -6.9470417
          ],
          [
            110.655916,
            -6.946046
          ],
          [
            110.6558953,
            -6.9460411
          ]
        ]
      }
    },
    {
      "type": "Feature",
      "properties": {
        "id": 631130781,
        "name": "",
        "type": "tertiary",
        "kecamatan": "Wonosalam"
      },
      "geometry": {
        "type": "LineString",
        "coordinates": [
          [
            110.6759423,
            -6.95963
          ],
          [
            110.6759782,
            -6.9595361
          ],
          [
            110.6762534,
            -6.9588113
          ],
          [
            110.6764372,
            -6.9582416
          ],
          [
            110.6765498,
            -6.9578968
          ],
          [
            110.6767282,
            -6.9573736
          ],
          [
            110.6768771,
            -6.9568944
          ],
          [
            110.6772579,
            -6.9557855
          ],
          [
            110.6772794,
            -6.9557256
          ],
          [
            110.677675,
            -6.95461
          ],
          [
            110.678139,
            -6.9532761
          ],
          [
            110.6782839,
            -6.9528288
          ],
          [
            110.6784582,
            -6.9523016
          ],
          [
            110.6789276,
            -6.9508718
          ],
          [
            110.6792468,
            -6.9499852
          ],
          [
            110.6794399,
            -6.9494048
          ],
          [
            110.6795854,
            -6.9489445
          ],
          [
            110.6798939,
            -6.9480057
          ],
          [
            110.6801198,
            -6.947334
          ],
          [
            110.6802026,
            -6.947059
          ],
          [
            110.680211,
            -6.9470312
          ],
          [
            110.6804122,
            -6.9464667
          ],
          [
            110.6806,
            -6.9459515
          ],
          [
            110.6807612,
            -6.9454803
          ],
          [
            110.6808776,
            -6.9451328
          ],
          [
            110.6810043,
            -6.9447993
          ],
          [
            110.6812115,
            -6.944175
          ],
          [
            110.6813195,
            -6.9438468
          ],
          [
            110.6814522,
            -6.9434741
          ],
          [
            110.6817147,
            -6.9426901
          ],
          [
            110.6818807,
            -6.942194
          ],
          [
            110.6820272,
            -6.9418323
          ],
          [
            110.6821476,
            -6.941577
          ],
          [
            110.6823105,
            -6.9412681
          ],
          [
            110.6823444,
            -6.9412022
          ]
        ]
      }
    },
    {
      "type": "Feature",
      "properties": {
        "id": 631134308,
        "name": "",
        "type": "tertiary",
        "kecamatan": "Unknown"
      },
      "geometry": {
        "type": "LineString",
        "coordinates": [
          [
            110.6551157,
            -6.9937108
          ],
          [
            110.6551787,
            -6.993667
          ],
          [
            110.6552155,
            -6.9935564
          ],
          [
            110.6553449,
            -6.9931144
          ],
          [
            110.65541,
            -6.9928808
          ],
          [
            110.65542,
            -6.9928276
          ],
          [
            110.6554503,
            -6.9926978
          ],
          [
            110.6555683,
            -6.9921254
          ],
          [
            110.655593,
            -6.9920324
          ],
          [
            110.6557265,
            -6.991529
          ],
          [
            110.6558334,
            -6.990978
          ],
          [
            110.6558512,
            -6.9908861
          ],
          [
            110.6559238,
            -6.9905829
          ],
          [
            110.6559787,
            -6.9903537
          ],
          [
            110.6560846,
            -6.9897706
          ],
          [
            110.6562402,
            -6.9889999
          ],
          [
            110.6563314,
            -6.9884035
          ],
          [
            110.6564051,
            -6.9877992
          ],
          [
            110.6564185,
            -6.9870964
          ],
          [
            110.6564346,
            -6.9868434
          ],
          [
            110.6564707,
            -6.9862683
          ],
          [
            110.6564869,
            -6.9860235
          ],
          [
            110.6565419,
            -6.9853499
          ],
          [
            110.6565553,
            -6.9849093
          ],
          [
            110.6565937,
            -6.9843341
          ],
          [
            110.6565956,
            -6.9843063
          ],
          [
            110.6566412,
            -6.9838883
          ],
          [
            110.656902,
            -6.9829034
          ],
          [
            110.6569147,
            -6.9828553
          ],
          [
            110.6571186,
            -6.9820353
          ],
          [
            110.6572152,
            -6.9815747
          ],
          [
            110.6573184,
            -6.9812191
          ],
          [
            110.6573315,
            -6.9811398
          ],
          [
            110.6575558,
            -6.980374
          ],
          [
            110.6577221,
            -6.9797723
          ],
          [
            110.6579018,
            -6.9790855
          ],
          [
            110.6580735,
            -6.9784705
          ],
          [
            110.6581888,
            -6.9779699
          ],
          [
            110.6583014,
            -6.9774827
          ],
          [
            110.6584382,
            -6.9769849
          ],
          [
            110.6585616,
            -6.9764684
          ],
          [
            110.6586662,
            -6.9760424
          ],
          [
            110.6587601,
            -6.9756444
          ],
          [
            110.6588795,
            -6.9751678
          ],
          [
            110.6589492,
            -6.9748723
          ],
          [
            110.6590243,
            -6.9745209
          ],
          [
            110.6590726,
            -6.9742719
          ],
          [
            110.659149,
            -6.9739644
          ],
          [
            110.6592054,
            -6.9736835
          ],
          [
            110.6592496,
            -6.9734985
          ],
          [
            110.6593073,
            -6.9732496
          ],
          [
            110.6593716,
            -6.9729261
          ],
          [
            110.6594016,
            -6.9727805
          ],
          [
            110.6594785,
            -6.9724766
          ],
          [
            110.6595519,
            -6.9721506
          ],
          [
            110.65962,
            -6.9719028
          ],
          [
            110.6597035,
            -6.9716463
          ],
          [
            110.6598284,
            -6.9712432
          ],
          [
            110.6599203,
            -6.9708391
          ],
          [
            110.6599702,
            -6.9706885
          ],
          [
            110.6600202,
            -6.9705136
          ],
          [
            110.6601479,
            -6.9700693
          ],
          [
            110.6602476,
            -6.9697374
          ]
        ]
      }
    },
    {
      "type": "Feature",
      "properties": {
        "id": 631134369,
        "name": "",
        "type": "tertiary",
        "kecamatan": "Dempet"
      },
      "geometry": {
        "type": "LineString",
        "coordinates": [
          [
            110.6972231,
            -6.9872703
          ],
          [
            110.6963219,
            -6.987106
          ],
          [
            110.6954862,
            -6.9869366
          ],
          [
            110.6952098,
            -6.9868775
          ],
          [
            110.6950957,
            -6.9868463
          ],
          [
            110.6949837,
            -6.9868082
          ],
          [
            110.6948742,
            -6.9867636
          ],
          [
            110.6947675,
            -6.9867125
          ],
          [
            110.6943582,
            -6.9865115
          ],
          [
            110.6939888,
            -6.9863073
          ],
          [
            110.6933869,
            -6.9859747
          ],
          [
            110.6924447,
            -6.9854427
          ],
          [
            110.6902773,
            -6.9842589
          ],
          [
            110.6882968,
            -6.9831699
          ],
          [
            110.68741,
            -6.9826813
          ],
          [
            110.6872156,
            -6.9825771
          ],
          [
            110.6867664,
            -6.9823189
          ],
          [
            110.6864777,
            -6.9821333
          ],
          [
            110.6862336,
            -6.9819082
          ],
          [
            110.6861473,
            -6.9818334
          ],
          [
            110.6856303,
            -6.981319
          ],
          [
            110.6855955,
            -6.9812847
          ],
          [
            110.6850151,
            -6.9806891
          ],
          [
            110.6849522,
            -6.9806284
          ],
          [
            110.6841558,
            -6.9798604
          ],
          [
            110.6839379,
            -6.9796257
          ],
          [
            110.683792,
            -6.9794294
          ],
          [
            110.6835622,
            -6.9791061
          ],
          [
            110.6832535,
            -6.9786272
          ],
          [
            110.6831746,
            -6.9784908
          ],
          [
            110.6831348,
            -6.9783644
          ],
          [
            110.6830909,
            -6.9782203
          ],
          [
            110.6830204,
            -6.9777802
          ],
          [
            110.6829836,
            -6.97755
          ],
          [
            110.6828905,
            -6.9770976
          ],
          [
            110.6828517,
            -6.9767905
          ],
          [
            110.6828222,
            -6.9765616
          ],
          [
            110.6828034,
            -6.9762474
          ],
          [
            110.6828034,
            -6.9752024
          ],
          [
            110.6828061,
            -6.9750094
          ],
          [
            110.682798,
            -6.9743292
          ],
          [
            110.6827618,
            -6.9720715
          ],
          [
            110.682735,
            -6.9718905
          ],
          [
            110.6827189,
            -6.9717667
          ],
          [
            110.6826974,
            -6.9716841
          ],
          [
            110.6826688,
            -6.9715925
          ],
          [
            110.6826406,
            -6.9714972
          ],
          [
            110.6826156,
            -6.9714059
          ],
          [
            110.6824909,
            -6.9710651
          ],
          [
            110.6822509,
            -6.9704341
          ],
          [
            110.6820644,
            -6.9699576
          ],
          [
            110.6818615,
            -6.9694549
          ],
          [
            110.6817372,
            -6.9691149
          ],
          [
            110.6816232,
            -6.9688114
          ],
          [
            110.6815669,
            -6.9686783
          ],
          [
            110.6814071,
            -6.9683626
          ],
          [
            110.6812409,
            -6.968068
          ],
          [
            110.6810871,
            -6.9678089
          ],
          [
            110.6807372,
            -6.9671924
          ],
          [
            110.6804887,
            -6.9667134
          ],
          [
            110.6798731,
            -6.965506
          ],
          [
            110.6794748,
            -6.9647113
          ],
          [
            110.6792736,
            -6.9642747
          ],
          [
            110.6787757,
            -6.9632629
          ],
          [
            110.6787455,
            -6.9632114
          ],
          [
            110.6785615,
            -6.9629142
          ],
          [
            110.6781524,
            -6.9622765
          ],
          [
            110.6775597,
            -6.9613846
          ],
          [
            110.6774886,
            -6.9612848
          ],
          [
            110.6774223,
            -6.9611966
          ],
          [
            110.6773528,
            -6.9611096
          ],
          [
            110.6772782,
            -6.9610268
          ],
          [
            110.677199,
            -6.9609485
          ],
          [
            110.6771153,
            -6.960875
          ],
          [
            110.6770274,
            -6.9608066
          ],
          [
            110.6769356,
            -6.9607434
          ],
          [
            110.6768403,
            -6.9606857
          ],
          [
            110.6760417,
            -6.9603428
          ],
          [
            110.6757817,
            -6.9602694
          ],
          [
            110.6757754,
            -6.9602584
          ],
          [
            110.6757753,
            -6.9602432
          ],
          [
            110.6757723,
            -6.9602135
          ]
        ]
      }
    },
    {
      "type": "Feature",
      "properties": {
        "id": 631398364,
        "name": "",
        "type": "tertiary",
        "kecamatan": "Kebonagung"
      },
      "geometry": {
        "type": "LineString",
        "coordinates": [
          [
            110.7179894,
            -7.0274242
          ],
          [
            110.7180969,
            -7.0266986
          ],
          [
            110.7181591,
            -7.0263324
          ],
          [
            110.7182885,
            -7.0254862
          ],
          [
            110.7183572,
            -7.0249575
          ],
          [
            110.7184182,
            -7.0243701
          ],
          [
            110.7185254,
            -7.023909
          ],
          [
            110.7186337,
            -7.0234562
          ],
          [
            110.7187836,
            -7.0230175
          ],
          [
            110.7189013,
            -7.0225653
          ],
          [
            110.7192893,
            -7.0209492
          ],
          [
            110.7197576,
            -7.0190348
          ],
          [
            110.7202808,
            -7.0167796
          ],
          [
            110.7204098,
            -7.0162844
          ],
          [
            110.720556,
            -7.0158401
          ],
          [
            110.7206493,
            -7.015589
          ],
          [
            110.72136,
            -7.0137008
          ],
          [
            110.721579,
            -7.0131523
          ],
          [
            110.7222459,
            -7.0115553
          ],
          [
            110.7224242,
            -7.0111588
          ],
          [
            110.7226369,
            -7.0106874
          ],
          [
            110.7230016,
            -7.0098427
          ],
          [
            110.7231694,
            -7.0095917
          ]
        ]
      }
    },
    {
      "type": "Feature",
      "properties": {
        "id": 631398618,
        "name": "",
        "type": "tertiary",
        "kecamatan": "Kebonagung"
      },
      "geometry": {
        "type": "LineString",
        "coordinates": [
          [
            110.7246981,
            -7.003691
          ],
          [
            110.7247558,
            -7.0035277
          ],
          [
            110.7248229,
            -7.0033826
          ],
          [
            110.7249467,
            -7.0031318
          ],
          [
            110.7252856,
            -7.0025254
          ],
          [
            110.7254478,
            -7.0022379
          ],
          [
            110.7256176,
            -7.0019621
          ],
          [
            110.7263132,
            -7.0007329
          ],
          [
            110.7263256,
            -7.0007115
          ],
          [
            110.72726,
            -6.9991043
          ],
          [
            110.7279978,
            -6.9977596
          ],
          [
            110.7285564,
            -6.9967415
          ],
          [
            110.7289392,
            -6.9960451
          ],
          [
            110.7293419,
            -6.9953554
          ],
          [
            110.7296194,
            -6.9948898
          ],
          [
            110.7302949,
            -6.9937073
          ],
          [
            110.7306176,
            -6.9931161
          ],
          [
            110.7309548,
            -6.9925367
          ],
          [
            110.7312756,
            -6.9919825
          ]
        ]
      }
    },
    {
      "type": "Feature",
      "properties": {
        "id": 631404134,
        "name": "",
        "type": "tertiary",
        "kecamatan": "Unknown"
      },
      "geometry": {
        "type": "LineString",
        "coordinates": [
          [
            110.761925,
            -7.0075736
          ],
          [
            110.7618223,
            -7.0055675
          ],
          [
            110.7617473,
            -7.0042703
          ],
          [
            110.7617161,
            -7.0037441
          ],
          [
            110.7616789,
            -7.0030843
          ],
          [
            110.7615987,
            -7.0016692
          ],
          [
            110.7615871,
            -7.001381
          ],
          [
            110.7615175,
            -7.0001078
          ],
          [
            110.7614836,
            -6.9993066
          ],
          [
            110.7614418,
            -6.9987729
          ],
          [
            110.7613908,
            -6.9979554
          ],
          [
            110.761371,
            -6.9974846
          ],
          [
            110.7613637,
            -6.9972645
          ],
          [
            110.7613305,
            -6.9964782
          ],
          [
            110.7612656,
            -6.9961043
          ],
          [
            110.7612342,
            -6.9960023
          ],
          [
            110.7612249,
            -6.9958914
          ],
          [
            110.7612256,
            -6.9957531
          ],
          [
            110.7612261,
            -6.9956499
          ],
          [
            110.7612231,
            -6.9953295
          ],
          [
            110.7612069,
            -6.9950223
          ],
          [
            110.7611657,
            -6.9945202
          ],
          [
            110.7610223,
            -6.9927728
          ],
          [
            110.7609278,
            -6.991652
          ],
          [
            110.7609103,
            -6.9914444
          ],
          [
            110.7606733,
            -6.9888348
          ],
          [
            110.7605063,
            -6.9869036
          ],
          [
            110.7603846,
            -6.9855691
          ],
          [
            110.7602334,
            -6.9838297
          ],
          [
            110.760233,
            -6.9832727
          ],
          [
            110.7602504,
            -6.9830257
          ],
          [
            110.7602915,
            -6.9826695
          ],
          [
            110.7604179,
            -6.9819326
          ],
          [
            110.7605462,
            -6.9812422
          ],
          [
            110.760566,
            -6.9811355
          ],
          [
            110.7606719,
            -6.9805301
          ],
          [
            110.7607969,
            -6.9798159
          ],
          [
            110.76092,
            -6.9791121
          ],
          [
            110.7610334,
            -6.9784511
          ],
          [
            110.7610528,
            -6.9783336
          ],
          [
            110.7611816,
            -6.977555
          ],
          [
            110.7612088,
            -6.9774446
          ],
          [
            110.7612634,
            -6.9770994
          ],
          [
            110.7613099,
            -6.9768319
          ],
          [
            110.7614673,
            -6.975927
          ],
          [
            110.7615209,
            -6.9756191
          ],
          [
            110.7616372,
            -6.9749604
          ],
          [
            110.7617626,
            -6.97425
          ],
          [
            110.7618856,
            -6.9735531
          ],
          [
            110.76201,
            -6.9728122
          ],
          [
            110.7621303,
            -6.9720955
          ],
          [
            110.7621874,
            -6.9717557
          ],
          [
            110.7622611,
            -6.9713167
          ],
          [
            110.7623899,
            -6.9706351
          ],
          [
            110.7625391,
            -6.9699258
          ],
          [
            110.7625796,
            -6.969666
          ],
          [
            110.762642,
            -6.969075
          ],
          [
            110.7626715,
            -6.9688594
          ],
          [
            110.7627439,
            -6.9685265
          ],
          [
            110.762921,
            -6.9677943
          ],
          [
            110.7630712,
            -6.9672725
          ],
          [
            110.7635091,
            -6.9660831
          ],
          [
            110.7639778,
            -6.9648204
          ],
          [
            110.7644655,
            -6.9635017
          ],
          [
            110.7645965,
            -6.9631477
          ],
          [
            110.7647931,
            -6.962616
          ],
          [
            110.764868,
            -6.9623886
          ],
          [
            110.7651323,
            -6.9616373
          ],
          [
            110.765355,
            -6.960972
          ],
          [
            110.7654064,
            -6.9608335
          ],
          [
            110.7656687,
            -6.9600663
          ],
          [
            110.7659663,
            -6.9592883
          ],
          [
            110.766119,
            -6.9588606
          ],
          [
            110.7662444,
            -6.9585313
          ],
          [
            110.7663596,
            -6.9582489
          ],
          [
            110.7665969,
            -6.9576239
          ],
          [
            110.7666076,
            -6.9575932
          ]
        ]
      }
    },
    {
      "type": "Feature",
      "properties": {
        "id": 631406027,
        "name": "",
        "type": "tertiary",
        "kecamatan": "Dempet"
      },
      "geometry": {
        "type": "LineString",
        "coordinates": [
          [
            110.75124,
            -6.9338496
          ],
          [
            110.7512503,
            -6.9338293
          ],
          [
            110.7517586,
            -6.9327739
          ],
          [
            110.7521614,
            -6.9319188
          ],
          [
            110.7524269,
            -6.9313634
          ],
          [
            110.7526802,
            -6.9308117
          ],
          [
            110.7535439,
            -6.9289057
          ],
          [
            110.7541102,
            -6.9277616
          ],
          [
            110.7546866,
            -6.9265069
          ],
          [
            110.7547223,
            -6.9264375
          ],
          [
            110.755899,
            -6.9238275
          ]
        ]
      }
    },
    {
      "type": "Feature",
      "properties": {
        "id": 631406065,
        "name": "",
        "type": "tertiary",
        "kecamatan": "Dempet"
      },
      "geometry": {
        "type": "LineString",
        "coordinates": [
          [
            110.7464359,
            -6.9435531
          ],
          [
            110.7464463,
            -6.9435318
          ],
          [
            110.7465541,
            -6.9433077
          ],
          [
            110.7468022,
            -6.9427831
          ],
          [
            110.747041,
            -6.9422586
          ],
          [
            110.7473025,
            -6.9417261
          ],
          [
            110.747623,
            -6.9410698
          ],
          [
            110.7479475,
            -6.9404228
          ],
          [
            110.7481179,
            -6.940086
          ],
          [
            110.7482855,
            -6.9397385
          ],
          [
            110.7484625,
            -6.9393778
          ],
          [
            110.7485389,
            -6.9392714
          ],
          [
            110.7498464,
            -6.9366556
          ],
          [
            110.7511515,
            -6.9340399
          ]
        ]
      }
    },
    {
      "type": "Feature",
      "properties": {
        "id": 649334810,
        "name": "",
        "type": "tertiary",
        "kecamatan": "Guntur"
      },
      "geometry": {
        "type": "LineString",
        "coordinates": [
          [
            110.5685337,
            -7.0102564
          ],
          [
            110.5683296,
            -7.0101115
          ]
        ]
      }
    },
    {
      "type": "Feature",
      "properties": {
        "id": 649390384,
        "name": "",
        "type": "tertiary",
        "kecamatan": "Wonosalam"
      },
      "geometry": {
        "type": "LineString",
        "coordinates": [
          [
            110.6558365,
            -6.9460334
          ],
          [
            110.6558953,
            -6.9460411
          ]
        ]
      }
    },
    {
      "type": "Feature",
      "properties": {
        "id": 649414822,
        "name": "",
        "type": "tertiary",
        "kecamatan": "Wonosalam"
      },
      "geometry": {
        "type": "LineString",
        "coordinates": [
          [
            110.6757723,
            -6.9602135
          ],
          [
            110.6757787,
            -6.9601402
          ]
        ]
      }
    },
    {
      "type": "Feature",
      "properties": {
        "id": 649423292,
        "name": "",
        "type": "tertiary",
        "kecamatan": "Wonosalam"
      },
      "geometry": {
        "type": "LineString",
        "coordinates": [
          [
            110.6648789,
            -6.9723372
          ],
          [
            110.6648306,
            -6.9723125
          ]
        ]
      }
    },
    {
      "type": "Feature",
      "properties": {
        "id": 653878079,
        "name": "",
        "type": "tertiary",
        "kecamatan": "Guntur"
      },
      "geometry": {
        "type": "LineString",
        "coordinates": [
          [
            110.5836219,
            -6.9963214
          ],
          [
            110.5837115,
            -6.9963666
          ]
        ]
      }
    },
    {
      "type": "Feature",
      "properties": {
        "id": 653878080,
        "name": "Jl. Sidokumpul",
        "type": "tertiary",
        "kecamatan": "Guntur"
      },
      "geometry": {
        "type": "LineString",
        "coordinates": [
          [
            110.5698962,
            -6.9908743
          ],
          [
            110.5699135,
            -6.9908803
          ],
          [
            110.5699709,
            -6.9908992
          ],
          [
            110.5701198,
            -6.9909474
          ],
          [
            110.5703317,
            -6.99099
          ],
          [
            110.5706991,
            -6.9910565
          ],
          [
            110.5707303,
            -6.9910615
          ],
          [
            110.570851,
            -6.9910892
          ],
          [
            110.5716044,
            -6.9912575
          ],
          [
            110.5717438,
            -6.9912974
          ],
          [
            110.5718391,
            -6.9913254
          ],
          [
            110.5722709,
            -6.9914798
          ],
          [
            110.5725123,
            -6.9915743
          ],
          [
            110.5729106,
            -6.9917554
          ],
          [
            110.5731775,
            -6.9918517
          ],
          [
            110.5736551,
            -6.9920008
          ],
          [
            110.5741324,
            -6.9921499
          ],
          [
            110.5748297,
            -6.9924781
          ],
          [
            110.5751201,
            -6.9926392
          ],
          [
            110.5753715,
            -6.9928216
          ],
          [
            110.575513,
            -6.9929393
          ],
          [
            110.5756887,
            -6.9930424
          ],
          [
            110.5761192,
            -6.9932196
          ],
          [
            110.5772785,
            -6.9936895
          ],
          [
            110.5780699,
            -6.9940347
          ],
          [
            110.5783707,
            -6.9941415
          ],
          [
            110.578888,
            -6.9943569
          ],
          [
            110.5795263,
            -6.9946364
          ],
          [
            110.5809116,
            -6.9951511
          ],
          [
            110.5820824,
            -6.9956742
          ],
          [
            110.583518,
            -6.9962728
          ],
          [
            110.5836219,
            -6.9963214
          ]
        ]
      }
    },
    {
      "type": "Feature",
      "properties": {
        "id": 654385952,
        "name": "",
        "type": "tertiary",
        "kecamatan": "Guntur"
      },
      "geometry": {
        "type": "LineString",
        "coordinates": [
          [
            110.5875128,
            -6.952374
          ],
          [
            110.5875212,
            -6.9523614
          ]
        ]
      }
    },
    {
      "type": "Feature",
      "properties": {
        "id": 654386093,
        "name": "",
        "type": "tertiary",
        "kecamatan": "Guntur"
      },
      "geometry": {
        "type": "LineString",
        "coordinates": [
          [
            110.5740637,
            -6.9591136
          ],
          [
            110.5741497,
            -6.9589977
          ]
        ]
      }
    },
    {
      "type": "Feature",
      "properties": {
        "id": 654731280,
        "name": "",
        "type": "tertiary",
        "kecamatan": "Guntur"
      },
      "geometry": {
        "type": "LineString",
        "coordinates": [
          [
            110.6239215,
            -6.9771243
          ],
          [
            110.6239846,
            -6.9767829
          ]
        ]
      }
    },
    {
      "type": "Feature",
      "properties": {
        "id": 654731281,
        "name": "",
        "type": "tertiary",
        "kecamatan": "Guntur"
      },
      "geometry": {
        "type": "LineString",
        "coordinates": [
          [
            110.6239072,
            -6.9772013
          ],
          [
            110.6239215,
            -6.9771243
          ]
        ]
      }
    },
    {
      "type": "Feature",
      "properties": {
        "id": 655856136,
        "name": "Jalan Brigadir Jenderal Sudiarto",
        "type": "primary",
        "kecamatan": "Mranggen"
      },
      "geometry": {
        "type": "LineString",
        "coordinates": [
          [
            110.502143,
            -7.0221739
          ],
          [
            110.501827,
            -7.0220748
          ],
          [
            110.5007445,
            -7.0217355
          ],
          [
            110.5003304,
            -7.0215882
          ],
          [
            110.5001771,
            -7.0215471
          ],
          [
            110.4995282,
            -7.0213316
          ],
          [
            110.4994859,
            -7.0213187
          ]
        ]
      }
    },
    {
      "type": "Feature",
      "properties": {
        "id": 660639240,
        "name": "",
        "type": "tertiary",
        "kecamatan": "Wedung"
      },
      "geometry": {
        "type": "LineString",
        "coordinates": [
          [
            110.6526479,
            -6.7167982
          ],
          [
            110.6525964,
            -6.7165584
          ],
          [
            110.6525709,
            -6.7164279
          ],
          [
            110.6525441,
            -6.716316
          ],
          [
            110.6525045,
            -6.7161389
          ]
        ]
      }
    },
    {
      "type": "Feature",
      "properties": {
        "id": 660639241,
        "name": "",
        "type": "tertiary",
        "kecamatan": "Unknown"
      },
      "geometry": {
        "type": "LineString",
        "coordinates": [
          [
            110.6525045,
            -6.7161389
          ],
          [
            110.6524401,
            -6.7154949
          ]
        ]
      }
    },
    {
      "type": "Feature",
      "properties": {
        "id": 660652818,
        "name": "",
        "type": "tertiary",
        "kecamatan": "Unknown"
      },
      "geometry": {
        "type": "LineString",
        "coordinates": [
          [
            110.6712699,
            -6.7668331
          ],
          [
            110.6713296,
            -6.7667452
          ]
        ]
      }
    },
    {
      "type": "Feature",
      "properties": {
        "id": 660652819,
        "name": "",
        "type": "tertiary",
        "kecamatan": "Wedung"
      },
      "geometry": {
        "type": "LineString",
        "coordinates": [
          [
            110.6712307,
            -6.7668958
          ],
          [
            110.6712699,
            -6.7668331
          ]
        ]
      }
    },
    {
      "type": "Feature",
      "properties": {
        "id": 661067032,
        "name": "",
        "type": "tertiary",
        "kecamatan": "Bonang"
      },
      "geometry": {
        "type": "LineString",
        "coordinates": [
          [
            110.5377548,
            -6.8526177
          ],
          [
            110.5378708,
            -6.8524006
          ]
        ]
      }
    },
    {
      "type": "Feature",
      "properties": {
        "id": 661067033,
        "name": "",
        "type": "tertiary",
        "kecamatan": "Bonang"
      },
      "geometry": {
        "type": "LineString",
        "coordinates": [
          [
            110.5378708,
            -6.8524006
          ],
          [
            110.5383414,
            -6.8516631
          ],
          [
            110.5389165,
            -6.8507049
          ],
          [
            110.5389786,
            -6.8506014
          ],
          [
            110.5393002,
            -6.8500515
          ],
          [
            110.5394852,
            -6.849735
          ],
          [
            110.5395965,
            -6.8494782
          ],
          [
            110.5403202,
            -6.8480128
          ],
          [
            110.5405353,
            -6.8476318
          ]
        ]
      }
    },
    {
      "type": "Feature",
      "properties": {
        "id": 661364446,
        "name": "",
        "type": "tertiary",
        "kecamatan": "Demak"
      },
      "geometry": {
        "type": "LineString",
        "coordinates": [
          [
            110.6220168,
            -6.9071754
          ],
          [
            110.6218824,
            -6.9069093
          ]
        ]
      }
    },
    {
      "type": "Feature",
      "properties": {
        "id": 661625912,
        "name": "",
        "type": "tertiary",
        "kecamatan": "Sayung"
      },
      "geometry": {
        "type": "LineString",
        "coordinates": [
          [
            110.5373204,
            -6.9731684
          ],
          [
            110.5367786,
            -6.9729248
          ],
          [
            110.5363628,
            -6.9727278
          ],
          [
            110.5359203,
            -6.9724961
          ],
          [
            110.5357821,
            -6.9724336
          ],
          [
            110.5355458,
            -6.9723158
          ],
          [
            110.5354616,
            -6.9722738
          ],
          [
            110.535129,
            -6.9721008
          ],
          [
            110.5349332,
            -6.9720036
          ],
          [
            110.534758,
            -6.9719389
          ],
          [
            110.5346757,
            -6.9719171
          ],
          [
            110.5345751,
            -6.9718918
          ],
          [
            110.5339474,
            -6.9717252
          ],
          [
            110.533631,
            -6.9716875
          ],
          [
            110.5334009,
            -6.9716167
          ],
          [
            110.5333634,
            -6.9715989
          ],
          [
            110.5333225,
            -6.9715783
          ],
          [
            110.5332641,
            -6.9715396
          ],
          [
            110.5330986,
            -6.9713766
          ],
          [
            110.533071,
            -6.9713495
          ],
          [
            110.5329618,
            -6.9712422
          ],
          [
            110.5328411,
            -6.9711157
          ],
          [
            110.5326949,
            -6.9709879
          ],
          [
            110.5324353,
            -6.9707767
          ],
          [
            110.5318184,
            -6.9703707
          ],
          [
            110.5316462,
            -6.970277
          ],
          [
            110.5313933,
            -6.9701511
          ],
          [
            110.5309448,
            -6.9699682
          ],
          [
            110.5304687,
            -6.9697659
          ],
          [
            110.5295278,
            -6.9693857
          ],
          [
            110.5293019,
            -6.9692913
          ],
          [
            110.5292639,
            -6.9692721
          ],
          [
            110.529191,
            -6.9692391
          ]
        ]
      }
    },
    {
      "type": "Feature",
      "properties": {
        "id": 661625913,
        "name": "",
        "type": "tertiary",
        "kecamatan": "Mranggen"
      },
      "geometry": {
        "type": "LineString",
        "coordinates": [
          [
            110.5251746,
            -6.9866865
          ],
          [
            110.5252732,
            -6.9867356
          ]
        ]
      }
    },
    {
      "type": "Feature",
      "properties": {
        "id": 661625914,
        "name": "",
        "type": "tertiary",
        "kecamatan": "Mranggen"
      },
      "geometry": {
        "type": "LineString",
        "coordinates": [
          [
            110.5241791,
            -6.9861969
          ],
          [
            110.5242087,
            -6.9862111
          ]
        ]
      }
    },
    {
      "type": "Feature",
      "properties": {
        "id": 661625915,
        "name": "",
        "type": "tertiary",
        "kecamatan": "Mranggen"
      },
      "geometry": {
        "type": "LineString",
        "coordinates": [
          [
            110.5238231,
            -6.9859871
          ],
          [
            110.5241791,
            -6.9861969
          ]
        ]
      }
    },
    {
      "type": "Feature",
      "properties": {
        "id": 661625937,
        "name": "",
        "type": "tertiary",
        "kecamatan": "Mranggen"
      },
      "geometry": {
        "type": "LineString",
        "coordinates": [
          [
            110.528393,
            -6.9882388
          ],
          [
            110.528293,
            -6.9881985
          ]
        ]
      }
    },
    {
      "type": "Feature",
      "properties": {
        "id": 661625938,
        "name": "",
        "type": "tertiary",
        "kecamatan": "Mranggen"
      },
      "geometry": {
        "type": "LineString",
        "coordinates": [
          [
            110.528293,
            -6.9881985
          ],
          [
            110.5282425,
            -6.988177
          ]
        ]
      }
    },
    {
      "type": "Feature",
      "properties": {
        "id": 661631112,
        "name": "",
        "type": "tertiary",
        "kecamatan": "Sayung"
      },
      "geometry": {
        "type": "LineString",
        "coordinates": [
          [
            110.5410554,
            -6.9750334
          ],
          [
            110.5412009,
            -6.9751365
          ]
        ]
      }
    },
    {
      "type": "Feature",
      "properties": {
        "id": 661631113,
        "name": "",
        "type": "tertiary",
        "kecamatan": "Sayung"
      },
      "geometry": {
        "type": "LineString",
        "coordinates": [
          [
            110.5375093,
            -6.9732388
          ],
          [
            110.5385917,
            -6.973794
          ],
          [
            110.5387902,
            -6.9739005
          ],
          [
            110.5391,
            -6.974035
          ],
          [
            110.5399986,
            -6.9745022
          ],
          [
            110.5402131,
            -6.9746075
          ],
          [
            110.5405157,
            -6.9747562
          ],
          [
            110.5406383,
            -6.9748164
          ],
          [
            110.5408019,
            -6.9748843
          ],
          [
            110.540944,
            -6.9749668
          ],
          [
            110.5410554,
            -6.9750334
          ]
        ]
      }
    },
    {
      "type": "Feature",
      "properties": {
        "id": 661642715,
        "name": "",
        "type": "tertiary",
        "kecamatan": "Guntur"
      },
      "geometry": {
        "type": "LineString",
        "coordinates": [
          [
            110.557449,
            -6.9830617
          ],
          [
            110.5575959,
            -6.9831229
          ]
        ]
      }
    },
    {
      "type": "Feature",
      "properties": {
        "id": 661642716,
        "name": "",
        "type": "tertiary",
        "kecamatan": "Guntur"
      },
      "geometry": {
        "type": "LineString",
        "coordinates": [
          [
            110.5520571,
            -6.9803272
          ],
          [
            110.5521,
            -6.9803531
          ],
          [
            110.5524038,
            -6.9804819
          ],
          [
            110.5527163,
            -6.9806403
          ],
          [
            110.55301,
            -6.980804
          ],
          [
            110.5533506,
            -6.9809917
          ],
          [
            110.553541,
            -6.9811022
          ],
          [
            110.5537167,
            -6.9811887
          ],
          [
            110.5539273,
            -6.9813032
          ],
          [
            110.5540842,
            -6.9813871
          ],
          [
            110.5543833,
            -6.9815428
          ],
          [
            110.5547796,
            -6.9817871
          ],
          [
            110.5549492,
            -6.9818769
          ],
          [
            110.5551423,
            -6.9819675
          ],
          [
            110.5555198,
            -6.9821485
          ],
          [
            110.555778,
            -6.9822563
          ],
          [
            110.5559202,
            -6.9823215
          ],
          [
            110.5561991,
            -6.982444
          ],
          [
            110.5564438,
            -6.9825851
          ],
          [
            110.5569689,
            -6.982822
          ],
          [
            110.557449,
            -6.9830617
          ]
        ]
      }
    },
    {
      "type": "Feature",
      "properties": {
        "id": 661647830,
        "name": "",
        "type": "tertiary",
        "kecamatan": "Sayung"
      },
      "geometry": {
        "type": "LineString",
        "coordinates": [
          [
            110.5432389,
            -6.9619896
          ],
          [
            110.5432832,
            -6.9618852
          ]
        ]
      }
    },
    {
      "type": "Feature",
      "properties": {
        "id": 661661783,
        "name": "",
        "type": "tertiary",
        "kecamatan": "Sayung"
      },
      "geometry": {
        "type": "LineString",
        "coordinates": [
          [
            110.5432832,
            -6.9618852
          ],
          [
            110.5433087,
            -6.9618274
          ],
          [
            110.5433373,
            -6.9617551
          ],
          [
            110.5433895,
            -6.9616534
          ],
          [
            110.5434504,
            -6.961527
          ],
          [
            110.5436068,
            -6.9612022
          ],
          [
            110.5437067,
            -6.9609593
          ],
          [
            110.5437765,
            -6.9607861
          ],
          [
            110.5438046,
            -6.9607163
          ],
          [
            110.5441882,
            -6.9595755
          ],
          [
            110.5443679,
            -6.9590496
          ],
          [
            110.5445033,
            -6.9586809
          ],
          [
            110.5445261,
            -6.958597
          ],
          [
            110.5445442,
            -6.9585331
          ],
          [
            110.5445543,
            -6.9584706
          ],
          [
            110.5445556,
            -6.958386
          ],
          [
            110.5445556,
            -6.9583055
          ],
          [
            110.5445369,
            -6.9581191
          ],
          [
            110.5445275,
            -6.95799
          ],
          [
            110.5445265,
            -6.957948
          ],
          [
            110.5445355,
            -6.9579041
          ],
          [
            110.5445462,
            -6.9578642
          ],
          [
            110.5445593,
            -6.9578173
          ],
          [
            110.5446915,
            -6.9574474
          ],
          [
            110.5447281,
            -6.9573625
          ],
          [
            110.5447622,
            -6.9572498
          ],
          [
            110.5447809,
            -6.95715
          ],
          [
            110.5447943,
            -6.9570142
          ],
          [
            110.544797,
            -6.9566162
          ],
          [
            110.544797,
            -6.9565602
          ],
          [
            110.5448057,
            -6.956507
          ],
          [
            110.5448547,
            -6.9562727
          ],
          [
            110.5448695,
            -6.9560091
          ],
          [
            110.5448661,
            -6.9558494
          ],
          [
            110.544854,
            -6.9557475
          ],
          [
            110.5448366,
            -6.9556623
          ],
          [
            110.5448138,
            -6.9556071
          ],
          [
            110.544789,
            -6.9555485
          ],
          [
            110.5447349,
            -6.9554785
          ],
          [
            110.5446884,
            -6.9554047
          ],
          [
            110.5446012,
            -6.9552783
          ],
          [
            110.5445127,
            -6.9550959
          ],
          [
            110.5444939,
            -6.9549894
          ],
          [
            110.5444913,
            -6.9549268
          ],
          [
            110.5445114,
            -6.9548323
          ],
          [
            110.5445784,
            -6.9545448
          ],
          [
            110.544671,
            -6.954164
          ],
          [
            110.5446978,
            -6.9540349
          ],
          [
            110.5447273,
            -6.9539231
          ],
          [
            110.5447327,
            -6.9538419
          ],
          [
            110.544731,
            -6.9537223
          ],
          [
            110.5447233,
            -6.9535942
          ],
          [
            110.5447072,
            -6.9535024
          ],
          [
            110.5446777,
            -6.9534212
          ],
          [
            110.5446012,
            -6.9532002
          ],
          [
            110.5445359,
            -6.9530401
          ],
          [
            110.5445154,
            -6.9529899
          ],
          [
            110.5444939,
            -6.952914
          ],
          [
            110.5444846,
            -6.9528381
          ],
          [
            110.5444903,
            -6.9527286
          ],
          [
            110.544498,
            -6.9526504
          ],
          [
            110.5445234,
            -6.9525506
          ],
          [
            110.5445744,
            -6.9524015
          ],
          [
            110.5446428,
            -6.9523083
          ],
          [
            110.5447407,
            -6.9522031
          ],
          [
            110.5451648,
            -6.9517477
          ],
          [
            110.5453134,
            -6.9515881
          ],
          [
            110.5453737,
            -6.9515308
          ],
          [
            110.5456363,
            -6.9512548
          ],
          [
            110.5457385,
            -6.9511474
          ],
          [
            110.5460805,
            -6.950808
          ],
          [
            110.5462159,
            -6.9506675
          ],
          [
            110.5465458,
            -6.9503061
          ],
          [
            110.5466558,
            -6.9501716
          ],
          [
            110.5467081,
            -6.9500931
          ],
          [
            110.5467819,
            -6.9499773
          ],
          [
            110.5468261,
            -6.9498534
          ],
          [
            110.5468597,
            -6.949703
          ],
          [
            110.5468731,
            -6.9495433
          ],
          [
            110.5468811,
            -6.9493635
          ],
          [
            110.5468717,
            -6.9492371
          ],
          [
            110.5468301,
            -6.949088
          ],
          [
            110.5467872,
            -6.9489655
          ],
          [
            110.5467302,
            -6.9488217
          ],
          [
            110.5452383,
            -6.9444552
          ],
          [
            110.5445757,
            -6.9425621
          ],
          [
            110.5443558,
            -6.9418938
          ],
          [
            110.5437451,
            -6.9400764
          ],
          [
            110.5433116,
            -6.9387862
          ],
          [
            110.5429794,
            -6.9377923
          ],
          [
            110.5428875,
            -6.9375224
          ],
          [
            110.5425829,
            -6.9366273
          ],
          [
            110.5425507,
            -6.9365341
          ],
          [
            110.5424327,
            -6.9361693
          ],
          [
            110.5422342,
            -6.9355969
          ],
          [
            110.5420204,
            -6.9350849
          ],
          [
            110.5419743,
            -6.9349765
          ],
          [
            110.5418238,
            -6.9346596
          ],
          [
            110.541687,
            -6.9343987
          ],
          [
            110.5415046,
            -6.9340233
          ],
          [
            110.540759,
            -6.932692
          ],
          [
            110.5407042,
            -6.9326199
          ],
          [
            110.5406383,
            -6.9325495
          ],
          [
            110.5405095,
            -6.9324324
          ],
          [
            110.5403164,
            -6.9322806
          ],
          [
            110.5401031,
            -6.9321449
          ],
          [
            110.5397424,
            -6.9319291
          ],
          [
            110.539678,
            -6.9318772
          ],
          [
            110.5396291,
            -6.9318213
          ],
          [
            110.5395923,
            -6.9317602
          ]
        ]
      }
    },
    {
      "type": "Feature",
      "properties": {
        "id": 661714691,
        "name": "",
        "type": "secondary",
        "kecamatan": "Karangawen"
      },
      "geometry": {
        "type": "LineString",
        "coordinates": [
          [
            110.5457353,
            -7.0461808
          ],
          [
            110.5457489,
            -7.0463259
          ]
        ]
      }
    },
    {
      "type": "Feature",
      "properties": {
        "id": 661714693,
        "name": "",
        "type": "secondary",
        "kecamatan": "Karangawen"
      },
      "geometry": {
        "type": "LineString",
        "coordinates": [
          [
            110.549353,
            -7.0351603
          ],
          [
            110.5490633,
            -7.0360206
          ],
          [
            110.5490515,
            -7.0360549
          ],
          [
            110.5490215,
            -7.0361267
          ],
          [
            110.5490045,
            -7.0361689
          ],
          [
            110.5489829,
            -7.0362225
          ],
          [
            110.5488055,
            -7.0367316
          ],
          [
            110.5485502,
            -7.0374613
          ],
          [
            110.5483291,
            -7.0380935
          ],
          [
            110.5481711,
            -7.0385452
          ],
          [
            110.5470613,
            -7.0418803
          ],
          [
            110.5468722,
            -7.042478
          ],
          [
            110.5466241,
            -7.043226
          ],
          [
            110.5464059,
            -7.0438656
          ],
          [
            110.5463955,
            -7.0438911
          ],
          [
            110.5460313,
            -7.0449083
          ],
          [
            110.5458243,
            -7.0455246
          ],
          [
            110.5458042,
            -7.0456005
          ],
          [
            110.5457598,
            -7.0457962
          ],
          [
            110.545737,
            -7.0460592
          ],
          [
            110.5457353,
            -7.0461808
          ]
        ]
      }
    },
    {
      "type": "Feature",
      "properties": {
        "id": 661720935,
        "name": "",
        "type": "tertiary",
        "kecamatan": "Karangawen"
      },
      "geometry": {
        "type": "LineString",
        "coordinates": [
          [
            110.5433752,
            -7.0778711
          ],
          [
            110.543192,
            -7.077778
          ]
        ]
      }
    },
    {
      "type": "Feature",
      "properties": {
        "id": 661720937,
        "name": "",
        "type": "tertiary",
        "kecamatan": "Karangawen"
      },
      "geometry": {
        "type": "LineString",
        "coordinates": [
          [
            110.5437878,
            -7.0779959
          ],
          [
            110.5433752,
            -7.0778711
          ]
        ]
      }
    },
    {
      "type": "Feature",
      "properties": {
        "id": 661725931,
        "name": "",
        "type": "tertiary",
        "kecamatan": "Karangawen"
      },
      "geometry": {
        "type": "LineString",
        "coordinates": [
          [
            110.5370883,
            -7.0774111
          ],
          [
            110.5372605,
            -7.0767838
          ],
          [
            110.5373123,
            -7.0765953
          ],
          [
            110.537315,
            -7.0765846
          ],
          [
            110.5373834,
            -7.0763264
          ],
          [
            110.5374921,
            -7.0759632
          ],
          [
            110.5376744,
            -7.0753536
          ],
          [
            110.5378783,
            -7.0747427
          ],
          [
            110.5379931,
            -7.0744661
          ],
          [
            110.5380762,
            -7.074266
          ],
          [
            110.5381867,
            -7.074
          ],
          [
            110.5385073,
            -7.073445
          ]
        ]
      }
    },
    {
      "type": "Feature",
      "properties": {
        "id": 661930843,
        "name": "",
        "type": "primary",
        "kecamatan": "Kebonagung"
      },
      "geometry": {
        "type": "LineString",
        "coordinates": [
          [
            110.7028958,
            -7.0219804
          ],
          [
            110.702751,
            -7.0219105
          ]
        ]
      }
    },
    {
      "type": "Feature",
      "properties": {
        "id": 661930844,
        "name": "",
        "type": "primary",
        "kecamatan": "Kebonagung"
      },
      "geometry": {
        "type": "LineString",
        "coordinates": [
          [
            110.7130552,
            -7.026275
          ],
          [
            110.7125849,
            -7.0260761
          ],
          [
            110.7115243,
            -7.0256013
          ],
          [
            110.7101211,
            -7.0250431
          ],
          [
            110.7092889,
            -7.0246957
          ],
          [
            110.7081516,
            -7.0242219
          ],
          [
            110.7073429,
            -7.0238864
          ],
          [
            110.7066594,
            -7.023593
          ],
          [
            110.7065114,
            -7.0235364
          ],
          [
            110.7056521,
            -7.0231578
          ],
          [
            110.7048592,
            -7.0228163
          ],
          [
            110.7045214,
            -7.0226656
          ],
          [
            110.7043728,
            -7.0225966
          ],
          [
            110.704143,
            -7.0224968
          ],
          [
            110.7037939,
            -7.0223525
          ],
          [
            110.7037481,
            -7.0223336
          ],
          [
            110.7036535,
            -7.0222918
          ],
          [
            110.7030386,
            -7.0220389
          ],
          [
            110.7028958,
            -7.0219804
          ]
        ]
      }
    },
    {
      "type": "Feature",
      "properties": {
        "id": 661930845,
        "name": "Jalan Ahmad Yani",
        "type": "primary",
        "kecamatan": "Kebonagung"
      },
      "geometry": {
        "type": "LineString",
        "coordinates": [
          [
            110.7297964,
            -7.0328915
          ],
          [
            110.7296133,
            -7.0328898
          ]
        ]
      }
    },
    {
      "type": "Feature",
      "properties": {
        "id": 661930846,
        "name": "Jalan Ahmad Yani",
        "type": "primary",
        "kecamatan": "Kebonagung"
      },
      "geometry": {
        "type": "LineString",
        "coordinates": [
          [
            110.7296133,
            -7.0328898
          ],
          [
            110.7292753,
            -7.0328735
          ],
          [
            110.7289669,
            -7.0328167
          ],
          [
            110.7287724,
            -7.0327804
          ],
          [
            110.7283111,
            -7.0326512
          ],
          [
            110.7275037,
            -7.0323824
          ],
          [
            110.7271202,
            -7.0322346
          ],
          [
            110.726742,
            -7.0320696
          ],
          [
            110.7257697,
            -7.031629
          ],
          [
            110.7249763,
            -7.0312924
          ],
          [
            110.7246405,
            -7.0311499
          ],
          [
            110.7237634,
            -7.0307785
          ],
          [
            110.7235214,
            -7.030672
          ],
          [
            110.7226886,
            -7.0302993
          ],
          [
            110.7224505,
            -7.0301981
          ],
          [
            110.722374,
            -7.0301663
          ],
          [
            110.7215224,
            -7.0297975
          ],
          [
            110.7210568,
            -7.0295685
          ],
          [
            110.7203597,
            -7.0292871
          ],
          [
            110.7196467,
            -7.0290009
          ],
          [
            110.7192549,
            -7.0288422
          ],
          [
            110.7182637,
            -7.0284403
          ],
          [
            110.7181402,
            -7.028388
          ],
          [
            110.7178592,
            -7.0282729
          ]
        ]
      }
    },
    {
      "type": "Feature",
      "properties": {
        "id": 661930863,
        "name": "",
        "type": "primary",
        "kecamatan": "Kebonagung"
      },
      "geometry": {
        "type": "LineString",
        "coordinates": [
          [
            110.7159595,
            -7.0274949
          ],
          [
            110.7157959,
            -7.0274336
          ]
        ]
      }
    },
    {
      "type": "Feature",
      "properties": {
        "id": 661930864,
        "name": "",
        "type": "primary",
        "kecamatan": "Unknown"
      },
      "geometry": {
        "type": "LineString",
        "coordinates": [
          [
            110.702751,
            -7.0219105
          ],
          [
            110.7026916,
            -7.021884
          ],
          [
            110.7026584,
            -7.0218699
          ],
          [
            110.7020901,
            -7.0216232
          ],
          [
            110.7007393,
            -7.0210367
          ],
          [
            110.7005543,
            -7.0209522
          ],
          [
            110.7004644,
            -7.0209142
          ],
          [
            110.7003182,
            -7.0208623
          ],
          [
            110.7001358,
            -7.0207904
          ],
          [
            110.6993596,
            -7.0204815
          ],
          [
            110.6992882,
            -7.020447
          ],
          [
            110.6988881,
            -7.0202743
          ],
          [
            110.6985466,
            -7.0201289
          ],
          [
            110.6976134,
            -7.0197602
          ],
          [
            110.6971827,
            -7.0195925
          ],
          [
            110.6970135,
            -7.0195254
          ],
          [
            110.6965551,
            -7.0193249
          ],
          [
            110.6956847,
            -7.0189602
          ],
          [
            110.6951992,
            -7.0187579
          ],
          [
            110.6948029,
            -7.0185822
          ],
          [
            110.6942444,
            -7.0183626
          ],
          [
            110.6940631,
            -7.0182953
          ],
          [
            110.693893,
            -7.0182321
          ],
          [
            110.6938407,
            -7.0182162
          ],
          [
            110.6937897,
            -7.0182135
          ],
          [
            110.6937315,
            -7.0182142
          ],
          [
            110.6936569,
            -7.0182149
          ]
        ]
      }
    },
    {
      "type": "Feature",
      "properties": {
        "id": 661998395,
        "name": "",
        "type": "tertiary",
        "kecamatan": "Sayung"
      },
      "geometry": {
        "type": "LineString",
        "coordinates": [
          [
            110.5098368,
            -6.9806945
          ],
          [
            110.5096944,
            -6.9812232
          ],
          [
            110.5096824,
            -6.9812723
          ]
        ]
      }
    },
    {
      "type": "Feature",
      "properties": {
        "id": 662254561,
        "name": "",
        "type": "tertiary",
        "kecamatan": "Karangawen"
      },
      "geometry": {
        "type": "LineString",
        "coordinates": [
          [
            110.5342256,
            -7.0830338
          ],
          [
            110.534099,
            -7.0829928
          ],
          [
            110.5339542,
            -7.0829862
          ],
          [
            110.5336484,
            -7.0830487
          ],
          [
            110.5327325,
            -7.0833242
          ],
          [
            110.5326962,
            -7.0833502
          ]
        ]
      }
    },
    {
      "type": "Feature",
      "properties": {
        "id": 662254562,
        "name": "",
        "type": "tertiary",
        "kecamatan": "Karangawen"
      },
      "geometry": {
        "type": "LineString",
        "coordinates": [
          [
            110.5342256,
            -7.0830338
          ],
          [
            110.5344364,
            -7.083073
          ],
          [
            110.5344504,
            -7.0830527
          ],
          [
            110.5344725,
            -7.0829975
          ],
          [
            110.534547,
            -7.0828291
          ],
          [
            110.534842,
            -7.0820719
          ],
          [
            110.5351921,
            -7.0810617
          ],
          [
            110.535302,
            -7.080733
          ],
          [
            110.5353624,
            -7.0805586
          ],
          [
            110.5354241,
            -7.0804538
          ],
          [
            110.53553,
            -7.0803324
          ],
          [
            110.535639,
            -7.0802196
          ],
          [
            110.5357204,
            -7.0801354
          ],
          [
            110.5362099,
            -7.0796017
          ],
          [
            110.5363261,
            -7.0794577
          ],
          [
            110.5364192,
            -7.0793422
          ],
          [
            110.5364379,
            -7.079305
          ],
          [
            110.536446,
            -7.0792544
          ],
          [
            110.5364614,
            -7.0791798
          ],
          [
            110.5365197,
            -7.0789603
          ],
          [
            110.5366418,
            -7.0785823
          ],
          [
            110.536792,
            -7.0782003
          ],
          [
            110.5369771,
            -7.0777292
          ],
          [
            110.5370535,
            -7.0775003
          ],
          [
            110.5370696,
            -7.077455
          ],
          [
            110.5370883,
            -7.0774111
          ]
        ]
      }
    },
    {
      "type": "Feature",
      "properties": {
        "id": 662254593,
        "name": "",
        "type": "tertiary",
        "kecamatan": "Karangawen"
      },
      "geometry": {
        "type": "LineString",
        "coordinates": [
          [
            110.5157335,
            -7.0468057
          ],
          [
            110.5157128,
            -7.0469934
          ],
          [
            110.5157084,
            -7.0471185
          ],
          [
            110.515695,
            -7.0473794
          ],
          [
            110.515687,
            -7.0476256
          ],
          [
            110.5156722,
            -7.0479384
          ],
          [
            110.5156789,
            -7.0481487
          ],
          [
            110.5156749,
            -7.0483243
          ],
          [
            110.5156762,
            -7.0483935
          ],
          [
            110.5156775,
            -7.0484375
          ],
          [
            110.5156843,
            -7.0484654
          ],
          [
            110.5157004,
            -7.0484827
          ],
          [
            110.5157446,
            -7.0484921
          ],
          [
            110.5158291,
            -7.0484974
          ],
          [
            110.5160638,
            -7.048512
          ],
          [
            110.5162636,
            -7.0485
          ],
          [
            110.5164863,
            -7.0484601
          ],
          [
            110.5165667,
            -7.0484501
          ],
          [
            110.5166593,
            -7.0484481
          ],
          [
            110.5168028,
            -7.0484668
          ],
          [
            110.5169838,
            -7.0485094
          ],
          [
            110.51724,
            -7.0485945
          ],
          [
            110.5174613,
            -7.048681
          ],
          [
            110.5175578,
            -7.048709
          ],
          [
            110.5176933,
            -7.0487223
          ],
          [
            110.5178394,
            -7.0487543
          ],
          [
            110.5180406,
            -7.0488155
          ],
          [
            110.5181456,
            -7.0488666
          ],
          [
            110.5181881,
            -7.0488873
          ],
          [
            110.5183008,
            -7.0489685
          ],
          [
            110.5183665,
            -7.0490191
          ],
          [
            110.5184027,
            -7.0490551
          ],
          [
            110.5184282,
            -7.0491096
          ],
          [
            110.5184282,
            -7.0491828
          ],
          [
            110.5183772,
            -7.0494078
          ],
          [
            110.5183276,
            -7.0496314
          ],
          [
            110.5182847,
            -7.0497684
          ],
          [
            110.5182699,
            -7.0498842
          ],
          [
            110.5182646,
            -7.0499907
          ],
          [
            110.5182766,
            -7.0501065
          ],
          [
            110.5183048,
            -7.050209
          ],
          [
            110.5183813,
            -7.0503488
          ],
          [
            110.5184859,
            -7.0505564
          ],
          [
            110.5185703,
            -7.0507534
          ],
          [
            110.5186803,
            -7.0510342
          ],
          [
            110.5187836,
            -7.0512658
          ],
          [
            110.5188882,
            -7.0514534
          ],
          [
            110.5189673,
            -7.0515759
          ],
          [
            110.5190585,
            -7.0516944
          ],
          [
            110.5191229,
            -7.0518062
          ],
          [
            110.5191779,
            -7.0519526
          ],
          [
            110.5192329,
            -7.0521229
          ],
          [
            110.5192811,
            -7.0522241
          ],
          [
            110.5193656,
            -7.0523425
          ],
          [
            110.5194769,
            -7.0524676
          ],
          [
            110.5195654,
            -7.0525555
          ],
          [
            110.5196982,
            -7.0526646
          ],
          [
            110.5197854,
            -7.0527338
          ],
          [
            110.519827,
            -7.0527857
          ],
          [
            110.5198645,
            -7.052851
          ],
          [
            110.519898,
            -7.0529721
          ],
          [
            110.5199356,
            -7.0531265
          ],
          [
            110.5199557,
            -7.0532489
          ],
          [
            110.5199624,
            -7.0533634
          ],
          [
            110.5199705,
            -7.0535031
          ],
          [
            110.5199906,
            -7.0535923
          ],
          [
            110.5200295,
            -7.05376
          ],
          [
            110.5200643,
            -7.0538918
          ],
          [
            110.5201019,
            -7.0540515
          ],
          [
            110.5201703,
            -7.0543117
          ],
          [
            110.5202266,
            -7.0544973
          ],
          [
            110.5202843,
            -7.0547223
          ],
          [
            110.5203433,
            -7.0550058
          ],
          [
            110.5204037,
            -7.0552945
          ],
          [
            110.5204787,
            -7.0557138
          ],
          [
            110.5205471,
            -7.0560705
          ],
          [
            110.5205874,
            -7.0562702
          ],
          [
            110.5206196,
            -7.0563793
          ],
          [
            110.5206437,
            -7.0565284
          ],
          [
            110.5206799,
            -7.0566535
          ],
          [
            110.5207268,
            -7.0567852
          ],
          [
            110.5207631,
            -7.0568691
          ],
          [
            110.520861,
            -7.0570781
          ],
          [
            110.5209636,
            -7.0572896
          ],
          [
            110.5210407,
            -7.0574919
          ],
          [
            110.5210639,
            -7.0575854
          ],
          [
            110.5211748,
            -7.0577435
          ],
          [
            110.5212423,
            -7.0578967
          ],
          [
            110.5212539,
            -7.0579232
          ],
          [
            110.5213692,
            -7.0581827
          ],
          [
            110.5215945,
            -7.0586778
          ],
          [
            110.5216777,
            -7.0588422
          ],
          [
            110.5217568,
            -7.0589986
          ],
          [
            110.5217917,
            -7.0590971
          ],
          [
            110.5218078,
            -7.0591663
          ],
          [
            110.521793,
            -7.0592688
          ],
          [
            110.5217595,
            -7.0594085
          ],
          [
            110.521608,
            -7.0597892
          ],
          [
            110.521447,
            -7.0601525
          ],
          [
            110.5212982,
            -7.0606809
          ],
          [
            110.5212163,
            -7.0611734
          ],
          [
            110.521152,
            -7.0615447
          ],
          [
            110.5211292,
            -7.0616685
          ],
          [
            110.5211198,
            -7.0617683
          ],
          [
            110.5210983,
            -7.0619693
          ],
          [
            110.5210849,
            -7.062278
          ],
          [
            110.5210769,
            -7.0625069
          ],
          [
            110.5210608,
            -7.0627106
          ],
          [
            110.5210152,
            -7.0629914
          ],
          [
            110.5209521,
            -7.0632083
          ],
          [
            110.5209186,
            -7.0632935
          ],
          [
            110.5208529,
            -7.0634772
          ],
          [
            110.5207952,
            -7.0636582
          ],
          [
            110.520759,
            -7.0637767
          ],
          [
            110.5207419,
            -7.0638807
          ],
          [
            110.5207396,
            -7.0639124
          ],
          [
            110.5207382,
            -7.0640235
          ],
          [
            110.5207382,
            -7.0641207
          ],
          [
            110.5207362,
            -7.0642398
          ],
          [
            110.5207403,
            -7.0643782
          ],
          [
            110.5207479,
            -7.0644821
          ],
          [
            110.5207429,
            -7.0646431
          ],
          [
            110.520755,
            -7.0648787
          ],
          [
            110.5207483,
            -7.0650224
          ],
          [
            110.5207462,
            -7.0652194
          ],
          [
            110.5207328,
            -7.0653125
          ],
          [
            110.5206886,
            -7.0654276
          ],
          [
            110.5206236,
            -7.0655401
          ],
          [
            110.5205324,
            -7.0657384
          ],
          [
            110.5204694,
            -7.0658968
          ],
          [
            110.5204385,
            -7.0660033
          ],
          [
            110.5204197,
            -7.0661044
          ],
          [
            110.5204184,
            -7.0662881
          ],
          [
            110.5204198,
            -7.0664038
          ],
          [
            110.5204211,
            -7.066517
          ],
          [
            110.5204251,
            -7.0666994
          ],
          [
            110.520407,
            -7.0668236
          ],
          [
            110.520401,
            -7.0668644
          ],
          [
            110.5203924,
            -7.0669077
          ],
          [
            110.5203708,
            -7.0670161
          ],
          [
            110.5203513,
            -7.067084
          ],
          [
            110.5203279,
            -7.0671425
          ],
          [
            110.5202923,
            -7.0672557
          ],
          [
            110.5202387,
            -7.0673721
          ],
          [
            110.5201931,
            -7.0675006
          ],
          [
            110.5201731,
            -7.0675893
          ],
          [
            110.520122,
            -7.067816
          ],
          [
            110.5200402,
            -7.0682352
          ],
          [
            110.5199716,
            -7.0685
          ],
          [
            110.5199452,
            -7.068602
          ],
          [
            110.5199195,
            -7.068701
          ],
          [
            110.5198256,
            -7.0692148
          ],
          [
            110.5197425,
            -7.0697285
          ],
          [
            110.5196835,
            -7.070024
          ],
          [
            110.5195896,
            -7.0704206
          ],
          [
            110.5194313,
            -7.0708225
          ],
          [
            110.5193133,
            -7.0711393
          ],
          [
            110.5191115,
            -7.0716257
          ],
          [
            110.5189526,
            -7.0719817
          ],
          [
            110.5188466,
            -7.0722785
          ],
          [
            110.5187608,
            -7.0725154
          ],
          [
            110.5186676,
            -7.0728043
          ],
          [
            110.5185818,
            -7.073069
          ],
          [
            110.5185395,
            -7.0731782
          ],
          [
            110.5185053,
            -7.0733014
          ],
          [
            110.5184443,
            -7.0734524
          ],
          [
            110.5183678,
            -7.0737225
          ],
          [
            110.5183129,
            -7.0738477
          ],
          [
            110.5182673,
            -7.0740167
          ],
          [
            110.518223,
            -7.0742057
          ],
          [
            110.5181854,
            -7.0743827
          ],
          [
            110.5181559,
            -7.0745171
          ],
          [
            110.5181425,
            -7.0745953
          ],
          [
            110.5181217,
            -7.0746894
          ],
          [
            110.5181043,
            -7.0747806
          ],
          [
            110.5180963,
            -7.0748385
          ],
          [
            110.518101,
            -7.0749124
          ],
          [
            110.518115,
            -7.0749749
          ],
          [
            110.5181271,
            -7.0750634
          ],
          [
            110.5181392,
            -7.0751419
          ],
          [
            110.5181331,
            -7.0752298
          ],
          [
            110.5181163,
            -7.0753575
          ],
          [
            110.5180855,
            -7.0755099
          ],
          [
            110.5180648,
            -7.0756311
          ],
          [
            110.5180259,
            -7.0757828
          ],
          [
            110.5179984,
            -7.0759072
          ],
          [
            110.5179581,
            -7.0761028
          ],
          [
            110.517875,
            -7.0764263
          ],
          [
            110.5178366,
            -7.0765391
          ],
          [
            110.5178222,
            -7.076614
          ],
          [
            110.5177759,
            -7.0768008
          ],
          [
            110.5177482,
            -7.0769127
          ],
          [
            110.5176463,
            -7.0772893
          ],
          [
            110.5175424,
            -7.0776879
          ],
          [
            110.5175162,
            -7.0777791
          ],
          [
            110.5175524,
            -7.0777884
          ],
          [
            110.5176611,
            -7.0778077
          ],
          [
            110.517938,
            -7.0778357
          ],
          [
            110.5182793,
            -7.0779149
          ],
          [
            110.5185174,
            -7.0779781
          ],
          [
            110.5187792,
            -7.0780359
          ],
          [
            110.5188624,
            -7.0780546
          ],
          [
            110.5189093,
            -7.0780686
          ],
          [
            110.5189003,
            -7.0781092
          ],
          [
            110.5188781,
            -7.0782336
          ],
          [
            110.5188466,
            -7.0783713
          ],
          [
            110.5188225,
            -7.0784978
          ],
          [
            110.5188104,
            -7.078575
          ],
          [
            110.5188144,
            -7.0786136
          ],
          [
            110.5188359,
            -7.0786269
          ],
          [
            110.5188734,
            -7.0786535
          ],
          [
            110.5188882,
            -7.0786794
          ],
          [
            110.5188942,
            -7.0787207
          ],
          [
            110.5188929,
            -7.0787779
          ],
          [
            110.5188634,
            -7.0789769
          ],
          [
            110.5188171,
            -7.079269
          ],
          [
            110.518795,
            -7.0794148
          ],
          [
            110.5187755,
            -7.079474
          ],
          [
            110.5187574,
            -7.0794993
          ],
          [
            110.5187185,
            -7.0795159
          ],
          [
            110.518681,
            -7.0795286
          ],
          [
            110.5186555,
            -7.0795685
          ],
          [
            110.518632,
            -7.0797069
          ],
          [
            110.5184429,
            -7.0808055
          ],
          [
            110.5183625,
            -7.0813392
          ],
          [
            110.5183209,
            -7.0816446
          ],
          [
            110.5182914,
            -7.0817611
          ],
          [
            110.5182726,
            -7.0818276
          ],
          [
            110.5182344,
            -7.0819208
          ],
          [
            110.5181995,
            -7.082016
          ],
          [
            110.5181311,
            -7.0822914
          ],
          [
            110.5181149,
            -7.082353
          ],
          [
            110.518109,
            -7.0823753
          ],
          [
            110.5180976,
            -7.0824092
          ],
          [
            110.5181137,
            -7.0824239
          ],
          [
            110.5181472,
            -7.0824432
          ],
          [
            110.5182136,
            -7.0824525
          ],
          [
            110.5184523,
            -7.0824917
          ],
          [
            110.5187729,
            -7.0825576
          ],
          [
            110.5190216,
            -7.0826089
          ],
          [
            110.5193422,
            -7.0826721
          ],
          [
            110.5196801,
            -7.082738
          ],
          [
            110.5204077,
            -7.0828937
          ],
          [
            110.5209045,
            -7.0830028
          ],
          [
            110.5214041,
            -7.0831272
          ],
          [
            110.5219741,
            -7.0832623
          ],
          [
            110.5224435,
            -7.0833502
          ],
          [
            110.5228619,
            -7.083446
          ],
          [
            110.5235391,
            -7.0836177
          ],
          [
            110.5248682,
            -7.0839663
          ],
          [
            110.5252598,
            -7.0840116
          ],
          [
            110.5255468,
            -7.0838918
          ],
          [
            110.5262522,
            -7.0835697
          ],
          [
            110.5267672,
            -7.0833222
          ],
          [
            110.5277099,
            -7.0829043
          ],
          [
            110.5282853,
            -7.0826594
          ],
          [
            110.5286447,
            -7.0824838
          ],
          [
            110.5288325,
            -7.0824358
          ],
          [
            110.5289585,
            -7.0824225
          ],
          [
            110.5292268,
            -7.0824838
          ],
          [
            110.5294816,
            -7.0825689
          ],
          [
            110.5297552,
            -7.0826408
          ],
          [
            110.5300448,
            -7.0826967
          ],
          [
            110.5304338,
            -7.0827978
          ],
          [
            110.5305786,
            -7.0828617
          ],
          [
            110.5308407,
            -7.0829197
          ],
          [
            110.5308549,
            -7.0829229
          ],
          [
            110.5311606,
            -7.0829815
          ],
          [
            110.5314436,
            -7.0830547
          ],
          [
            110.5317963,
            -7.0831425
          ],
          [
            110.5318127,
            -7.0831458
          ],
          [
            110.5321034,
            -7.0832051
          ],
          [
            110.5323274,
            -7.0832636
          ],
          [
            110.5325943,
            -7.0833329
          ],
          [
            110.5326962,
            -7.0833502
          ]
        ]
      }
    },
    {
      "type": "Feature",
      "properties": {
        "id": 662282249,
        "name": "",
        "type": "tertiary",
        "kecamatan": "Mranggen"
      },
      "geometry": {
        "type": "LineString",
        "coordinates": [
          [
            110.5107977,
            -7.0451193
          ],
          [
            110.5108398,
            -7.0451415
          ],
          [
            110.5110441,
            -7.0452119
          ],
          [
            110.5115243,
            -7.0453716
          ],
          [
            110.5119641,
            -7.0455153
          ],
          [
            110.5120236,
            -7.04554
          ],
          [
            110.5123517,
            -7.0456764
          ],
          [
            110.5127555,
            -7.0458538
          ],
          [
            110.5128596,
            -7.0458996
          ]
        ]
      }
    },
    {
      "type": "Feature",
      "properties": {
        "id": 663695720,
        "name": "",
        "type": "tertiary",
        "kecamatan": "Mranggen"
      },
      "geometry": {
        "type": "LineString",
        "coordinates": [
          [
            110.4954221,
            -7.0464009
          ],
          [
            110.4953619,
            -7.046439
          ],
          [
            110.4952707,
            -7.0464819
          ],
          [
            110.4951037,
            -7.0465628
          ],
          [
            110.4949877,
            -7.0466413
          ],
          [
            110.4948335,
            -7.0467605
          ],
          [
            110.4947367,
            -7.0468581
          ],
          [
            110.494696,
            -7.0469022
          ],
          [
            110.4945606,
            -7.0470553
          ],
          [
            110.4944481,
            -7.0472114
          ],
          [
            110.4943554,
            -7.0473401
          ],
          [
            110.4942443,
            -7.0475288
          ],
          [
            110.4942133,
            -7.0475717
          ],
          [
            110.4940664,
            -7.0478754
          ],
          [
            110.4939947,
            -7.0480282
          ],
          [
            110.4938532,
            -7.0483802
          ],
          [
            110.4938149,
            -7.0484521
          ],
          [
            110.4937496,
            -7.0485525
          ],
          [
            110.4935883,
            -7.0487656
          ],
          [
            110.4934797,
            -7.0489173
          ],
          [
            110.4933549,
            -7.0490384
          ],
          [
            110.4932477,
            -7.0491116
          ],
          [
            110.4931938,
            -7.0491419
          ],
          [
            110.4931256,
            -7.0491795
          ],
          [
            110.4930274,
            -7.0492627
          ],
          [
            110.4929637,
            -7.0493256
          ],
          [
            110.49291,
            -7.0493991
          ],
          [
            110.4928017,
            -7.0495761
          ]
        ]
      }
    },
    {
      "type": "Feature",
      "properties": {
        "id": 663708213,
        "name": "",
        "type": "tertiary",
        "kecamatan": "Mranggen"
      },
      "geometry": {
        "type": "LineString",
        "coordinates": [
          [
            110.4923833,
            -7.0498922
          ],
          [
            110.4924137,
            -7.0498383
          ]
        ]
      }
    },
    {
      "type": "Feature",
      "properties": {
        "id": 663708214,
        "name": "",
        "type": "tertiary",
        "kecamatan": "Mranggen"
      },
      "geometry": {
        "type": "LineString",
        "coordinates": [
          [
            110.4924137,
            -7.0498383
          ],
          [
            110.4924722,
            -7.0498044
          ],
          [
            110.4925328,
            -7.0497784
          ],
          [
            110.49262,
            -7.0497598
          ],
          [
            110.4926911,
            -7.0497505
          ],
          [
            110.492726,
            -7.0497452
          ]
        ]
      }
    },
    {
      "type": "Feature",
      "properties": {
        "id": 663708215,
        "name": "",
        "type": "tertiary",
        "kecamatan": "Mranggen"
      },
      "geometry": {
        "type": "LineString",
        "coordinates": [
          [
            110.4909074,
            -7.0489842
          ],
          [
            110.4912072,
            -7.0491476
          ],
          [
            110.4913074,
            -7.0492021
          ],
          [
            110.4915418,
            -7.0493419
          ],
          [
            110.4918703,
            -7.0495289
          ],
          [
            110.4921969,
            -7.0497112
          ],
          [
            110.4924137,
            -7.0498383
          ]
        ]
      }
    },
    {
      "type": "Feature",
      "properties": {
        "id": 663708218,
        "name": "",
        "type": "tertiary",
        "kecamatan": "Mranggen"
      },
      "geometry": {
        "type": "LineString",
        "coordinates": [
          [
            110.4859058,
            -7.046829
          ],
          [
            110.4861224,
            -7.0468782
          ],
          [
            110.4864791,
            -7.0469874
          ],
          [
            110.4871537,
            -7.047219
          ],
          [
            110.4874353,
            -7.0473148
          ],
          [
            110.4877011,
            -7.0474059
          ],
          [
            110.4879168,
            -7.0474798
          ],
          [
            110.4882504,
            -7.0475886
          ],
          [
            110.488565,
            -7.0476913
          ],
          [
            110.4887342,
            -7.047748
          ],
          [
            110.4888723,
            -7.0478073
          ],
          [
            110.4889977,
            -7.0478698
          ],
          [
            110.4891053,
            -7.047935
          ],
          [
            110.4893779,
            -7.0480979
          ],
          [
            110.4897876,
            -7.048336
          ],
          [
            110.4899432,
            -7.0484288
          ],
          [
            110.489982,
            -7.0484506
          ],
          [
            110.4901117,
            -7.0485236
          ]
        ]
      }
    },
    {
      "type": "Feature",
      "properties": {
        "id": 663708266,
        "name": "",
        "type": "tertiary",
        "kecamatan": "Mranggen"
      },
      "geometry": {
        "type": "LineString",
        "coordinates": [
          [
            110.4923833,
            -7.0498922
          ],
          [
            110.492383,
            -7.0499345
          ],
          [
            110.4923907,
            -7.050007
          ],
          [
            110.4924053,
            -7.0500784
          ],
          [
            110.4924296,
            -7.0501271
          ],
          [
            110.4924916,
            -7.050199
          ]
        ]
      }
    },
    {
      "type": "Feature",
      "properties": {
        "id": 663708267,
        "name": "",
        "type": "tertiary",
        "kecamatan": "Mranggen"
      },
      "geometry": {
        "type": "LineString",
        "coordinates": [
          [
            110.4923833,
            -7.0498922
          ],
          [
            110.49216,
            -7.0497711
          ],
          [
            110.4918395,
            -7.0495848
          ],
          [
            110.4915029,
            -7.0493978
          ],
          [
            110.4912661,
            -7.0492619
          ],
          [
            110.4908803,
            -7.0490367
          ]
        ]
      }
    },
    {
      "type": "Feature",
      "properties": {
        "id": 663708272,
        "name": "",
        "type": "tertiary",
        "kecamatan": "Mranggen"
      },
      "geometry": {
        "type": "LineString",
        "coordinates": [
          [
            110.4900819,
            -7.0485711
          ],
          [
            110.4899418,
            -7.0484831
          ],
          [
            110.4897581,
            -7.0483829
          ],
          [
            110.4896213,
            -7.048311
          ],
          [
            110.4893429,
            -7.0481512
          ],
          [
            110.4890668,
            -7.0479933
          ],
          [
            110.4889109,
            -7.0479111
          ],
          [
            110.4888364,
            -7.0478708
          ],
          [
            110.4885444,
            -7.047762
          ],
          [
            110.4882285,
            -7.047655
          ],
          [
            110.4879664,
            -7.047571
          ],
          [
            110.4876782,
            -7.0474742
          ],
          [
            110.4875353,
            -7.0474262
          ],
          [
            110.4874153,
            -7.0473778
          ],
          [
            110.4867616,
            -7.0471599
          ],
          [
            110.4865864,
            -7.0470932
          ],
          [
            110.4861779,
            -7.0469549
          ],
          [
            110.4860691,
            -7.0469248
          ],
          [
            110.4859334,
            -7.0468979
          ]
        ]
      }
    },
    {
      "type": "Feature",
      "properties": {
        "id": 663737525,
        "name": "Gang Gading Mas",
        "type": "tertiary",
        "kecamatan": "Mranggen"
      },
      "geometry": {
        "type": "LineString",
        "coordinates": [
          [
            110.4855365,
            -7.03848
          ],
          [
            110.4854833,
            -7.0384575
          ]
        ]
      }
    },
    {
      "type": "Feature",
      "properties": {
        "id": 663737526,
        "name": "Gang Gading Mas",
        "type": "tertiary",
        "kecamatan": "Mranggen"
      },
      "geometry": {
        "type": "LineString",
        "coordinates": [
          [
            110.4858317,
            -7.0386149
          ],
          [
            110.4855365,
            -7.03848
          ]
        ]
      }
    },
    {
      "type": "Feature",
      "properties": {
        "id": 663737550,
        "name": "",
        "type": "secondary",
        "kecamatan": "Mranggen"
      },
      "geometry": {
        "type": "LineString",
        "coordinates": [
          [
            110.4852789,
            -7.0383905
          ],
          [
            110.4852188,
            -7.038374
          ],
          [
            110.4849353,
            -7.0382974
          ]
        ]
      }
    },
    {
      "type": "Feature",
      "properties": {
        "id": 663737552,
        "name": "Gang Gading Mas",
        "type": "secondary",
        "kecamatan": "Mranggen"
      },
      "geometry": {
        "type": "LineString",
        "coordinates": [
          [
            110.4854833,
            -7.0384575
          ],
          [
            110.4856959,
            -7.037924
          ],
          [
            110.4857583,
            -7.0377943
          ],
          [
            110.4858635,
            -7.0376319
          ],
          [
            110.4859601,
            -7.0374941
          ],
          [
            110.4860151,
            -7.037393
          ],
          [
            110.4860681,
            -7.0372479
          ],
          [
            110.4861096,
            -7.0370968
          ],
          [
            110.4862263,
            -7.0366449
          ],
          [
            110.4862826,
            -7.0364094
          ],
          [
            110.4863325,
            -7.0361788
          ],
          [
            110.4863966,
            -7.0358829
          ],
          [
            110.4864322,
            -7.0357159
          ],
          [
            110.4864932,
            -7.0354044
          ],
          [
            110.486575,
            -7.0351196
          ],
          [
            110.4866238,
            -7.0349806
          ]
        ]
      }
    },
    {
      "type": "Feature",
      "properties": {
        "id": 663738052,
        "name": "",
        "type": "tertiary",
        "kecamatan": "Mranggen"
      },
      "geometry": {
        "type": "LineString",
        "coordinates": [
          [
            110.5404716,
            -6.9947326
          ],
          [
            110.5403615,
            -6.9946939
          ]
        ]
      }
    },
    {
      "type": "Feature",
      "properties": {
        "id": 663738053,
        "name": "",
        "type": "tertiary",
        "kecamatan": "Mranggen"
      },
      "geometry": {
        "type": "LineString",
        "coordinates": [
          [
            110.5403615,
            -6.9946939
          ],
          [
            110.5403439,
            -6.9946838
          ],
          [
            110.5402369,
            -6.9946166
          ],
          [
            110.5401421,
            -6.994572
          ],
          [
            110.5399925,
            -6.9944915
          ],
          [
            110.539792,
            -6.9943737
          ],
          [
            110.5396445,
            -6.9942898
          ],
          [
            110.5392724,
            -6.9940689
          ],
          [
            110.5389451,
            -6.9938645
          ],
          [
            110.5386394,
            -6.9936655
          ],
          [
            110.5382323,
            -6.9934113
          ],
          [
            110.5378964,
            -6.9932089
          ],
          [
            110.5376751,
            -6.9930698
          ],
          [
            110.5369361,
            -6.9926133
          ],
          [
            110.5365405,
            -6.9923783
          ],
          [
            110.5361087,
            -6.9921247
          ],
          [
            110.5358016,
            -6.991939
          ],
          [
            110.5353964,
            -6.9917117
          ],
          [
            110.5352678,
            -6.9916342
          ],
          [
            110.5351344,
            -6.991553
          ],
          [
            110.5346248,
            -6.9912449
          ],
          [
            110.5344069,
            -6.9911224
          ],
          [
            110.5343225,
            -6.9910744
          ],
          [
            110.5340883,
            -6.9909434
          ],
          [
            110.5339368,
            -6.9908542
          ],
          [
            110.5335412,
            -6.9906532
          ],
          [
            110.5334815,
            -6.9906213
          ],
          [
            110.5333071,
            -6.990534
          ],
          [
            110.5330288,
            -6.9903969
          ],
          [
            110.5327372,
            -6.9902638
          ],
          [
            110.5323207,
            -6.9900728
          ],
          [
            110.5317749,
            -6.9898059
          ],
          [
            110.531199,
            -6.9895235
          ],
          [
            110.5308716,
            -6.9893672
          ],
          [
            110.5299198,
            -6.9889355
          ],
          [
            110.5291621,
            -6.9885972
          ],
          [
            110.528393,
            -6.9882388
          ]
        ]
      }
    },
    {
      "type": "Feature",
      "properties": {
        "id": 663738054,
        "name": "",
        "type": "tertiary",
        "kecamatan": "Mranggen"
      },
      "geometry": {
        "type": "LineString",
        "coordinates": [
          [
            110.5460839,
            -6.9972161
          ],
          [
            110.5458232,
            -6.9970359
          ]
        ]
      }
    },
    {
      "type": "Feature",
      "properties": {
        "id": 664033127,
        "name": "Jalan Dempet - Gajah",
        "type": "secondary",
        "kecamatan": "Gajah"
      },
      "geometry": {
        "type": "LineString",
        "coordinates": [
          [
            110.7336219,
            -6.8713843
          ],
          [
            110.7335965,
            -6.8712073
          ],
          [
            110.7335857,
            -6.8710834
          ],
          [
            110.7335561,
            -6.8706946
          ],
          [
            110.7335535,
            -6.8706307
          ],
          [
            110.733536,
            -6.8704749
          ]
        ]
      }
    },
    {
      "type": "Feature",
      "properties": {
        "id": 664033128,
        "name": "Jalan Dempet - Gajah",
        "type": "secondary",
        "kecamatan": "Gajah"
      },
      "geometry": {
        "type": "LineString",
        "coordinates": [
          [
            110.7336344,
            -6.8717525
          ],
          [
            110.7336326,
            -6.8714909
          ]
        ]
      }
    },
    {
      "type": "Feature",
      "properties": {
        "id": 664033794,
        "name": "",
        "type": "tertiary",
        "kecamatan": "Guntur"
      },
      "geometry": {
        "type": "LineString",
        "coordinates": [
          [
            110.5534358,
            -7.0018645
          ],
          [
            110.5532856,
            -7.001768
          ]
        ]
      }
    },
    {
      "type": "Feature",
      "properties": {
        "id": 664074856,
        "name": "Jalan Raya Bandungrejo",
        "type": "primary",
        "kecamatan": "Mranggen"
      },
      "geometry": {
        "type": "LineString",
        "coordinates": [
          [
            110.5329922,
            -7.0296263
          ],
          [
            110.5329295,
            -7.0296078
          ]
        ]
      }
    },
    {
      "type": "Feature",
      "properties": {
        "id": 664074861,
        "name": "Jalan Raya Bandungrejo",
        "type": "primary",
        "kecamatan": "Karangawen"
      },
      "geometry": {
        "type": "LineString",
        "coordinates": [
          [
            110.5611827,
            -7.039645
          ],
          [
            110.5605358,
            -7.0393959
          ],
          [
            110.5600923,
            -7.0392251
          ],
          [
            110.5598548,
            -7.0391338
          ],
          [
            110.5596991,
            -7.039074
          ],
          [
            110.5595586,
            -7.0390201
          ],
          [
            110.5593546,
            -7.0389424
          ],
          [
            110.5579134,
            -7.0383936
          ],
          [
            110.5567214,
            -7.0379486
          ],
          [
            110.5554873,
            -7.0374518
          ],
          [
            110.5546098,
            -7.0371013
          ],
          [
            110.5539008,
            -7.0368317
          ],
          [
            110.5535413,
            -7.036666
          ],
          [
            110.5534101,
            -7.036649
          ],
          [
            110.5520678,
            -7.0361332
          ],
          [
            110.550956,
            -7.035706
          ],
          [
            110.5508441,
            -7.0356631
          ],
          [
            110.5506063,
            -7.0355731
          ],
          [
            110.5499992,
            -7.0353857
          ],
          [
            110.5499752,
            -7.0353776
          ],
          [
            110.5497704,
            -7.03531
          ],
          [
            110.549353,
            -7.0351603
          ],
          [
            110.5492514,
            -7.0351147
          ],
          [
            110.5490223,
            -7.0350133
          ],
          [
            110.5488431,
            -7.034934
          ],
          [
            110.5485897,
            -7.0348219
          ],
          [
            110.5484634,
            -7.0347759
          ],
          [
            110.5442522,
            -7.0332407
          ],
          [
            110.544034,
            -7.0331638
          ],
          [
            110.5433285,
            -7.0329168
          ]
        ]
      }
    },
    {
      "type": "Feature",
      "properties": {
        "id": 664074888,
        "name": "Jalan Raya Bandungrejo",
        "type": "primary",
        "kecamatan": "Mranggen"
      },
      "geometry": {
        "type": "LineString",
        "coordinates": [
          [
            110.5305143,
            -7.0288717
          ],
          [
            110.5300993,
            -7.0288411
          ],
          [
            110.5297336,
            -7.0287304
          ],
          [
            110.5294861,
            -7.0286505
          ],
          [
            110.5294125,
            -7.0286296
          ],
          [
            110.5293041,
            -7.0285943
          ],
          [
            110.5289041,
            -7.0284646
          ],
          [
            110.5282969,
            -7.0282771
          ],
          [
            110.5279369,
            -7.0281617
          ],
          [
            110.5277869,
            -7.0281129
          ],
          [
            110.5277082,
            -7.028044
          ]
        ]
      }
    },
    {
      "type": "Feature",
      "properties": {
        "id": 664575817,
        "name": "",
        "type": "tertiary",
        "kecamatan": "Kebonagung"
      },
      "geometry": {
        "type": "LineString",
        "coordinates": [
          [
            110.7246653,
            -7.0038254
          ],
          [
            110.7246981,
            -7.003691
          ]
        ]
      }
    },
    {
      "type": "Feature",
      "properties": {
        "id": 664575818,
        "name": "",
        "type": "tertiary",
        "kecamatan": "Kebonagung"
      },
      "geometry": {
        "type": "LineString",
        "coordinates": [
          [
            110.7232434,
            -7.0094606
          ],
          [
            110.7232892,
            -7.009388
          ],
          [
            110.7234035,
            -7.0090327
          ],
          [
            110.7235449,
            -7.0085987
          ],
          [
            110.7236101,
            -7.0083601
          ],
          [
            110.7237771,
            -7.0078868
          ],
          [
            110.7239058,
            -7.0074332
          ],
          [
            110.7240398,
            -7.0069324
          ],
          [
            110.7240473,
            -7.0069019
          ],
          [
            110.7242454,
            -7.0061612
          ],
          [
            110.7244205,
            -7.0053573
          ],
          [
            110.7244302,
            -7.0053147
          ],
          [
            110.7245247,
            -7.0047071
          ],
          [
            110.7245683,
            -7.0043892
          ],
          [
            110.7246035,
            -7.0041694
          ],
          [
            110.7246207,
            -7.0040838
          ],
          [
            110.7246653,
            -7.0038254
          ]
        ]
      }
    },
    {
      "type": "Feature",
      "properties": {
        "id": 664948721,
        "name": "Jalan Raya Bandungrejo",
        "type": "primary",
        "kecamatan": "Mranggen"
      },
      "geometry": {
        "type": "LineString",
        "coordinates": [
          [
            110.51095,
            -7.0246428
          ],
          [
            110.5117368,
            -7.0248581
          ],
          [
            110.5123255,
            -7.0250411
          ],
          [
            110.512455,
            -7.0250844
          ],
          [
            110.512546,
            -7.0251106
          ],
          [
            110.5128439,
            -7.0251962
          ],
          [
            110.5130987,
            -7.0252707
          ],
          [
            110.5134279,
            -7.0253679
          ],
          [
            110.5137079,
            -7.0254365
          ],
          [
            110.5140804,
            -7.0255236
          ],
          [
            110.5141343,
            -7.0255335
          ],
          [
            110.5146906,
            -7.0256354
          ],
          [
            110.5152324,
            -7.0257379
          ],
          [
            110.5155395,
            -7.0258005
          ],
          [
            110.5157782,
            -7.0258484
          ],
          [
            110.5159573,
            -7.0258816
          ],
          [
            110.5163133,
            -7.0259455
          ],
          [
            110.516428,
            -7.0259648
          ],
          [
            110.5169758,
            -7.0260554
          ],
          [
            110.517126,
            -7.026082
          ],
          [
            110.5171835,
            -7.0260904
          ],
          [
            110.5173694,
            -7.0261152
          ],
          [
            110.517575,
            -7.0261483
          ],
          [
            110.5176631,
            -7.0261625
          ],
          [
            110.5178073,
            -7.0261898
          ],
          [
            110.5179213,
            -7.0262464
          ]
        ]
      }
    },
    {
      "type": "Feature",
      "properties": {
        "id": 664966733,
        "name": "Jalan Raya Bandungrejo",
        "type": "primary",
        "kecamatan": "Mranggen"
      },
      "geometry": {
        "type": "LineString",
        "coordinates": [
          [
            110.5277082,
            -7.028044
          ],
          [
            110.5269072,
            -7.0278039
          ],
          [
            110.5266975,
            -7.0277584
          ],
          [
            110.5264986,
            -7.027725
          ],
          [
            110.5262885,
            -7.0276852
          ],
          [
            110.5255643,
            -7.0275601
          ],
          [
            110.5252407,
            -7.0274958
          ],
          [
            110.5250499,
            -7.0274568
          ],
          [
            110.5247902,
            -7.0274115
          ],
          [
            110.5244385,
            -7.0273697
          ],
          [
            110.524309,
            -7.0273448
          ],
          [
            110.5242532,
            -7.027337
          ],
          [
            110.5241914,
            -7.0273268
          ],
          [
            110.5239469,
            -7.0272819
          ],
          [
            110.5236853,
            -7.0272334
          ],
          [
            110.5234914,
            -7.0272098
          ],
          [
            110.5233324,
            -7.0271874
          ],
          [
            110.5231124,
            -7.0271572
          ],
          [
            110.5224096,
            -7.0270408
          ],
          [
            110.5222048,
            -7.0270037
          ],
          [
            110.5218042,
            -7.0269267
          ],
          [
            110.5209488,
            -7.0267845
          ],
          [
            110.5204465,
            -7.0266912
          ]
        ]
      }
    },
    {
      "type": "Feature",
      "properties": {
        "id": 664966734,
        "name": "Jalan Raya Bandungrejo",
        "type": "primary",
        "kecamatan": "Mranggen"
      },
      "geometry": {
        "type": "LineString",
        "coordinates": [
          [
            110.5078295,
            -7.0238013
          ],
          [
            110.5077316,
            -7.023772
          ],
          [
            110.5074272,
            -7.0236801
          ],
          [
            110.5072193,
            -7.0236176
          ],
          [
            110.5070653,
            -7.0235737
          ],
          [
            110.506835,
            -7.0235018
          ],
          [
            110.5059855,
            -7.0232808
          ],
          [
            110.5056239,
            -7.0231749
          ],
          [
            110.5054269,
            -7.0231203
          ],
          [
            110.5052733,
            -7.0230705
          ],
          [
            110.5050972,
            -7.0230208
          ],
          [
            110.5046363,
            -7.0228908
          ],
          [
            110.5045076,
            -7.0228549
          ],
          [
            110.50412,
            -7.0227298
          ],
          [
            110.5037257,
            -7.0226206
          ],
          [
            110.5027674,
            -7.0223344
          ],
          [
            110.5023713,
            -7.0222317
          ],
          [
            110.5023205,
            -7.0222185
          ],
          [
            110.502143,
            -7.0221739
          ]
        ]
      }
    },
    {
      "type": "Feature",
      "properties": {
        "id": 665230745,
        "name": "",
        "type": "tertiary",
        "kecamatan": "Sayung"
      },
      "geometry": {
        "type": "LineString",
        "coordinates": [
          [
            110.5432389,
            -6.9619896
          ],
          [
            110.5432281,
            -6.9620149
          ],
          [
            110.5431582,
            -6.96219
          ],
          [
            110.5431085,
            -6.9623138
          ],
          [
            110.5430496,
            -6.9624363
          ],
          [
            110.5427518,
            -6.9629514
          ],
          [
            110.5426982,
            -6.9630486
          ],
          [
            110.5424595,
            -6.963464
          ],
          [
            110.5422208,
            -6.96383
          ],
          [
            110.5418048,
            -6.9645476
          ],
          [
            110.5412096,
            -6.9656292
          ],
          [
            110.5411439,
            -6.9657483
          ],
          [
            110.5407979,
            -6.9663833
          ],
          [
            110.5405551,
            -6.9668878
          ],
          [
            110.5403875,
            -6.9673111
          ],
          [
            110.540197,
            -6.9677304
          ],
          [
            110.5400576,
            -6.9680114
          ],
          [
            110.5397022,
            -6.9688101
          ],
          [
            110.5394568,
            -6.9693266
          ],
          [
            110.5392405,
            -6.9698995
          ],
          [
            110.5391268,
            -6.9703263
          ],
          [
            110.5390839,
            -6.9704727
          ],
          [
            110.5390196,
            -6.9707936
          ],
          [
            110.5389914,
            -6.970936
          ],
          [
            110.5389619,
            -6.9710425
          ],
          [
            110.5389029,
            -6.9711703
          ],
          [
            110.5387942,
            -6.971346
          ],
          [
            110.5387084,
            -6.9714658
          ],
          [
            110.538573,
            -6.9716615
          ],
          [
            110.5384201,
            -6.9718638
          ],
          [
            110.5380888,
            -6.9722845
          ],
          [
            110.5377536,
            -6.9727145
          ],
          [
            110.537551,
            -6.9729434
          ],
          [
            110.5373204,
            -6.9731684
          ],
          [
            110.5372238,
            -6.9732682
          ],
          [
            110.5371594,
            -6.9733548
          ],
          [
            110.5369382,
            -6.9736822
          ],
          [
            110.5367799,
            -6.9738992
          ],
          [
            110.5364226,
            -6.9745018
          ],
          [
            110.5363867,
            -6.9745612
          ],
          [
            110.5363434,
            -6.9746327
          ],
          [
            110.5361281,
            -6.9750061
          ],
          [
            110.5360913,
            -6.97506
          ],
          [
            110.5360578,
            -6.9751004
          ],
          [
            110.5359927,
            -6.9751572
          ],
          [
            110.5359357,
            -6.9752011
          ],
          [
            110.5357707,
            -6.9753009
          ],
          [
            110.5357298,
            -6.9753302
          ],
          [
            110.5356909,
            -6.9753662
          ],
          [
            110.5356413,
            -6.9754181
          ],
          [
            110.5355729,
            -6.9755053
          ],
          [
            110.5354998,
            -6.9756164
          ],
          [
            110.5354334,
            -6.9757183
          ],
          [
            110.5353443,
            -6.9758481
          ],
          [
            110.535249,
            -6.9759692
          ],
          [
            110.5351773,
            -6.9760591
          ],
          [
            110.5350871,
            -6.9761735
          ],
          [
            110.5350398,
            -6.9762354
          ],
          [
            110.5349962,
            -6.976293
          ],
          [
            110.5349275,
            -6.9763912
          ],
          [
            110.5348561,
            -6.976511
          ],
          [
            110.5347783,
            -6.9766488
          ],
          [
            110.5346784,
            -6.9768132
          ],
          [
            110.5345067,
            -6.9770568
          ],
          [
            110.5344296,
            -6.9771533
          ],
          [
            110.5343659,
            -6.9772235
          ],
          [
            110.5343113,
            -6.9772684
          ],
          [
            110.5342526,
            -6.9773077
          ],
          [
            110.5341953,
            -6.977343
          ],
          [
            110.5341406,
            -6.9773736
          ],
          [
            110.5340622,
            -6.9774282
          ],
          [
            110.5340159,
            -6.9774678
          ],
          [
            110.533982,
            -6.9775057
          ],
          [
            110.5339368,
            -6.9775766
          ],
          [
            110.5338871,
            -6.9776585
          ],
          [
            110.5338369,
            -6.9777383
          ],
          [
            110.533751,
            -6.9778734
          ],
          [
            110.5336558,
            -6.9780218
          ],
          [
            110.5336243,
            -6.9780764
          ],
          [
            110.5335619,
            -6.9781829
          ],
          [
            110.5335197,
            -6.9782528
          ],
          [
            110.5334372,
            -6.9784006
          ],
          [
            110.5333842,
            -6.9784958
          ],
          [
            110.5332877,
            -6.9786841
          ],
          [
            110.5332092,
            -6.9788419
          ],
          [
            110.5331757,
            -6.9789157
          ],
          [
            110.5331341,
            -6.9790096
          ],
          [
            110.5331086,
            -6.9790742
          ],
          [
            110.5330832,
            -6.9791527
          ],
          [
            110.5330557,
            -6.9792665
          ],
          [
            110.5330262,
            -6.9793856
          ],
          [
            110.5329383,
            -6.9797531
          ],
          [
            110.5329001,
            -6.9799055
          ],
          [
            110.5328438,
            -6.9800373
          ],
          [
            110.5327841,
            -6.9801597
          ],
          [
            110.5327278,
            -6.9802735
          ],
          [
            110.532662,
            -6.9803807
          ],
          [
            110.5325876,
            -6.9804799
          ],
          [
            110.53254,
            -6.9805497
          ]
        ]
      }
    },
    {
      "type": "Feature",
      "properties": {
        "id": 665468580,
        "name": "",
        "type": "primary",
        "kecamatan": "Mranggen"
      },
      "geometry": {
        "type": "LineString",
        "coordinates": [
          [
            110.4989045,
            -7.0210706
          ],
          [
            110.4992109,
            -7.0211685
          ]
        ]
      }
    },
    {
      "type": "Feature",
      "properties": {
        "id": 665468581,
        "name": "",
        "type": "primary",
        "kecamatan": "Mranggen"
      },
      "geometry": {
        "type": "LineString",
        "coordinates": [
          [
            110.4992109,
            -7.0211685
          ],
          [
            110.4993396,
            -7.0212157
          ],
          [
            110.4994859,
            -7.0213187
          ]
        ]
      }
    },
    {
      "type": "Feature",
      "properties": {
        "id": 665479521,
        "name": "Jalan Brigadir Jenderal Sudiarto",
        "type": "primary",
        "kecamatan": "Mranggen"
      },
      "geometry": {
        "type": "LineString",
        "coordinates": [
          [
            110.4994859,
            -7.0213187
          ],
          [
            110.4993128,
            -7.0212962
          ],
          [
            110.4991709,
            -7.0212456
          ]
        ]
      }
    },
    {
      "type": "Feature",
      "properties": {
        "id": 667355559,
        "name": "",
        "type": "secondary",
        "kecamatan": "Wedung"
      },
      "geometry": {
        "type": "LineString",
        "coordinates": [
          [
            110.6201662,
            -6.814578
          ],
          [
            110.6201986,
            -6.8145028
          ]
        ]
      }
    },
    {
      "type": "Feature",
      "properties": {
        "id": 667355561,
        "name": "",
        "type": "secondary",
        "kecamatan": "Wedung"
      },
      "geometry": {
        "type": "LineString",
        "coordinates": [
          [
            110.6200102,
            -6.8148801
          ],
          [
            110.6201662,
            -6.814578
          ]
        ]
      }
    },
    {
      "type": "Feature",
      "properties": {
        "id": 667397107,
        "name": "",
        "type": "secondary",
        "kecamatan": "Mranggen"
      },
      "geometry": {
        "type": "LineString",
        "coordinates": [
          [
            110.5130766,
            -7.0253459
          ],
          [
            110.5130987,
            -7.0252707
          ]
        ]
      }
    },
    {
      "type": "Feature",
      "properties": {
        "id": 667399014,
        "name": "",
        "type": "secondary",
        "kecamatan": "Karangtengah"
      },
      "geometry": {
        "type": "LineString",
        "coordinates": [
          [
            110.5976193,
            -6.9204848
          ],
          [
            110.5976193,
            -6.9204502
          ],
          [
            110.5976185,
            -6.920116
          ],
          [
            110.5976181,
            -6.9199549
          ],
          [
            110.5976088,
            -6.9193314
          ]
        ]
      }
    },
    {
      "type": "Feature",
      "properties": {
        "id": 667399015,
        "name": "",
        "type": "secondary",
        "kecamatan": "Karangtengah"
      },
      "geometry": {
        "type": "LineString",
        "coordinates": [
          [
            110.5976177,
            -6.9205708
          ],
          [
            110.5976193,
            -6.9204848
          ]
        ]
      }
    },
    {
      "type": "Feature",
      "properties": {
        "id": 667620272,
        "name": "",
        "type": "tertiary",
        "kecamatan": "Wonosalam"
      },
      "geometry": {
        "type": "LineString",
        "coordinates": [
          [
            110.68277,
            -6.940757
          ],
          [
            110.6828309,
            -6.9406964
          ]
        ]
      }
    },
    {
      "type": "Feature",
      "properties": {
        "id": 667620273,
        "name": "",
        "type": "tertiary",
        "kecamatan": "Wonosalam"
      },
      "geometry": {
        "type": "LineString",
        "coordinates": [
          [
            110.6824946,
            -6.9410275
          ],
          [
            110.6826119,
            -6.940915
          ],
          [
            110.68277,
            -6.940757
          ]
        ]
      }
    },
    {
      "type": "Feature",
      "properties": {
        "id": 667623694,
        "name": "",
        "type": "secondary",
        "kecamatan": "Wedung"
      },
      "geometry": {
        "type": "LineString",
        "coordinates": [
          [
            110.6133223,
            -6.7969332
          ],
          [
            110.6134086,
            -6.7968267
          ]
        ]
      }
    },
    {
      "type": "Feature",
      "properties": {
        "id": 667623698,
        "name": "",
        "type": "secondary",
        "kecamatan": "Wedung"
      },
      "geometry": {
        "type": "LineString",
        "coordinates": [
          [
            110.6117987,
            -6.7976643
          ],
          [
            110.6119147,
            -6.7975623
          ]
        ]
      }
    },
    {
      "type": "Feature",
      "properties": {
        "id": 667631498,
        "name": "",
        "type": "secondary",
        "kecamatan": "Wedung"
      },
      "geometry": {
        "type": "LineString",
        "coordinates": [
          [
            110.6248231,
            -6.7762366
          ],
          [
            110.6253414,
            -6.7753214
          ]
        ]
      }
    },
    {
      "type": "Feature",
      "properties": {
        "id": 667631499,
        "name": "",
        "type": "secondary",
        "kecamatan": "Wedung"
      },
      "geometry": {
        "type": "LineString",
        "coordinates": [
          [
            110.6245394,
            -6.7766266
          ],
          [
            110.6245646,
            -6.7765936
          ],
          [
            110.6246697,
            -6.7764596
          ],
          [
            110.6248231,
            -6.7762366
          ]
        ]
      }
    },
    {
      "type": "Feature",
      "properties": {
        "id": 667712743,
        "name": "",
        "type": "tertiary",
        "kecamatan": "Bonang"
      },
      "geometry": {
        "type": "LineString",
        "coordinates": [
          [
            110.5608219,
            -6.8300057
          ],
          [
            110.5607817,
            -6.82983
          ]
        ]
      }
    },
    {
      "type": "Feature",
      "properties": {
        "id": 667712744,
        "name": "",
        "type": "tertiary",
        "kecamatan": "Bonang"
      },
      "geometry": {
        "type": "LineString",
        "coordinates": [
          [
            110.5605027,
            -6.8323134
          ],
          [
            110.5605932,
            -6.8320805
          ],
          [
            110.5606744,
            -6.8318646
          ],
          [
            110.5607394,
            -6.8316621
          ],
          [
            110.5608213,
            -6.8313321
          ],
          [
            110.5608869,
            -6.831002
          ],
          [
            110.560897,
            -6.8303626
          ],
          [
            110.5608729,
            -6.8302214
          ],
          [
            110.5608219,
            -6.8300057
          ]
        ]
      }
    },
    {
      "type": "Feature",
      "properties": {
        "id": 667712745,
        "name": "",
        "type": "tertiary",
        "kecamatan": "Bonang"
      },
      "geometry": {
        "type": "LineString",
        "coordinates": [
          [
            110.5607817,
            -6.82983
          ],
          [
            110.560773,
            -6.8297423
          ],
          [
            110.560752,
            -6.8296934
          ],
          [
            110.5607221,
            -6.8296311
          ],
          [
            110.5606314,
            -6.8295923
          ],
          [
            110.5603458,
            -6.8296169
          ],
          [
            110.5599301,
            -6.8297687
          ],
          [
            110.5595317,
            -6.8299528
          ],
          [
            110.5591254,
            -6.830067
          ],
          [
            110.5587157,
            -6.8301422
          ],
          [
            110.5578245,
            -6.8302055
          ],
          [
            110.5573444,
            -6.8302015
          ],
          [
            110.5565166,
            -6.8300334
          ],
          [
            110.5560107,
            -6.8299209
          ],
          [
            110.5551758,
            -6.8300563
          ],
          [
            110.5546531,
            -6.8300983
          ],
          [
            110.5542384,
            -6.8301009
          ],
          [
            110.5537158,
            -6.8300334
          ],
          [
            110.5534153,
            -6.8299814
          ],
          [
            110.5531642,
            -6.8299153
          ],
          [
            110.5527525,
            -6.8297667
          ],
          [
            110.5510151,
            -6.8291259
          ],
          [
            110.5501051,
            -6.828557
          ],
          [
            110.5491891,
            -6.828011
          ],
          [
            110.5487171,
            -6.8278236
          ],
          [
            110.5478099,
            -6.827509
          ],
          [
            110.5475125,
            -6.8273179
          ],
          [
            110.5468664,
            -6.8268099
          ],
          [
            110.546222,
            -6.8262347
          ],
          [
            110.5459384,
            -6.8259533
          ],
          [
            110.5453804,
            -6.8256238
          ],
          [
            110.5448359,
            -6.8253129
          ],
          [
            110.543804,
            -6.8243759
          ],
          [
            110.5437783,
            -6.8242792
          ],
          [
            110.543819,
            -6.8241284
          ],
          [
            110.5445535,
            -6.8225571
          ],
          [
            110.5450378,
            -6.821521
          ]
        ]
      }
    },
    {
      "type": "Feature",
      "properties": {
        "id": 667712746,
        "name": "",
        "type": "tertiary",
        "kecamatan": "Bonang"
      },
      "geometry": {
        "type": "LineString",
        "coordinates": [
          [
            110.5603954,
            -6.8325171
          ],
          [
            110.5605027,
            -6.8323134
          ]
        ]
      }
    },
    {
      "type": "Feature",
      "properties": {
        "id": 667724147,
        "name": "",
        "type": "tertiary",
        "kecamatan": "Bonang"
      },
      "geometry": {
        "type": "LineString",
        "coordinates": [
          [
            110.5647427,
            -6.8353135
          ],
          [
            110.564693,
            -6.8352363
          ],
          [
            110.564575,
            -6.8351298
          ],
          [
            110.5644463,
            -6.8350659
          ],
          [
            110.5640064,
            -6.8348955
          ],
          [
            110.5638294,
            -6.8348422
          ],
          [
            110.5636416,
            -6.8348156
          ],
          [
            110.5634236,
            -6.8348074
          ],
          [
            110.5632466,
            -6.8348287
          ],
          [
            110.5630937,
            -6.8348793
          ],
          [
            110.5629742,
            -6.8349042
          ],
          [
            110.5629167,
            -6.8349379
          ],
          [
            110.5627263,
            -6.8350684
          ],
          [
            110.5625787,
            -6.8351589
          ],
          [
            110.5621684,
            -6.8354119
          ],
          [
            110.5620086,
            -6.8355009
          ],
          [
            110.5619913,
            -6.8355105
          ],
          [
            110.5618384,
            -6.8355584
          ],
          [
            110.5616587,
            -6.8355904
          ],
          [
            110.5615085,
            -6.835593
          ],
          [
            110.5613288,
            -6.8355211
          ],
          [
            110.5611901,
            -6.8354547
          ],
          [
            110.5608843,
            -6.8351458
          ],
          [
            110.5607361,
            -6.8349699
          ],
          [
            110.5605161,
            -6.8346237
          ],
          [
            110.5603445,
            -6.8342854
          ],
          [
            110.5602674,
            -6.8340646
          ],
          [
            110.560235,
            -6.8339538
          ],
          [
            110.5601654,
            -6.8337157
          ],
          [
            110.5601406,
            -6.833625
          ],
          [
            110.5601406,
            -6.8334279
          ],
          [
            110.5601513,
            -6.8332974
          ],
          [
            110.5601621,
            -6.8332015
          ],
          [
            110.5601916,
            -6.8329805
          ],
          [
            110.5602586,
            -6.8327967
          ],
          [
            110.5602996,
            -6.8326651
          ],
          [
            110.5603954,
            -6.8325171
          ]
        ]
      }
    },
    {
      "type": "Feature",
      "properties": {
        "id": 667724148,
        "name": "",
        "type": "tertiary",
        "kecamatan": "Bonang"
      },
      "geometry": {
        "type": "LineString",
        "coordinates": [
          [
            110.5647801,
            -6.8354547
          ],
          [
            110.5647427,
            -6.8353135
          ]
        ]
      }
    },
    {
      "type": "Feature",
      "properties": {
        "id": 668213976,
        "name": "",
        "type": "secondary",
        "kecamatan": "Dempet"
      },
      "geometry": {
        "type": "LineString",
        "coordinates": [
          [
            110.6972231,
            -6.9872703
          ],
          [
            110.6972323,
            -6.9871687
          ]
        ]
      }
    },
    {
      "type": "Feature",
      "properties": {
        "id": 668213977,
        "name": "",
        "type": "secondary",
        "kecamatan": "Kebonagung"
      },
      "geometry": {
        "type": "LineString",
        "coordinates": [
          [
            110.694422,
            -7.0132809
          ],
          [
            110.6944255,
            -7.0132599
          ],
          [
            110.6945287,
            -7.0125918
          ],
          [
            110.6945441,
            -7.0124513
          ],
          [
            110.6945497,
            -7.0124143
          ],
          [
            110.6945702,
            -7.0122869
          ],
          [
            110.6945977,
            -7.0121046
          ],
          [
            110.6946246,
            -7.0119229
          ],
          [
            110.6946541,
            -7.0117685
          ],
          [
            110.6947752,
            -7.0111002
          ],
          [
            110.6949549,
            -7.0101104
          ],
          [
            110.6950635,
            -7.0093737
          ],
          [
            110.6951101,
            -7.0090576
          ],
          [
            110.6952131,
            -7.0084003
          ],
          [
            110.69533,
            -7.0076475
          ],
          [
            110.6953736,
            -7.0073354
          ],
          [
            110.6953968,
            -7.0071698
          ],
          [
            110.6954809,
            -7.0066465
          ],
          [
            110.6955291,
            -7.006363
          ],
          [
            110.6955801,
            -7.0060182
          ],
          [
            110.6956369,
            -7.005681
          ],
          [
            110.6956431,
            -7.0056384
          ],
          [
            110.6957142,
            -7.005153
          ],
          [
            110.6957887,
            -7.0047403
          ],
          [
            110.6958011,
            -7.0046718
          ],
          [
            110.6959101,
            -7.0039635
          ],
          [
            110.6959973,
            -7.0032449
          ],
          [
            110.6960346,
            -7.0028515
          ],
          [
            110.6960852,
            -7.0024618
          ],
          [
            110.6961008,
            -7.0023046
          ],
          [
            110.6961662,
            -7.0017174
          ],
          [
            110.6962077,
            -7.0013288
          ],
          [
            110.6962278,
            -7.0011704
          ],
          [
            110.6962612,
            -7.0008369
          ],
          [
            110.6963137,
            -7.0004063
          ],
          [
            110.6963553,
            -7.0000407
          ],
          [
            110.6963896,
            -6.9998321
          ],
          [
            110.6964292,
            -6.9994822
          ],
          [
            110.6964386,
            -6.9993924
          ],
          [
            110.6964534,
            -6.9992219
          ],
          [
            110.6964669,
            -6.9990186
          ],
          [
            110.6964757,
            -6.9989106
          ],
          [
            110.6964967,
            -6.9987275
          ],
          [
            110.696525,
            -6.9983018
          ],
          [
            110.6965488,
            -6.998024
          ],
          [
            110.69658,
            -6.9975069
          ],
          [
            110.6965846,
            -6.9974392
          ],
          [
            110.6966078,
            -6.9971816
          ],
          [
            110.6966308,
            -6.9969273
          ],
          [
            110.6966355,
            -6.9968749
          ],
          [
            110.6966597,
            -6.9966126
          ],
          [
            110.6966959,
            -6.9961574
          ],
          [
            110.69672,
            -6.9958632
          ],
          [
            110.6967348,
            -6.995589
          ],
          [
            110.6967602,
            -6.9952962
          ],
          [
            110.6967861,
            -6.994696
          ]
        ]
      }
    },
    {
      "type": "Feature",
      "properties": {
        "id": 668219263,
        "name": "",
        "type": "secondary",
        "kecamatan": "Wedung"
      },
      "geometry": {
        "type": "LineString",
        "coordinates": [
          [
            110.6244917,
            -6.7766892
          ],
          [
            110.624513,
            -6.7766607
          ]
        ]
      }
    },
    {
      "type": "Feature",
      "properties": {
        "id": 668219266,
        "name": "",
        "type": "secondary",
        "kecamatan": "Wedung"
      },
      "geometry": {
        "type": "LineString",
        "coordinates": [
          [
            110.6206901,
            -6.7811393
          ],
          [
            110.6207491,
            -6.7810554
          ]
        ]
      }
    },
    {
      "type": "Feature",
      "properties": {
        "id": 668227912,
        "name": "",
        "type": "primary",
        "kecamatan": "Kebonagung"
      },
      "geometry": {
        "type": "LineString",
        "coordinates": [
          [
            110.6936569,
            -7.0182149
          ],
          [
            110.6934839,
            -7.0182495
          ]
        ]
      }
    },
    {
      "type": "Feature",
      "properties": {
        "id": 668229867,
        "name": "",
        "type": "primary",
        "kecamatan": "Karangawen"
      },
      "geometry": {
        "type": "LineString",
        "coordinates": [
          [
            110.563319,
            -7.0404496
          ],
          [
            110.5631903,
            -7.0404043
          ]
        ]
      }
    },
    {
      "type": "Feature",
      "properties": {
        "id": 668229868,
        "name": "",
        "type": "primary",
        "kecamatan": "Karangawen"
      },
      "geometry": {
        "type": "LineString",
        "coordinates": [
          [
            110.5631903,
            -7.0404043
          ],
          [
            110.5631325,
            -7.0403787
          ],
          [
            110.5625301,
            -7.0401559
          ],
          [
            110.5616821,
            -7.0398376
          ],
          [
            110.5614817,
            -7.0397601
          ]
        ]
      }
    },
    {
      "type": "Feature",
      "properties": {
        "id": 668433893,
        "name": "",
        "type": "tertiary",
        "kecamatan": "Demak"
      },
      "geometry": {
        "type": "LineString",
        "coordinates": [
          [
            110.6483699,
            -6.8817285
          ],
          [
            110.6484001,
            -6.8816805
          ],
          [
            110.6485496,
            -6.8814329
          ],
          [
            110.6487709,
            -6.8810933
          ],
          [
            110.648899,
            -6.8808656
          ],
          [
            110.6490169,
            -6.8805474
          ],
          [
            110.6491899,
            -6.8801054
          ],
          [
            110.6494716,
            -6.8793425
          ],
          [
            110.6497639,
            -6.8788699
          ],
          [
            110.6499393,
            -6.8786295
          ],
          [
            110.6502467,
            -6.8783958
          ],
          [
            110.6503029,
            -6.8775233
          ],
          [
            110.6503796,
            -6.8766421
          ]
        ]
      }
    },
    {
      "type": "Feature",
      "properties": {
        "id": 668433895,
        "name": "",
        "type": "tertiary",
        "kecamatan": "Demak"
      },
      "geometry": {
        "type": "LineString",
        "coordinates": [
          [
            110.6506687,
            -6.8765691
          ],
          [
            110.650655,
            -6.8766329
          ]
        ]
      }
    },
    {
      "type": "Feature",
      "properties": {
        "id": 669045871,
        "name": "",
        "type": "tertiary",
        "kecamatan": "Demak"
      },
      "geometry": {
        "type": "LineString",
        "coordinates": [
          [
            110.6472199,
            -6.8877838
          ],
          [
            110.6472387,
            -6.887901
          ],
          [
            110.6472722,
            -6.8883729
          ],
          [
            110.6472837,
            -6.8885421
          ],
          [
            110.6473013,
            -6.8888013
          ],
          [
            110.6473057,
            -6.8889748
          ],
          [
            110.6473131,
            -6.8894547
          ],
          [
            110.6473084,
            -6.8895073
          ],
          [
            110.6473003,
            -6.8895493
          ],
          [
            110.6472896,
            -6.8896065
          ],
          [
            110.6472581,
            -6.8896764
          ],
          [
            110.6472199,
            -6.8897403
          ],
          [
            110.6471441,
            -6.8898648
          ],
          [
            110.6469919,
            -6.8900878
          ],
          [
            110.6468631,
            -6.8902629
          ],
          [
            110.646746,
            -6.890401
          ],
          [
            110.646674,
            -6.8904986
          ],
          [
            110.6466315,
            -6.8905468
          ],
          [
            110.646554,
            -6.8906151
          ],
          [
            110.6464791,
            -6.890666
          ],
          [
            110.6464416,
            -6.8906912
          ],
          [
            110.6464078,
            -6.8907116
          ]
        ]
      }
    },
    {
      "type": "Feature",
      "properties": {
        "id": 669045872,
        "name": "",
        "type": "tertiary",
        "kecamatan": "Demak"
      },
      "geometry": {
        "type": "LineString",
        "coordinates": [
          [
            110.6471968,
            -6.8875803
          ],
          [
            110.6472199,
            -6.8877838
          ]
        ]
      }
    },
    {
      "type": "Feature",
      "properties": {
        "id": 669045873,
        "name": "Jalan Sultan Fattah",
        "type": "secondary",
        "kecamatan": "Demak"
      },
      "geometry": {
        "type": "LineString",
        "coordinates": [
          [
            110.6404802,
            -6.8916316
          ],
          [
            110.6405452,
            -6.8915285
          ]
        ]
      }
    },
    {
      "type": "Feature",
      "properties": {
        "id": 669045874,
        "name": "Jalan Sultan Fattah",
        "type": "secondary",
        "kecamatan": "Demak"
      },
      "geometry": {
        "type": "LineString",
        "coordinates": [
          [
            110.6404177,
            -6.8917256
          ],
          [
            110.6404296,
            -6.8917007
          ],
          [
            110.6404802,
            -6.8916316
          ]
        ]
      }
    },
    {
      "type": "Feature",
      "properties": {
        "id": 669135883,
        "name": "Jalan Raya Bandungrejo",
        "type": "primary",
        "kecamatan": "Karangawen"
      },
      "geometry": {
        "type": "LineString",
        "coordinates": [
          [
            110.5433285,
            -7.0329168
          ],
          [
            110.543292,
            -7.0329028
          ]
        ]
      }
    },
    {
      "type": "Feature",
      "properties": {
        "id": 669135884,
        "name": "Jalan Raya Bandungrejo",
        "type": "primary",
        "kecamatan": "Mranggen"
      },
      "geometry": {
        "type": "LineString",
        "coordinates": [
          [
            110.543292,
            -7.0329028
          ],
          [
            110.5432786,
            -7.0328976
          ],
          [
            110.5424541,
            -7.0325927
          ],
          [
            110.5420472,
            -7.0324462
          ],
          [
            110.5416675,
            -7.0323095
          ],
          [
            110.5411549,
            -7.0321249
          ],
          [
            110.5407241,
            -7.0319698
          ],
          [
            110.5399514,
            -7.0317268
          ],
          [
            110.5392469,
            -7.0314912
          ],
          [
            110.5389689,
            -7.0313898
          ],
          [
            110.5389063,
            -7.031367
          ],
          [
            110.5386858,
            -7.0312927
          ],
          [
            110.5379269,
            -7.0310726
          ],
          [
            110.5375297,
            -7.0309574
          ],
          [
            110.5373835,
            -7.030915
          ],
          [
            110.5371896,
            -7.0308588
          ],
          [
            110.5366959,
            -7.0307156
          ],
          [
            110.5364888,
            -7.0306555
          ],
          [
            110.5360013,
            -7.0305141
          ],
          [
            110.5357348,
            -7.0304337
          ],
          [
            110.5354696,
            -7.0303536
          ],
          [
            110.5349801,
            -7.0302099
          ],
          [
            110.5345571,
            -7.0300857
          ],
          [
            110.5339277,
            -7.0299009
          ],
          [
            110.5334878,
            -7.0297718
          ],
          [
            110.5331826,
            -7.0296822
          ],
          [
            110.5329922,
            -7.0296263
          ]
        ]
      }
    },
    {
      "type": "Feature",
      "properties": {
        "id": 684048103,
        "name": "",
        "type": "secondary",
        "kecamatan": "Demak"
      },
      "geometry": {
        "type": "LineString",
        "coordinates": [
          [
            110.6403795,
            -6.8743229
          ],
          [
            110.6408334,
            -6.8738748
          ]
        ]
      }
    },
    {
      "type": "Feature",
      "properties": {
        "id": 691320738,
        "name": "Jalan Dempet - Gajah",
        "type": "secondary",
        "kecamatan": "Gajah"
      },
      "geometry": {
        "type": "LineString",
        "coordinates": [
          [
            110.7146519,
            -6.9214423
          ],
          [
            110.7147673,
            -6.9211628
          ],
          [
            110.714902,
            -6.9208587
          ],
          [
            110.7151149,
            -6.9203648
          ],
          [
            110.7155075,
            -6.919488
          ],
          [
            110.7155907,
            -6.9192776
          ],
          [
            110.7157758,
            -6.9188356
          ],
          [
            110.7158911,
            -6.9185773
          ],
          [
            110.7160577,
            -6.9181926
          ],
          [
            110.7163017,
            -6.9176213
          ],
          [
            110.716667,
            -6.9167631
          ],
          [
            110.7169726,
            -6.9160242
          ],
          [
            110.7171532,
            -6.9156337
          ],
          [
            110.7173396,
            -6.9152116
          ],
          [
            110.7175929,
            -6.9146457
          ],
          [
            110.7177727,
            -6.9142238
          ],
          [
            110.7179401,
            -6.9138436
          ],
          [
            110.7181001,
            -6.9134688
          ],
          [
            110.718224,
            -6.9132003
          ],
          [
            110.7183401,
            -6.9129174
          ],
          [
            110.7184831,
            -6.9125838
          ],
          [
            110.7186327,
            -6.9122373
          ],
          [
            110.7187626,
            -6.9119295
          ],
          [
            110.7189059,
            -6.9116144
          ],
          [
            110.7190856,
            -6.9112363
          ],
          [
            110.7192197,
            -6.9109354
          ],
          [
            110.7192925,
            -6.910759
          ],
          [
            110.7193753,
            -6.9105679
          ],
          [
            110.7196047,
            -6.9100448
          ],
          [
            110.7197481,
            -6.9097079
          ],
          [
            110.7199064,
            -6.9093324
          ],
          [
            110.7200727,
            -6.9089463
          ],
          [
            110.7203221,
            -6.9083712
          ],
          [
            110.7205066,
            -6.9079301
          ],
          [
            110.7210651,
            -6.906675
          ],
          [
            110.7212073,
            -6.9063289
          ],
          [
            110.7213467,
            -6.9059827
          ],
          [
            110.7216364,
            -6.9053623
          ],
          [
            110.7219937,
            -6.9046423
          ],
          [
            110.7223063,
            -6.9040043
          ],
          [
            110.7225322,
            -6.9034556
          ],
          [
            110.7225918,
            -6.9033057
          ],
          [
            110.7227009,
            -6.9030314
          ],
          [
            110.7230007,
            -6.9023729
          ],
          [
            110.7232991,
            -6.901691
          ],
          [
            110.7234889,
            -6.9012573
          ],
          [
            110.7236312,
            -6.9009317
          ],
          [
            110.7237158,
            -6.9007356
          ],
          [
            110.7241758,
            -6.8996695
          ],
          [
            110.7243352,
            -6.8993219
          ],
          [
            110.7244478,
            -6.8990575
          ],
          [
            110.7245772,
            -6.8987817
          ],
          [
            110.7246897,
            -6.8985306
          ],
          [
            110.7247954,
            -6.8982536
          ],
          [
            110.7249355,
            -6.8979082
          ],
          [
            110.7250613,
            -6.8976505
          ],
          [
            110.7250933,
            -6.8975474
          ],
          [
            110.7252136,
            -6.8973052
          ],
          [
            110.7253048,
            -6.8970667
          ],
          [
            110.7253905,
            -6.8968482
          ],
          [
            110.7255203,
            -6.8965699
          ],
          [
            110.725626,
            -6.8963625
          ],
          [
            110.7257052,
            -6.8961755
          ],
          [
            110.7259271,
            -6.8956681
          ],
          [
            110.7259638,
            -6.8955724
          ],
          [
            110.7260022,
            -6.8954984
          ],
          [
            110.7260577,
            -6.8953567
          ],
          [
            110.7261309,
            -6.8952039
          ],
          [
            110.7263027,
            -6.8947991
          ],
          [
            110.7265325,
            -6.8942261
          ],
          [
            110.7268958,
            -6.8934788
          ],
          [
            110.7270485,
            -6.893102
          ],
          [
            110.727212,
            -6.8927404
          ],
          [
            110.7274848,
            -6.8921033
          ],
          [
            110.7278348,
            -6.8912902
          ],
          [
            110.7281014,
            -6.8906566
          ],
          [
            110.7283749,
            -6.8900305
          ],
          [
            110.7286617,
            -6.8894126
          ],
          [
            110.7289248,
            -6.8887554
          ],
          [
            110.7293529,
            -6.8878117
          ],
          [
            110.7296325,
            -6.8871532
          ],
          [
            110.7298372,
            -6.8866852
          ],
          [
            110.7299133,
            -6.8865051
          ],
          [
            110.7299788,
            -6.886374
          ],
          [
            110.7300944,
            -6.8860778
          ],
          [
            110.7302959,
            -6.885571
          ],
          [
            110.7306909,
            -6.884684
          ],
          [
            110.7310461,
            -6.8839035
          ],
          [
            110.7312763,
            -6.8833699
          ],
          [
            110.731473,
            -6.8829355
          ],
          [
            110.7315299,
            -6.882784
          ],
          [
            110.7315761,
            -6.8826769
          ],
          [
            110.7316899,
            -6.8824286
          ],
          [
            110.731892,
            -6.8819292
          ],
          [
            110.7320343,
            -6.8815881
          ],
          [
            110.7320976,
            -6.8814445
          ],
          [
            110.732151,
            -6.8813485
          ],
          [
            110.7321995,
            -6.8812143
          ],
          [
            110.732261,
            -6.881074
          ],
          [
            110.7323026,
            -6.8809835
          ],
          [
            110.7323972,
            -6.8808009
          ],
          [
            110.7325352,
            -6.8804683
          ],
          [
            110.7326335,
            -6.8800734
          ],
          [
            110.73284,
            -6.8796394
          ],
          [
            110.7329848,
            -6.8792985
          ],
          [
            110.7331189,
            -6.8790243
          ],
          [
            110.7332772,
            -6.8786248
          ],
          [
            110.7334006,
            -6.8783798
          ],
          [
            110.7334569,
            -6.8782494
          ],
          [
            110.7335293,
            -6.8780816
          ],
          [
            110.7336929,
            -6.8776901
          ],
          [
            110.7337251,
            -6.8775996
          ],
          [
            110.7337333,
            -6.8775713
          ],
          [
            110.7337707,
            -6.8774425
          ],
          [
            110.7338297,
            -6.8772241
          ],
          [
            110.7338458,
            -6.877075
          ],
          [
            110.7338539,
            -6.8768646
          ],
          [
            110.733819,
            -6.8761323
          ],
          [
            110.7338083,
            -6.8757329
          ],
          [
            110.7337546,
            -6.8750698
          ],
          [
            110.7337439,
            -6.8747743
          ],
          [
            110.7337157,
            -6.8741471
          ],
          [
            110.7336715,
            -6.8733017
          ],
          [
            110.7336473,
            -6.8727078
          ],
          [
            110.7336286,
            -6.8724442
          ],
          [
            110.7336259,
            -6.8723244
          ],
          [
            110.733638,
            -6.871885
          ],
          [
            110.7336344,
            -6.8717525
          ]
        ]
      }
    },
    {
      "type": "Feature",
      "properties": {
        "id": 691320739,
        "name": "Jalan Dempet - Gajah",
        "type": "secondary",
        "kecamatan": "Gajah"
      },
      "geometry": {
        "type": "LineString",
        "coordinates": [
          [
            110.7336326,
            -6.8714909
          ],
          [
            110.7336219,
            -6.8713843
          ]
        ]
      }
    },
    {
      "type": "Feature",
      "properties": {
        "id": 691328824,
        "name": "Jalan Gajah-Geneng",
        "type": "tertiary",
        "kecamatan": "Gajah"
      },
      "geometry": {
        "type": "LineString",
        "coordinates": [
          [
            110.7279932,
            -6.8711953
          ],
          [
            110.7279664,
            -6.8709822
          ]
        ]
      }
    },
    {
      "type": "Feature",
      "properties": {
        "id": 691387664,
        "name": "",
        "type": "tertiary",
        "kecamatan": "Dempet"
      },
      "geometry": {
        "type": "LineString",
        "coordinates": [
          [
            110.7358765,
            -6.9768133
          ],
          [
            110.7359106,
            -6.9766545
          ]
        ]
      }
    },
    {
      "type": "Feature",
      "properties": {
        "id": 691387671,
        "name": "",
        "type": "tertiary",
        "kecamatan": "Dempet"
      },
      "geometry": {
        "type": "LineString",
        "coordinates": [
          [
            110.7359106,
            -6.9766545
          ],
          [
            110.736459,
            -6.9742146
          ],
          [
            110.7365558,
            -6.9738678
          ],
          [
            110.7365927,
            -6.9737117
          ],
          [
            110.7366458,
            -6.9734838
          ],
          [
            110.7366543,
            -6.973447
          ],
          [
            110.7368197,
            -6.9728788
          ],
          [
            110.7370266,
            -6.9720637
          ],
          [
            110.7380238,
            -6.968087
          ]
        ]
      }
    },
    {
      "type": "Feature",
      "properties": {
        "id": 691839064,
        "name": "",
        "type": "tertiary",
        "kecamatan": "Karangtengah"
      },
      "geometry": {
        "type": "LineString",
        "coordinates": [
          [
            110.598273,
            -6.9342961
          ],
          [
            110.5982071,
            -6.9343218
          ],
          [
            110.5981542,
            -6.9343202
          ],
          [
            110.5981021,
            -6.9343149
          ],
          [
            110.5980817,
            -6.9343128
          ],
          [
            110.5977703,
            -6.9342308
          ],
          [
            110.5974368,
            -6.934142
          ],
          [
            110.5972353,
            -6.9340952
          ],
          [
            110.5969064,
            -6.9340188
          ],
          [
            110.596737,
            -6.9339794
          ],
          [
            110.5965891,
            -6.933945
          ],
          [
            110.5962999,
            -6.9339133
          ],
          [
            110.5962189,
            -6.9339011
          ],
          [
            110.5961675,
            -6.9338933
          ],
          [
            110.5954324,
            -6.9337267
          ],
          [
            110.5954014,
            -6.9337238
          ],
          [
            110.5950826,
            -6.9336672
          ],
          [
            110.594933,
            -6.9336252
          ],
          [
            110.5946372,
            -6.9335525
          ],
          [
            110.5945163,
            -6.93352
          ],
          [
            110.5943937,
            -6.9334733
          ],
          [
            110.5937366,
            -6.9333539
          ],
          [
            110.5932557,
            -6.9333056
          ],
          [
            110.5920848,
            -6.9332726
          ],
          [
            110.5910769,
            -6.9332487
          ],
          [
            110.5904631,
            -6.9331883
          ],
          [
            110.5901416,
            -6.933133
          ],
          [
            110.5896873,
            -6.9330009
          ],
          [
            110.5892228,
            -6.9328426
          ],
          [
            110.5888643,
            -6.9327001
          ],
          [
            110.5887198,
            -6.9325592
          ],
          [
            110.5886855,
            -6.9323825
          ],
          [
            110.5886301,
            -6.932135
          ],
          [
            110.5886107,
            -6.9320928
          ],
          [
            110.5885673,
            -6.9320778
          ],
          [
            110.5881444,
            -6.9321508
          ],
          [
            110.5881137,
            -6.9321272
          ],
          [
            110.5880711,
            -6.9320749
          ],
          [
            110.5879493,
            -6.9319245
          ],
          [
            110.5876373,
            -6.9314832
          ],
          [
            110.5870244,
            -6.9307349
          ],
          [
            110.5868386,
            -6.9305479
          ],
          [
            110.5866773,
            -6.9304064
          ],
          [
            110.5864515,
            -6.9302601
          ],
          [
            110.5860704,
            -6.9300647
          ],
          [
            110.5858481,
            -6.9299679
          ],
          [
            110.5852015,
            -6.929749
          ],
          [
            110.5845026,
            -6.9295452
          ],
          [
            110.5841249,
            -6.9294116
          ],
          [
            110.5840141,
            -6.9293724
          ],
          [
            110.5836837,
            -6.9292105
          ],
          [
            110.5834911,
            -6.9291275
          ],
          [
            110.5834611,
            -6.9291148
          ],
          [
            110.5833088,
            -6.9290343
          ],
          [
            110.5830078,
            -6.9288778
          ],
          [
            110.582857,
            -6.9287878
          ],
          [
            110.5827559,
            -6.928695
          ],
          [
            110.5825904,
            -6.9285698
          ],
          [
            110.582361,
            -6.9284008
          ],
          [
            110.582045,
            -6.9281584
          ],
          [
            110.5817661,
            -6.9279787
          ],
          [
            110.5814815,
            -6.9277859
          ],
          [
            110.5810856,
            -6.9275429
          ],
          [
            110.5808674,
            -6.9274099
          ],
          [
            110.5804738,
            -6.9271954
          ],
          [
            110.579928,
            -6.926925
          ],
          [
            110.5794346,
            -6.9266681
          ],
          [
            110.5790275,
            -6.9264671
          ],
          [
            110.5779916,
            -6.9259471
          ],
          [
            110.5776321,
            -6.925772
          ],
          [
            110.5773836,
            -6.9256457
          ],
          [
            110.5773786,
            -6.9256431
          ],
          [
            110.5771188,
            -6.9255066
          ],
          [
            110.5765404,
            -6.925211
          ],
          [
            110.5764726,
            -6.9251745
          ],
          [
            110.5762789,
            -6.925074
          ],
          [
            110.5758857,
            -6.9248843
          ],
          [
            110.5752384,
            -6.9245282
          ],
          [
            110.5747881,
            -6.9242914
          ],
          [
            110.5746849,
            -6.9242115
          ],
          [
            110.5746326,
            -6.9241729
          ],
          [
            110.5745595,
            -6.9241084
          ],
          [
            110.5744818,
            -6.9239885
          ],
          [
            110.5742824,
            -6.9236111
          ]
        ]
      }
    },
    {
      "type": "Feature",
      "properties": {
        "id": 691870026,
        "name": "",
        "type": "tertiary",
        "kecamatan": "Karangtengah"
      },
      "geometry": {
        "type": "LineString",
        "coordinates": [
          [
            110.5749699,
            -6.9232183
          ],
          [
            110.5751154,
            -6.9231963
          ]
        ]
      }
    },
    {
      "type": "Feature",
      "properties": {
        "id": 691943060,
        "name": "",
        "type": "secondary",
        "kecamatan": "Dempet"
      },
      "geometry": {
        "type": "LineString",
        "coordinates": [
          [
            110.6970137,
            -6.9766739
          ],
          [
            110.697019,
            -6.9764657
          ],
          [
            110.6970191,
            -6.9763672
          ],
          [
            110.6970325,
            -6.9762034
          ],
          [
            110.6970594,
            -6.9759506
          ],
          [
            110.6970915,
            -6.9757442
          ],
          [
            110.6971197,
            -6.9755219
          ],
          [
            110.697122,
            -6.9754646
          ],
          [
            110.6971425,
            -6.975289
          ],
          [
            110.6971599,
            -6.9750347
          ],
          [
            110.6971706,
            -6.974835
          ],
          [
            110.6971827,
            -6.9745435
          ],
          [
            110.6972028,
            -6.9742786
          ],
          [
            110.697223,
            -6.9740563
          ],
          [
            110.6972257,
            -6.9737953
          ],
          [
            110.6972471,
            -6.9735238
          ],
          [
            110.6972699,
            -6.9732349
          ],
          [
            110.6972927,
            -6.9729554
          ],
          [
            110.6973195,
            -6.97258
          ],
          [
            110.6973128,
            -6.9721247
          ],
          [
            110.6973302,
            -6.9719038
          ],
          [
            110.697353,
            -6.9717107
          ],
          [
            110.6973638,
            -6.9714884
          ],
          [
            110.6973772,
            -6.9712754
          ],
          [
            110.6973825,
            -6.9709972
          ],
          [
            110.6973892,
            -6.9707829
          ],
          [
            110.6974,
            -6.9705513
          ],
          [
            110.6974161,
            -6.9703303
          ],
          [
            110.6974308,
            -6.9700947
          ],
          [
            110.6974442,
            -6.9698737
          ],
          [
            110.6974617,
            -6.9696527
          ],
          [
            110.6974831,
            -6.9694078
          ],
          [
            110.6975006,
            -6.9691216
          ],
          [
            110.697526,
            -6.9687834
          ],
          [
            110.6975462,
            -6.9684786
          ],
          [
            110.6975582,
            -6.9681924
          ],
          [
            110.6975757,
            -6.967809
          ],
          [
            110.6975971,
            -6.9674829
          ],
          [
            110.697624,
            -6.9670995
          ],
          [
            110.6976467,
            -6.9668213
          ],
          [
            110.6976979,
            -6.966125
          ],
          [
            110.6977098,
            -6.9659826
          ],
          [
            110.6977165,
            -6.9658455
          ],
          [
            110.6977272,
            -6.9656658
          ],
          [
            110.697737,
            -6.965505
          ],
          [
            110.697758,
            -6.9652518
          ],
          [
            110.697778,
            -6.965028
          ],
          [
            110.6977916,
            -6.9648431
          ],
          [
            110.6978117,
            -6.9644877
          ],
          [
            110.6978262,
            -6.964217
          ],
          [
            110.6978318,
            -6.9639379
          ],
          [
            110.6978407,
            -6.963754
          ],
          [
            110.6978466,
            -6.963653
          ],
          [
            110.6978728,
            -6.963326
          ],
          [
            110.6978895,
            -6.9631498
          ],
          [
            110.6979109,
            -6.9629461
          ],
          [
            110.6979332,
            -6.9626444
          ],
          [
            110.6979458,
            -6.9625068
          ],
          [
            110.6979673,
            -6.9621674
          ],
          [
            110.6979992,
            -6.9616926
          ],
          [
            110.6980062,
            -6.961571
          ],
          [
            110.6980144,
            -6.9614383
          ],
          [
            110.698029,
            -6.961259
          ],
          [
            110.6980571,
            -6.9608787
          ],
          [
            110.698082,
            -6.9604936
          ],
          [
            110.6980906,
            -6.9603423
          ],
          [
            110.6981028,
            -6.960175
          ],
          [
            110.698151,
            -6.9594663
          ],
          [
            110.6981641,
            -6.9593011
          ],
          [
            110.6981912,
            -6.9590164
          ],
          [
            110.6982234,
            -6.9586715
          ],
          [
            110.6982636,
            -6.9582562
          ],
          [
            110.6983173,
            -6.9579055
          ],
          [
            110.6983334,
            -6.9577823
          ],
          [
            110.6983957,
            -6.9574156
          ],
          [
            110.6984138,
            -6.9573324
          ],
          [
            110.6984313,
            -6.9572858
          ],
          [
            110.6984635,
            -6.9572325
          ],
          [
            110.6985229,
            -6.9571633
          ]
        ]
      }
    },
    {
      "type": "Feature",
      "properties": {
        "id": 691943066,
        "name": "",
        "type": "secondary",
        "kecamatan": "Dempet"
      },
      "geometry": {
        "type": "LineString",
        "coordinates": [
          [
            110.697007,
            -6.9769676
          ],
          [
            110.6970137,
            -6.9766739
          ]
        ]
      }
    },
    {
      "type": "Feature",
      "properties": {
        "id": 692220902,
        "name": "Jalan Raya Kudus - Purwodadi",
        "type": "primary",
        "kecamatan": "Unknown"
      },
      "geometry": {
        "type": "LineString",
        "coordinates": [
          [
            110.7927274,
            -6.9236866
          ],
          [
            110.7927458,
            -6.9236474
          ],
          [
            110.7929657,
            -6.9231664
          ],
          [
            110.793356,
            -6.922321
          ],
          [
            110.7937986,
            -6.9213625
          ],
          [
            110.7941902,
            -6.9205191
          ],
          [
            110.7944651,
            -6.9199566
          ],
          [
            110.794563,
            -6.9197489
          ],
          [
            110.7947119,
            -6.9194187
          ],
          [
            110.7950203,
            -6.9187651
          ],
          [
            110.7952101,
            -6.9183597
          ],
          [
            110.7953355,
            -6.9181047
          ],
          [
            110.795369,
            -6.9180288
          ],
          [
            110.7954521,
            -6.9178438
          ],
          [
            110.7956164,
            -6.9174783
          ],
          [
            110.7959725,
            -6.9167135
          ],
          [
            110.79634,
            -6.9159153
          ],
          [
            110.7965331,
            -6.9155019
          ],
          [
            110.7966498,
            -6.915231
          ],
          [
            110.7967868,
            -6.9149302
          ],
          [
            110.7970414,
            -6.914371
          ],
          [
            110.7974021,
            -6.9135642
          ],
          [
            110.7975671,
            -6.9132007
          ],
          [
            110.7977226,
            -6.9128652
          ],
          [
            110.7977656,
            -6.912774
          ],
          [
            110.7981337,
            -6.9119958
          ],
          [
            110.7982577,
            -6.9117275
          ],
          [
            110.7984824,
            -6.9112443
          ],
          [
            110.7987372,
            -6.9107111
          ],
          [
            110.7988746,
            -6.9104108
          ],
          [
            110.7990161,
            -6.9101
          ],
          [
            110.7992569,
            -6.909594
          ],
          [
            110.7995848,
            -6.9088851
          ],
          [
            110.7999361,
            -6.9081409
          ],
          [
            110.8000935,
            -6.9078078
          ],
          [
            110.8002754,
            -6.9073986
          ],
          [
            110.8005993,
            -6.9066903
          ],
          [
            110.8007502,
            -6.9063681
          ],
          [
            110.8009319,
            -6.906
          ],
          [
            110.8011264,
            -6.9055913
          ],
          [
            110.8014522,
            -6.9048896
          ],
          [
            110.8016078,
            -6.9045794
          ],
          [
            110.8017835,
            -6.9041987
          ],
          [
            110.8021094,
            -6.9035356
          ],
          [
            110.8023146,
            -6.9031615
          ],
          [
            110.8025238,
            -6.9027807
          ],
          [
            110.802558,
            -6.9027135
          ],
          [
            110.802737,
            -6.9023653
          ],
          [
            110.8029006,
            -6.9020365
          ],
          [
            110.803185,
            -6.9014826
          ],
          [
            110.8033781,
            -6.9011019
          ],
          [
            110.8034653,
            -6.9009208
          ],
          [
            110.8035665,
            -6.9007104
          ],
          [
            110.8036309,
            -6.9005793
          ],
          [
            110.8037549,
            -6.9003436
          ],
          [
            110.8039682,
            -6.8999276
          ],
          [
            110.8040822,
            -6.8997212
          ],
          [
            110.8041264,
            -6.8996333
          ],
          [
            110.8041794,
            -6.8995408
          ],
          [
            110.8042833,
            -6.8993497
          ],
          [
            110.8044188,
            -6.8990848
          ],
          [
            110.8044603,
            -6.8989956
          ],
          [
            110.8045623,
            -6.8987599
          ],
          [
            110.8046105,
            -6.8986508
          ],
          [
            110.8046669,
            -6.8984897
          ],
          [
            110.8047299,
            -6.8982913
          ],
          [
            110.8047768,
            -6.8981648
          ],
          [
            110.8049083,
            -6.8978639
          ],
          [
            110.8049633,
            -6.8977547
          ],
          [
            110.8050355,
            -6.8976115
          ],
          [
            110.8052208,
            -6.8972648
          ],
          [
            110.8054192,
            -6.8968853
          ],
          [
            110.8055614,
            -6.8966191
          ],
          [
            110.8056519,
            -6.896434
          ],
          [
            110.8057854,
            -6.8961863
          ],
          [
            110.8060643,
            -6.8956351
          ],
          [
            110.8063254,
            -6.8950846
          ],
          [
            110.8066245,
            -6.8945084
          ],
          [
            110.8066783,
            -6.8944021
          ],
          [
            110.8069951,
            -6.8938151
          ],
          [
            110.8070572,
            -6.8937001
          ],
          [
            110.8070863,
            -6.8936462
          ],
          [
            110.8075706,
            -6.8926855
          ],
          [
            110.8076506,
            -6.8925401
          ],
          [
            110.8077333,
            -6.8923887
          ],
          [
            110.8081366,
            -6.8917471
          ],
          [
            110.8084746,
            -6.8909637
          ],
          [
            110.8085602,
            -6.8907992
          ],
          [
            110.8089668,
            -6.8901454
          ],
          [
            110.8093493,
            -6.889417
          ],
          [
            110.8097055,
            -6.8887269
          ],
          [
            110.8100903,
            -6.8880253
          ],
          [
            110.8101685,
            -6.8878707
          ],
          [
            110.8101955,
            -6.8878233
          ],
          [
            110.8103143,
            -6.8876133
          ],
          [
            110.810684,
            -6.8869132
          ],
          [
            110.8108023,
            -6.8866966
          ],
          [
            110.8108854,
            -6.8865393
          ],
          [
            110.8113178,
            -6.8857392
          ],
          [
            110.8114696,
            -6.885437
          ],
          [
            110.8117086,
            -6.8849245
          ],
          [
            110.8118156,
            -6.8847198
          ],
          [
            110.8120972,
            -6.8841812
          ],
          [
            110.8121753,
            -6.8840389
          ],
          [
            110.8124049,
            -6.8836524
          ],
          [
            110.8127257,
            -6.883045
          ],
          [
            110.8131502,
            -6.8822903
          ],
          [
            110.8135541,
            -6.8816073
          ],
          [
            110.8139453,
            -6.8808351
          ],
          [
            110.8143227,
            -6.8801252
          ],
          [
            110.8144947,
            -6.879814
          ],
          [
            110.8149051,
            -6.8790744
          ],
          [
            110.8152694,
            -6.878415
          ],
          [
            110.8157038,
            -6.8776267
          ],
          [
            110.8160704,
            -6.8769562
          ],
          [
            110.8162248,
            -6.876684
          ],
          [
            110.8163464,
            -6.876481
          ],
          [
            110.8165616,
            -6.8761232
          ],
          [
            110.8169354,
            -6.8755172
          ],
          [
            110.8172715,
            -6.8749728
          ],
          [
            110.8176247,
            -6.8743645
          ],
          [
            110.8177014,
            -6.8742375
          ],
          [
            110.8180498,
            -6.8736958
          ],
          [
            110.8184101,
            -6.8731484
          ],
          [
            110.8186034,
            -6.8728774
          ],
          [
            110.8187146,
            -6.8727189
          ],
          [
            110.8189739,
            -6.8723544
          ],
          [
            110.8190864,
            -6.8722072
          ],
          [
            110.8193773,
            -6.8718529
          ],
          [
            110.819706,
            -6.8714922
          ],
          [
            110.8198336,
            -6.8713807
          ],
          [
            110.8201109,
            -6.8711258
          ],
          [
            110.8203535,
            -6.8709153
          ],
          [
            110.8206467,
            -6.8706632
          ],
          [
            110.8209277,
            -6.8704482
          ],
          [
            110.8211648,
            -6.8702847
          ],
          [
            110.8212832,
            -6.8702126
          ],
          [
            110.8217176,
            -6.8699593
          ],
          [
            110.8220355,
            -6.8697639
          ],
          [
            110.822296,
            -6.8696171
          ],
          [
            110.8224451,
            -6.8695248
          ],
          [
            110.8226833,
            -6.8693458
          ],
          [
            110.8229515,
            -6.8691128
          ],
          [
            110.8231627,
            -6.8689064
          ],
          [
            110.8232123,
            -6.8688565
          ],
          [
            110.823271,
            -6.8687963
          ],
          [
            110.8235519,
            -6.868516
          ],
          [
            110.8237868,
            -6.8682845
          ],
          [
            110.8239546,
            -6.8681043
          ],
          [
            110.8240066,
            -6.8680533
          ],
          [
            110.8242746,
            -6.8677867
          ],
          [
            110.8247305,
            -6.8673313
          ],
          [
            110.8250718,
            -6.867077
          ],
          [
            110.8253011,
            -6.8667761
          ],
          [
            110.8259583,
            -6.8661143
          ],
          [
            110.8265094,
            -6.8655431
          ],
          [
            110.827011,
            -6.8650425
          ],
          [
            110.8273208,
            -6.8647402
          ],
          [
            110.8275944,
            -6.8644686
          ],
          [
            110.8279417,
            -6.8641211
          ],
          [
            110.8281322,
            -6.8639307
          ],
          [
            110.8289972,
            -6.8630799
          ],
          [
            110.829138,
            -6.8629521
          ],
          [
            110.8291903,
            -6.8629028
          ],
          [
            110.829443,
            -6.8626597
          ],
          [
            110.8297375,
            -6.8623768
          ],
          [
            110.8298261,
            -6.8622832
          ],
          [
            110.8301412,
            -6.8619601
          ],
          [
            110.8303584,
            -6.8617471
          ],
          [
            110.8304496,
            -6.8616552
          ],
          [
            110.8308636,
            -6.8612338
          ],
          [
            110.8312152,
            -6.8608959
          ],
          [
            110.8313896,
            -6.8607312
          ],
          [
            110.8314957,
            -6.8606361
          ],
          [
            110.8319571,
            -6.8601627
          ],
          [
            110.8321528,
            -6.8599562
          ],
          [
            110.8323715,
            -6.8597214
          ],
          [
            110.8325109,
            -6.8595754
          ],
          [
            110.8329103,
            -6.8591827
          ],
          [
            110.8330413,
            -6.8590296
          ],
          [
            110.8333424,
            -6.8587445
          ],
          [
            110.8335035,
            -6.8585439
          ],
          [
            110.8336809,
            -6.8583475
          ],
          [
            110.8339166,
            -6.8579834
          ],
          [
            110.834071,
            -6.8577184
          ],
          [
            110.8343333,
            -6.857268
          ],
          [
            110.8343831,
            -6.8571547
          ],
          [
            110.8345089,
            -6.8568684
          ],
          [
            110.8345391,
            -6.8567998
          ],
          [
            110.8346915,
            -6.8564596
          ],
          [
            110.8349072,
            -6.8560123
          ],
          [
            110.8349731,
            -6.8558693
          ],
          [
            110.8351807,
            -6.8554161
          ],
          [
            110.8352642,
            -6.8552377
          ],
          [
            110.8355245,
            -6.8546771
          ],
          [
            110.8355244,
            -6.8546727
          ],
          [
            110.8355472,
            -6.8546261
          ],
          [
            110.835753,
            -6.8540676
          ],
          [
            110.8357589,
            -6.8540559
          ],
          [
            110.8357671,
            -6.8540189
          ]
        ]
      }
    },
    {
      "type": "Feature",
      "properties": {
        "id": 692687945,
        "name": "",
        "type": "tertiary",
        "kecamatan": "Wonosalam"
      },
      "geometry": {
        "type": "LineString",
        "coordinates": [
          [
            110.6355172,
            -6.9293406
          ],
          [
            110.6354175,
            -6.9293419
          ]
        ]
      }
    },
    {
      "type": "Feature",
      "properties": {
        "id": 704433342,
        "name": "",
        "type": "secondary",
        "kecamatan": "Demak"
      },
      "geometry": {
        "type": "LineString",
        "coordinates": [
          [
            110.6323671,
            -6.889058
          ],
          [
            110.6324777,
            -6.8890174
          ],
          [
            110.6325287,
            -6.8889867
          ]
        ]
      }
    },
    {
      "type": "Feature",
      "properties": {
        "id": 704470283,
        "name": "",
        "type": "secondary",
        "kecamatan": "Wedung"
      },
      "geometry": {
        "type": "LineString",
        "coordinates": [
          [
            110.618479,
            -6.7861104
          ],
          [
            110.6184811,
            -6.7854984
          ]
        ]
      }
    },
    {
      "type": "Feature",
      "properties": {
        "id": 705038312,
        "name": "",
        "type": "tertiary",
        "kecamatan": "Demak"
      },
      "geometry": {
        "type": "LineString",
        "coordinates": [
          [
            110.6592616,
            -6.8479152
          ],
          [
            110.6590779,
            -6.8481416
          ],
          [
            110.6589867,
            -6.8482761
          ],
          [
            110.6587896,
            -6.848589
          ],
          [
            110.6587064,
            -6.8486929
          ],
          [
            110.6586474,
            -6.8487514
          ],
          [
            110.6585737,
            -6.8488127
          ],
          [
            110.6584597,
            -6.8489245
          ],
          [
            110.6582317,
            -6.8491429
          ],
          [
            110.657824,
            -6.8495584
          ],
          [
            110.6576362,
            -6.8497421
          ],
          [
            110.6574807,
            -6.8498992
          ],
          [
            110.6573251,
            -6.8500723
          ],
          [
            110.6572165,
            -6.8502028
          ],
          [
            110.6571245,
            -6.850294
          ],
          [
            110.6570602,
            -6.8503552
          ]
        ]
      }
    },
    {
      "type": "Feature",
      "properties": {
        "id": 706542539,
        "name": "",
        "type": "tertiary",
        "kecamatan": "Dempet"
      },
      "geometry": {
        "type": "LineString",
        "coordinates": [
          [
            110.7723218,
            -6.9419577
          ],
          [
            110.7723623,
            -6.9418311
          ]
        ]
      }
    },
    {
      "type": "Feature",
      "properties": {
        "id": 706542540,
        "name": "",
        "type": "tertiary",
        "kecamatan": "Dempet"
      },
      "geometry": {
        "type": "LineString",
        "coordinates": [
          [
            110.7692588,
            -6.9503183
          ],
          [
            110.7692698,
            -6.9502861
          ],
          [
            110.7696471,
            -6.9493053
          ],
          [
            110.769892,
            -6.9486414
          ],
          [
            110.7701514,
            -6.9479644
          ],
          [
            110.7706424,
            -6.9466056
          ],
          [
            110.7708822,
            -6.9459096
          ],
          [
            110.7711723,
            -6.9452298
          ],
          [
            110.7712927,
            -6.9448867
          ],
          [
            110.7723218,
            -6.9419577
          ]
        ]
      }
    },
    {
      "type": "Feature",
      "properties": {
        "id": 706542541,
        "name": "",
        "type": "tertiary",
        "kecamatan": "Dempet"
      },
      "geometry": {
        "type": "LineString",
        "coordinates": [
          [
            110.7692237,
            -6.9504242
          ],
          [
            110.7692322,
            -6.9503973
          ]
        ]
      }
    },
    {
      "type": "Feature",
      "properties": {
        "id": 706542542,
        "name": "",
        "type": "tertiary",
        "kecamatan": "Dempet"
      },
      "geometry": {
        "type": "LineString",
        "coordinates": [
          [
            110.766688,
            -6.9573982
          ],
          [
            110.7666995,
            -6.9573688
          ],
          [
            110.7667883,
            -6.9571044
          ],
          [
            110.7669831,
            -6.956707
          ],
          [
            110.7671701,
            -6.9562131
          ],
          [
            110.7673477,
            -6.9557198
          ],
          [
            110.7674561,
            -6.9554269
          ],
          [
            110.767562,
            -6.9551368
          ],
          [
            110.7677286,
            -6.9545296
          ],
          [
            110.7679372,
            -6.953997
          ],
          [
            110.7681115,
            -6.9534991
          ],
          [
            110.7683008,
            -6.9531037
          ],
          [
            110.7685455,
            -6.9524175
          ],
          [
            110.7685562,
            -6.9523841
          ],
          [
            110.7687807,
            -6.9516833
          ],
          [
            110.7690189,
            -6.9510142
          ],
          [
            110.7692237,
            -6.9504242
          ]
        ]
      }
    },
    {
      "type": "Feature",
      "properties": {
        "id": 706542551,
        "name": "",
        "type": "tertiary",
        "kecamatan": "Dempet"
      },
      "geometry": {
        "type": "LineString",
        "coordinates": [
          [
            110.7766941,
            -6.9298896
          ],
          [
            110.7767079,
            -6.9298488
          ]
        ]
      }
    },
    {
      "type": "Feature",
      "properties": {
        "id": 706542552,
        "name": "",
        "type": "tertiary",
        "kecamatan": "Dempet"
      },
      "geometry": {
        "type": "LineString",
        "coordinates": [
          [
            110.7723623,
            -6.9418311
          ],
          [
            110.7723757,
            -6.9417926
          ],
          [
            110.772897,
            -6.9405138
          ],
          [
            110.7730858,
            -6.9400161
          ],
          [
            110.7731356,
            -6.9398585
          ],
          [
            110.7731881,
            -6.9397066
          ],
          [
            110.7733826,
            -6.9391743
          ],
          [
            110.773627,
            -6.9385109
          ],
          [
            110.773828,
            -6.9378774
          ],
          [
            110.7740807,
            -6.9372291
          ],
          [
            110.7743072,
            -6.9365858
          ],
          [
            110.7745462,
            -6.9359205
          ],
          [
            110.7747637,
            -6.9352443
          ],
          [
            110.7751483,
            -6.9342166
          ],
          [
            110.7752833,
            -6.9338245
          ],
          [
            110.7761527,
            -6.9313129
          ],
          [
            110.7765332,
            -6.9304028
          ],
          [
            110.7766197,
            -6.9301725
          ],
          [
            110.7766908,
            -6.9299021
          ],
          [
            110.7766941,
            -6.9298896
          ]
        ]
      }
    },
    {
      "type": "Feature",
      "properties": {
        "id": 706610444,
        "name": "",
        "type": "tertiary",
        "kecamatan": "Demak"
      },
      "geometry": {
        "type": "LineString",
        "coordinates": [
          [
            110.6218824,
            -6.9069093
          ],
          [
            110.6221506,
            -6.9067576
          ],
          [
            110.6223544,
            -6.9066458
          ],
          [
            110.6230599,
            -6.9061931
          ],
          [
            110.6231672,
            -6.9061265
          ],
          [
            110.6232825,
            -6.9060333
          ],
          [
            110.6236536,
            -6.9057779
          ],
          [
            110.6237358,
            -6.9057297
          ],
          [
            110.6242749,
            -6.9053729
          ],
          [
            110.62454,
            -6.9051958
          ],
          [
            110.6249642,
            -6.9049123
          ],
          [
            110.6253827,
            -6.9046327
          ],
          [
            110.6259419,
            -6.9043385
          ]
        ]
      }
    },
    {
      "type": "Feature",
      "properties": {
        "id": 713558203,
        "name": "",
        "type": "primary",
        "kecamatan": "Kebonagung"
      },
      "geometry": {
        "type": "LineString",
        "coordinates": [
          [
            110.7133298,
            -7.0263914
          ],
          [
            110.7130552,
            -7.026275
          ]
        ]
      }
    },
    {
      "type": "Feature",
      "properties": {
        "id": 713558204,
        "name": "",
        "type": "primary",
        "kecamatan": "Kebonagung"
      },
      "geometry": {
        "type": "LineString",
        "coordinates": [
          [
            110.7157959,
            -7.0274336
          ],
          [
            110.7157624,
            -7.0274203
          ],
          [
            110.7148222,
            -7.0270237
          ],
          [
            110.7133298,
            -7.0263914
          ]
        ]
      }
    },
    {
      "type": "Feature",
      "properties": {
        "id": 713558205,
        "name": "Jalan Ahmad Yani",
        "type": "primary",
        "kecamatan": "Kebonagung"
      },
      "geometry": {
        "type": "LineString",
        "coordinates": [
          [
            110.7418401,
            -7.029524
          ],
          [
            110.7406613,
            -7.0298854
          ],
          [
            110.7399827,
            -7.0300904
          ],
          [
            110.739111,
            -7.0303459
          ],
          [
            110.7382259,
            -7.0305895
          ],
          [
            110.7379582,
            -7.0306671
          ],
          [
            110.736866,
            -7.0309835
          ],
          [
            110.7358528,
            -7.0312597
          ],
          [
            110.7337927,
            -7.0318614
          ],
          [
            110.7323605,
            -7.0322816
          ],
          [
            110.7321876,
            -7.0323271
          ],
          [
            110.7314426,
            -7.0325301
          ],
          [
            110.7309102,
            -7.0326952
          ],
          [
            110.7306265,
            -7.0327744
          ],
          [
            110.7302282,
            -7.0328489
          ],
          [
            110.7300679,
            -7.0328722
          ],
          [
            110.7297964,
            -7.0328915
          ]
        ]
      }
    },
    {
      "type": "Feature",
      "properties": {
        "id": 713558206,
        "name": "Jalan Ahmad Yani",
        "type": "primary",
        "kecamatan": "Kebonagung"
      },
      "geometry": {
        "type": "LineString",
        "coordinates": [
          [
            110.7419684,
            -7.0294808
          ],
          [
            110.7418401,
            -7.029524
          ]
        ]
      }
    },
    {
      "type": "Feature",
      "properties": {
        "id": 713558217,
        "name": "",
        "type": "tertiary",
        "kecamatan": "Kebonagung"
      },
      "geometry": {
        "type": "LineString",
        "coordinates": [
          [
            110.7179894,
            -7.0274242
          ],
          [
            110.7179762,
            -7.0275176
          ]
        ]
      }
    },
    {
      "type": "Feature",
      "properties": {
        "id": 726838631,
        "name": "",
        "type": "secondary",
        "kecamatan": "Kebonagung"
      },
      "geometry": {
        "type": "LineString",
        "coordinates": [
          [
            110.6944103,
            -7.0133332
          ],
          [
            110.694422,
            -7.0132809
          ]
        ]
      }
    },
    {
      "type": "Feature",
      "properties": {
        "id": 726838632,
        "name": "",
        "type": "secondary",
        "kecamatan": "Kebonagung"
      },
      "geometry": {
        "type": "LineString",
        "coordinates": [
          [
            110.6933744,
            -7.0182649
          ],
          [
            110.6934258,
            -7.0180582
          ],
          [
            110.6935883,
            -7.0173621
          ],
          [
            110.693661,
            -7.0170275
          ],
          [
            110.6936894,
            -7.0169128
          ],
          [
            110.6937297,
            -7.0167294
          ],
          [
            110.693783,
            -7.0165031
          ],
          [
            110.6938045,
            -7.01637
          ],
          [
            110.6938346,
            -7.016246
          ],
          [
            110.6938621,
            -7.0161384
          ],
          [
            110.6938852,
            -7.0160425
          ],
          [
            110.6939108,
            -7.0159093
          ],
          [
            110.6939962,
            -7.0154343
          ],
          [
            110.6940955,
            -7.0149032
          ],
          [
            110.6942006,
            -7.014425
          ],
          [
            110.6942655,
            -7.0140533
          ],
          [
            110.6942765,
            -7.0139781
          ],
          [
            110.6943476,
            -7.0136446
          ],
          [
            110.6944103,
            -7.0133332
          ]
        ]
      }
    },
    {
      "type": "Feature",
      "properties": {
        "id": 726838633,
        "name": "",
        "type": "secondary",
        "kecamatan": "Dempet"
      },
      "geometry": {
        "type": "LineString",
        "coordinates": [
          [
            110.6967861,
            -6.994696
          ],
          [
            110.6967871,
            -6.9945334
          ]
        ]
      }
    },
    {
      "type": "Feature",
      "properties": {
        "id": 726838634,
        "name": "",
        "type": "secondary",
        "kecamatan": "Dempet"
      },
      "geometry": {
        "type": "LineString",
        "coordinates": [
          [
            110.6967871,
            -6.9945334
          ],
          [
            110.6968267,
            -6.9943421
          ],
          [
            110.6968495,
            -6.9941459
          ],
          [
            110.6968597,
            -6.9940587
          ],
          [
            110.696908,
            -6.9933327
          ],
          [
            110.6969812,
            -6.9925073
          ],
          [
            110.6970124,
            -6.9920147
          ],
          [
            110.6970508,
            -6.9913116
          ],
          [
            110.697061,
            -6.9911609
          ],
          [
            110.6970878,
            -6.990537
          ],
          [
            110.6971326,
            -6.9895029
          ],
          [
            110.6971713,
            -6.9885387
          ],
          [
            110.6972195,
            -6.9876099
          ],
          [
            110.6972231,
            -6.9872703
          ]
        ]
      }
    },
    {
      "type": "Feature",
      "properties": {
        "id": 726861781,
        "name": "",
        "type": "tertiary",
        "kecamatan": "Wedung"
      },
      "geometry": {
        "type": "LineString",
        "coordinates": [
          [
            110.662778,
            -6.7873884
          ],
          [
            110.6627973,
            -6.7873514
          ]
        ]
      }
    },
    {
      "type": "Feature",
      "properties": {
        "id": 727387222,
        "name": "",
        "type": "tertiary",
        "kecamatan": "Sayung"
      },
      "geometry": {
        "type": "LineString",
        "coordinates": [
          [
            110.5373955,
            -6.973195
          ],
          [
            110.5373204,
            -6.9731684
          ]
        ]
      }
    },
    {
      "type": "Feature",
      "properties": {
        "id": 728294553,
        "name": "",
        "type": "tertiary",
        "kecamatan": "Kebonagung"
      },
      "geometry": {
        "type": "LineString",
        "coordinates": [
          [
            110.7328554,
            -6.9892622
          ],
          [
            110.7329276,
            -6.9891574
          ]
        ]
      }
    },
    {
      "type": "Feature",
      "properties": {
        "id": 728294554,
        "name": "",
        "type": "tertiary",
        "kecamatan": "Kebonagung"
      },
      "geometry": {
        "type": "LineString",
        "coordinates": [
          [
            110.7329276,
            -6.9891574
          ],
          [
            110.7330838,
            -6.988925
          ]
        ]
      }
    },
    {
      "type": "Feature",
      "properties": {
        "id": 728294555,
        "name": "",
        "type": "tertiary",
        "kecamatan": "Kebonagung"
      },
      "geometry": {
        "type": "LineString",
        "coordinates": [
          [
            110.7312756,
            -6.9919825
          ],
          [
            110.7313227,
            -6.9918951
          ]
        ]
      }
    },
    {
      "type": "Feature",
      "properties": {
        "id": 728294556,
        "name": "",
        "type": "tertiary",
        "kecamatan": "Kebonagung"
      },
      "geometry": {
        "type": "LineString",
        "coordinates": [
          [
            110.7313227,
            -6.9918951
          ],
          [
            110.7322683,
            -6.990223
          ],
          [
            110.7326517,
            -6.9895726
          ],
          [
            110.7328554,
            -6.9892622
          ]
        ]
      }
    },
    {
      "type": "Feature",
      "properties": {
        "id": 728294557,
        "name": "",
        "type": "tertiary",
        "kecamatan": "Kebonagung"
      },
      "geometry": {
        "type": "LineString",
        "coordinates": [
          [
            110.7231694,
            -7.0095917
          ],
          [
            110.7232434,
            -7.0094606
          ]
        ]
      }
    },
    {
      "type": "Feature",
      "properties": {
        "id": 729000058,
        "name": "Jalan Kalisari Raya",
        "type": "tertiary",
        "kecamatan": "Sayung"
      },
      "geometry": {
        "type": "LineString",
        "coordinates": [
          [
            110.5132851,
            -6.9635864
          ],
          [
            110.5129056,
            -6.9634413
          ],
          [
            110.5125622,
            -6.9633308
          ],
          [
            110.5117281,
            -6.9630846
          ],
          [
            110.5116087,
            -6.9630499
          ],
          [
            110.5113574,
            -6.9629768
          ],
          [
            110.5111876,
            -6.9629275
          ],
          [
            110.5107303,
            -6.9627864
          ],
          [
            110.509825,
            -6.9624882
          ],
          [
            110.5092135,
            -6.9623125
          ],
          [
            110.5090097,
            -6.9622632
          ],
          [
            110.5086529,
            -6.96217
          ],
          [
            110.508256,
            -6.9620784
          ],
          [
            110.5080186,
            -6.9620236
          ],
          [
            110.5078335,
            -6.9619996
          ],
          [
            110.5075237,
            -6.9619677
          ],
          [
            110.5073118,
            -6.961945
          ],
          [
            110.5072099,
            -6.9619357
          ],
          [
            110.5065286,
            -6.9617254
          ],
          [
            110.5061035,
            -6.9615923
          ],
          [
            110.5056783,
            -6.9614525
          ],
          [
            110.5055845,
            -6.9614325
          ],
          [
            110.5051253,
            -6.9612917
          ],
          [
            110.5046383,
            -6.9611343
          ],
          [
            110.5045491,
            -6.9610984
          ],
          [
            110.5044807,
            -6.9610758
          ],
          [
            110.5037311,
            -6.9607949
          ],
          [
            110.5032885,
            -6.9606391
          ],
          [
            110.503172,
            -6.9605985
          ],
          [
            110.5027017,
            -6.9604346
          ],
          [
            110.5015464,
            -6.9599868
          ],
          [
            110.5010147,
            -6.9598004
          ],
          [
            110.5008691,
            -6.9597405
          ],
          [
            110.5005533,
            -6.9595988
          ],
          [
            110.5003595,
            -6.9595049
          ],
          [
            110.5001342,
            -6.9593884
          ],
          [
            110.4998848,
            -6.959264
          ],
          [
            110.499695,
            -6.9591368
          ],
          [
            110.4995073,
            -6.9590516
          ],
          [
            110.499467,
            -6.9590303
          ],
          [
            110.4993954,
            -6.9589909
          ],
          [
            110.4991472,
            -6.9588546
          ],
          [
            110.4989313,
            -6.9587514
          ],
          [
            110.4988725,
            -6.9587256
          ],
          [
            110.4986315,
            -6.9586197
          ],
          [
            110.4984659,
            -6.9585717
          ],
          [
            110.4984069,
            -6.958553
          ],
          [
            110.4983768,
            -6.9585385
          ]
        ]
      }
    },
    {
      "type": "Feature",
      "properties": {
        "id": 729000059,
        "name": "",
        "type": "tertiary",
        "kecamatan": "Sayung"
      },
      "geometry": {
        "type": "LineString",
        "coordinates": [
          [
            110.5134232,
            -6.9636463
          ],
          [
            110.5132851,
            -6.9635864
          ]
        ]
      }
    },
    {
      "type": "Feature",
      "properties": {
        "id": 744816163,
        "name": "",
        "type": "tertiary",
        "kecamatan": "Wonosalam"
      },
      "geometry": {
        "type": "LineString",
        "coordinates": [
          [
            110.6758123,
            -6.9599502
          ],
          [
            110.6759423,
            -6.95963
          ]
        ]
      }
    },
    {
      "type": "Feature",
      "properties": {
        "id": 744816164,
        "name": "",
        "type": "tertiary",
        "kecamatan": "Wonosalam"
      },
      "geometry": {
        "type": "LineString",
        "coordinates": [
          [
            110.6757787,
            -6.9601402
          ],
          [
            110.6757829,
            -6.9601067
          ],
          [
            110.6758123,
            -6.9599502
          ]
        ]
      }
    },
    {
      "type": "Feature",
      "properties": {
        "id": 744816173,
        "name": "Jalan Dempet - Gajah",
        "type": "secondary",
        "kecamatan": "Dempet"
      },
      "geometry": {
        "type": "LineString",
        "coordinates": [
          [
            110.6988846,
            -6.9557362
          ],
          [
            110.6989474,
            -6.9556554
          ]
        ]
      }
    },
    {
      "type": "Feature",
      "properties": {
        "id": 744816174,
        "name": "Jalan Dempet - Gajah",
        "type": "secondary",
        "kecamatan": "Dempet"
      },
      "geometry": {
        "type": "LineString",
        "coordinates": [
          [
            110.698386,
            -6.9565037
          ],
          [
            110.6984916,
            -6.9563553
          ],
          [
            110.6986284,
            -6.9561329
          ],
          [
            110.6987028,
            -6.9560118
          ],
          [
            110.6987894,
            -6.9558733
          ],
          [
            110.6988846,
            -6.9557362
          ]
        ]
      }
    },
    {
      "type": "Feature",
      "properties": {
        "id": 744825029,
        "name": "",
        "type": "tertiary",
        "kecamatan": "Wonosalam"
      },
      "geometry": {
        "type": "LineString",
        "coordinates": [
          [
            110.6428554,
            -6.9634982
          ],
          [
            110.642679,
            -6.9634232
          ]
        ]
      }
    },
    {
      "type": "Feature",
      "properties": {
        "id": 744825033,
        "name": "",
        "type": "tertiary",
        "kecamatan": "Dempet"
      },
      "geometry": {
        "type": "LineString",
        "coordinates": [
          [
            110.7393522,
            -6.9628585
          ],
          [
            110.7394497,
            -6.9625123
          ],
          [
            110.7394776,
            -6.9624134
          ],
          [
            110.7403743,
            -6.9592293
          ],
          [
            110.7409295,
            -6.9573457
          ]
        ]
      }
    },
    {
      "type": "Feature",
      "properties": {
        "id": 744825034,
        "name": "",
        "type": "tertiary",
        "kecamatan": "Dempet"
      },
      "geometry": {
        "type": "LineString",
        "coordinates": [
          [
            110.7393227,
            -6.9629573
          ],
          [
            110.7393443,
            -6.9628862
          ],
          [
            110.7393522,
            -6.9628585
          ]
        ]
      }
    },
    {
      "type": "Feature",
      "properties": {
        "id": 744825058,
        "name": "",
        "type": "tertiary",
        "kecamatan": "Dempet"
      },
      "geometry": {
        "type": "LineString",
        "coordinates": [
          [
            110.7416121,
            -6.9548365
          ],
          [
            110.7416351,
            -6.9547512
          ]
        ]
      }
    },
    {
      "type": "Feature",
      "properties": {
        "id": 744825059,
        "name": "",
        "type": "tertiary",
        "kecamatan": "Dempet"
      },
      "geometry": {
        "type": "LineString",
        "coordinates": [
          [
            110.7409644,
            -6.9572272
          ],
          [
            110.7409686,
            -6.9572128
          ],
          [
            110.7415968,
            -6.9548932
          ],
          [
            110.7416121,
            -6.9548365
          ]
        ]
      }
    },
    {
      "type": "Feature",
      "properties": {
        "id": 744825060,
        "name": "",
        "type": "tertiary",
        "kecamatan": "Dempet"
      },
      "geometry": {
        "type": "LineString",
        "coordinates": [
          [
            110.7409295,
            -6.9573457
          ],
          [
            110.7409644,
            -6.9572272
          ]
        ]
      }
    },
    {
      "type": "Feature",
      "properties": {
        "id": 744825061,
        "name": "",
        "type": "tertiary",
        "kecamatan": "Dempet"
      },
      "geometry": {
        "type": "LineString",
        "coordinates": [
          [
            110.7416351,
            -6.9547512
          ],
          [
            110.7416429,
            -6.9547248
          ],
          [
            110.741714,
            -6.9544843
          ],
          [
            110.7421284,
            -6.9531136
          ],
          [
            110.7423605,
            -6.9523083
          ],
          [
            110.7426803,
            -6.9513505
          ],
          [
            110.742819,
            -6.9509887
          ],
          [
            110.7429304,
            -6.9507734
          ],
          [
            110.7434092,
            -6.9499067
          ],
          [
            110.7436908,
            -6.9493423
          ]
        ]
      }
    },
    {
      "type": "Feature",
      "properties": {
        "id": 744825300,
        "name": "",
        "type": "tertiary",
        "kecamatan": "Dempet"
      },
      "geometry": {
        "type": "LineString",
        "coordinates": [
          [
            110.7380238,
            -6.968087
          ],
          [
            110.7380322,
            -6.9680535
          ],
          [
            110.7380778,
            -6.9678714
          ]
        ]
      }
    },
    {
      "type": "Feature",
      "properties": {
        "id": 744825301,
        "name": "",
        "type": "tertiary",
        "kecamatan": "Dempet"
      },
      "geometry": {
        "type": "LineString",
        "coordinates": [
          [
            110.7380778,
            -6.9678714
          ],
          [
            110.7382563,
            -6.9671812
          ],
          [
            110.7382607,
            -6.9671421
          ],
          [
            110.7389847,
            -6.9642893
          ],
          [
            110.7393227,
            -6.9629573
          ]
        ]
      }
    },
    {
      "type": "Feature",
      "properties": {
        "id": 744853509,
        "name": "",
        "type": "tertiary",
        "kecamatan": "Dempet"
      },
      "geometry": {
        "type": "LineString",
        "coordinates": [
          [
            110.7351293,
            -6.9797827
          ],
          [
            110.7351461,
            -6.979716
          ]
        ]
      }
    },
    {
      "type": "Feature",
      "properties": {
        "id": 744853510,
        "name": "",
        "type": "tertiary",
        "kecamatan": "Dempet"
      },
      "geometry": {
        "type": "LineString",
        "coordinates": [
          [
            110.7351461,
            -6.979716
          ],
          [
            110.7358765,
            -6.9768133
          ]
        ]
      }
    },
    {
      "type": "Feature",
      "properties": {
        "id": 752098287,
        "name": "Jalan Kyai H. Nasir",
        "type": "secondary",
        "kecamatan": "Mranggen"
      },
      "geometry": {
        "type": "LineString",
        "coordinates": [
          [
            110.4941373,
            -7.0360119
          ],
          [
            110.4944602,
            -7.0361525
          ],
          [
            110.4948869,
            -7.0363203
          ],
          [
            110.4949645,
            -7.0363528
          ],
          [
            110.4951568,
            -7.0364333
          ],
          [
            110.4956034,
            -7.0365975
          ],
          [
            110.4957519,
            -7.0366458
          ],
          [
            110.4960734,
            -7.0367405
          ],
          [
            110.496293,
            -7.0368064
          ],
          [
            110.4964009,
            -7.0368346
          ],
          [
            110.4966584,
            -7.0369132
          ],
          [
            110.4968593,
            -7.0369877
          ],
          [
            110.4971002,
            -7.0370856
          ],
          [
            110.4972046,
            -7.0371228
          ],
          [
            110.4975414,
            -7.0372581
          ],
          [
            110.4975795,
            -7.0372725
          ],
          [
            110.4978704,
            -7.0374043
          ],
          [
            110.4979868,
            -7.0374516
          ],
          [
            110.4981532,
            -7.0375184
          ],
          [
            110.4983549,
            -7.0375823
          ],
          [
            110.4985256,
            -7.0376299
          ],
          [
            110.4986382,
            -7.0376645
          ],
          [
            110.4988153,
            -7.0376984
          ],
          [
            110.4989755,
            -7.0377117
          ],
          [
            110.4990856,
            -7.0377054
          ],
          [
            110.4991606,
            -7.0377011
          ],
          [
            110.4993724,
            -7.0376745
          ],
          [
            110.4995428,
            -7.0376603
          ],
          [
            110.4997185,
            -7.0376749
          ],
          [
            110.4998995,
            -7.0376838
          ],
          [
            110.5000591,
            -7.0376938
          ],
          [
            110.5002355,
            -7.0376884
          ],
          [
            110.5003713,
            -7.0376638
          ],
          [
            110.5004447,
            -7.0376465
          ],
          [
            110.5005956,
            -7.0376053
          ],
          [
            110.5007652,
            -7.0375447
          ]
        ]
      }
    },
    {
      "type": "Feature",
      "properties": {
        "id": 752880863,
        "name": "",
        "type": "tertiary",
        "kecamatan": "Mranggen"
      },
      "geometry": {
        "type": "LineString",
        "coordinates": [
          [
            110.5156977,
            -7.0464923
          ],
          [
            110.5157004,
            -7.0467012
          ],
          [
            110.5157335,
            -7.0468057
          ]
        ]
      }
    },
    {
      "type": "Feature",
      "properties": {
        "id": 752880864,
        "name": "",
        "type": "tertiary",
        "kecamatan": "Mranggen"
      },
      "geometry": {
        "type": "LineString",
        "coordinates": [
          [
            110.5157829,
            -7.0446835
          ],
          [
            110.5158453,
            -7.0447447
          ],
          [
            110.5158788,
            -7.0447939
          ],
          [
            110.5158915,
            -7.0448292
          ],
          [
            110.5158962,
            -7.0448725
          ],
          [
            110.5158721,
            -7.0449736
          ],
          [
            110.5157957,
            -7.0452391
          ],
          [
            110.5157045,
            -7.0454714
          ],
          [
            110.5155703,
            -7.0457536
          ],
          [
            110.5155254,
            -7.0458627
          ],
          [
            110.5154899,
            -7.0459293
          ],
          [
            110.5154805,
            -7.0459719
          ],
          [
            110.5154805,
            -7.0460111
          ],
          [
            110.515516,
            -7.046097
          ],
          [
            110.515561,
            -7.0461981
          ],
          [
            110.5156186,
            -7.0463286
          ],
          [
            110.5156977,
            -7.0464923
          ]
        ]
      }
    },
    {
      "type": "Feature",
      "properties": {
        "id": 752886752,
        "name": "",
        "type": "tertiary",
        "kecamatan": "Sayung"
      },
      "geometry": {
        "type": "LineString",
        "coordinates": [
          [
            110.529191,
            -6.9692391
          ],
          [
            110.5288938,
            -6.9690906
          ]
        ]
      }
    },
    {
      "type": "Feature",
      "properties": {
        "id": 761893623,
        "name": "",
        "type": "tertiary",
        "kecamatan": "Mranggen"
      },
      "geometry": {
        "type": "LineString",
        "coordinates": [
          [
            110.4901117,
            -7.0485236
          ],
          [
            110.4900819,
            -7.0485711
          ]
        ]
      }
    },
    {
      "type": "Feature",
      "properties": {
        "id": 761893624,
        "name": "",
        "type": "tertiary",
        "kecamatan": "Mranggen"
      },
      "geometry": {
        "type": "LineString",
        "coordinates": [
          [
            110.4908803,
            -7.0490367
          ],
          [
            110.4909074,
            -7.0489842
          ]
        ]
      }
    },
    {
      "type": "Feature",
      "properties": {
        "id": 761893625,
        "name": "",
        "type": "tertiary",
        "kecamatan": "Mranggen"
      },
      "geometry": {
        "type": "LineString",
        "coordinates": [
          [
            110.4908803,
            -7.0490367
          ],
          [
            110.4907928,
            -7.049071
          ],
          [
            110.4907193,
            -7.049102
          ],
          [
            110.490604,
            -7.0491409
          ],
          [
            110.4905755,
            -7.0491316
          ],
          [
            110.4904401,
            -7.0490604
          ],
          [
            110.4902731,
            -7.0489586
          ],
          [
            110.4901852,
            -7.0489
          ],
          [
            110.4901671,
            -7.0488747
          ],
          [
            110.4901557,
            -7.0488428
          ],
          [
            110.4901282,
            -7.0487436
          ],
          [
            110.4900819,
            -7.0485711
          ]
        ]
      }
    },
    {
      "type": "Feature",
      "properties": {
        "id": 776667531,
        "name": "",
        "type": "tertiary",
        "kecamatan": "Guntur"
      },
      "geometry": {
        "type": "LineString",
        "coordinates": [
          [
            110.6158604,
            -6.9716076
          ],
          [
            110.6158268,
            -6.9715944
          ],
          [
            110.6158018,
            -6.9715785
          ],
          [
            110.6157919,
            -6.9715675
          ],
          [
            110.6157897,
            -6.971555
          ],
          [
            110.615796,
            -6.9715134
          ],
          [
            110.6158166,
            -6.9712808
          ],
          [
            110.6158058,
            -6.9711976
          ],
          [
            110.6157868,
            -6.9711381
          ],
          [
            110.6157334,
            -6.9710849
          ]
        ]
      }
    },
    {
      "type": "Feature",
      "properties": {
        "id": 776667532,
        "name": "",
        "type": "tertiary",
        "kecamatan": "Guntur"
      },
      "geometry": {
        "type": "LineString",
        "coordinates": [
          [
            110.6165029,
            -6.9718003
          ],
          [
            110.6158604,
            -6.9716076
          ]
        ]
      }
    },
    {
      "type": "Feature",
      "properties": {
        "id": 780426296,
        "name": "",
        "type": "tertiary",
        "kecamatan": "Mranggen"
      },
      "geometry": {
        "type": "LineString",
        "coordinates": [
          [
            110.5245142,
            -6.9863616
          ],
          [
            110.5251746,
            -6.9866865
          ]
        ]
      }
    },
    {
      "type": "Feature",
      "properties": {
        "id": 780426297,
        "name": "",
        "type": "tertiary",
        "kecamatan": "Mranggen"
      },
      "geometry": {
        "type": "LineString",
        "coordinates": [
          [
            110.5242087,
            -6.9862111
          ],
          [
            110.5245142,
            -6.9863616
          ]
        ]
      }
    },
    {
      "type": "Feature",
      "properties": {
        "id": 780428619,
        "name": "",
        "type": "tertiary",
        "kecamatan": "Karangawen"
      },
      "geometry": {
        "type": "LineString",
        "coordinates": [
          [
            110.543192,
            -7.077778
          ],
          [
            110.5431192,
            -7.0777529
          ],
          [
            110.5430496,
            -7.0777119
          ],
          [
            110.5429297,
            -7.0775303
          ],
          [
            110.5428296,
            -7.0773499
          ],
          [
            110.5424541,
            -7.0767563
          ],
          [
            110.5422262,
            -7.0763966
          ],
          [
            110.5421275,
            -7.0762594
          ],
          [
            110.5420633,
            -7.0762168
          ],
          [
            110.5418731,
            -7.0761131
          ],
          [
            110.5417138,
            -7.0760263
          ],
          [
            110.541384,
            -7.0758158
          ],
          [
            110.5413437,
            -7.0757901
          ],
          [
            110.5410297,
            -7.0755279
          ],
          [
            110.5406168,
            -7.0751832
          ],
          [
            110.5403164,
            -7.074917
          ],
          [
            110.5402173,
            -7.0748253
          ],
          [
            110.5399597,
            -7.074587
          ],
          [
            110.539273,
            -7.0740462
          ],
          [
            110.5390289,
            -7.0738842
          ],
          [
            110.5385073,
            -7.073445
          ]
        ]
      }
    },
    {
      "type": "Feature",
      "properties": {
        "id": 783118907,
        "name": "Jalan Sultan Fattah",
        "type": "secondary",
        "kecamatan": "Demak"
      },
      "geometry": {
        "type": "LineString",
        "coordinates": [
          [
            110.6390116,
            -6.8938804
          ],
          [
            110.639015,
            -6.8938497
          ],
          [
            110.6390315,
            -6.8938015
          ],
          [
            110.6390639,
            -6.8937289
          ],
          [
            110.6392731,
            -6.8933886
          ],
          [
            110.6396329,
            -6.8928439
          ],
          [
            110.6403347,
            -6.8917862
          ],
          [
            110.6404177,
            -6.8917256
          ]
        ]
      }
    },
    {
      "type": "Feature",
      "properties": {
        "id": 784731534,
        "name": "",
        "type": "tertiary",
        "kecamatan": "Dempet"
      },
      "geometry": {
        "type": "LineString",
        "coordinates": [
          [
            110.7692322,
            -6.9503973
          ],
          [
            110.7692588,
            -6.9503183
          ]
        ]
      }
    },
    {
      "type": "Feature",
      "properties": {
        "id": 785762162,
        "name": "",
        "type": "tertiary",
        "kecamatan": "Mijen"
      },
      "geometry": {
        "type": "LineString",
        "coordinates": [
          [
            110.6769347,
            -6.8409992
          ],
          [
            110.6766652,
            -6.8408181
          ]
        ]
      }
    },
    {
      "type": "Feature",
      "properties": {
        "id": 785762163,
        "name": "",
        "type": "tertiary",
        "kecamatan": "Mijen"
      },
      "geometry": {
        "type": "LineString",
        "coordinates": [
          [
            110.6766652,
            -6.8408181
          ],
          [
            110.6766044,
            -6.8407745
          ],
          [
            110.6765086,
            -6.8407159
          ],
          [
            110.6753101,
            -6.8401328
          ],
          [
            110.6752545,
            -6.840104
          ],
          [
            110.6748257,
            -6.8398821
          ],
          [
            110.6747308,
            -6.8398333
          ],
          [
            110.674355,
            -6.8395458
          ],
          [
            110.6742567,
            -6.8394647
          ],
          [
            110.6740207,
            -6.83927
          ],
          [
            110.6737035,
            -6.8390096
          ],
          [
            110.6734891,
            -6.838865
          ],
          [
            110.6732995,
            -6.838772
          ],
          [
            110.6732636,
            -6.8387528
          ],
          [
            110.6731727,
            -6.8386451
          ],
          [
            110.6727742,
            -6.8382457
          ],
          [
            110.6725074,
            -6.8380271
          ],
          [
            110.6718803,
            -6.8375097
          ],
          [
            110.6715317,
            -6.8371856
          ]
        ]
      }
    },
    {
      "type": "Feature",
      "properties": {
        "id": 790265349,
        "name": "",
        "type": "tertiary",
        "kecamatan": "Mijen"
      },
      "geometry": {
        "type": "LineString",
        "coordinates": [
          [
            110.6682631,
            -6.8382748
          ],
          [
            110.6682249,
            -6.8383367
          ]
        ]
      }
    },
    {
      "type": "Feature",
      "properties": {
        "id": 790265350,
        "name": "",
        "type": "tertiary",
        "kecamatan": "Mijen"
      },
      "geometry": {
        "type": "LineString",
        "coordinates": [
          [
            110.6682249,
            -6.8383367
          ],
          [
            110.6681943,
            -6.8383885
          ],
          [
            110.6678072,
            -6.8391057
          ],
          [
            110.6672949,
            -6.8399952
          ],
          [
            110.6671031,
            -6.8402455
          ],
          [
            110.6669569,
            -6.8404546
          ],
          [
            110.6668416,
            -6.8405611
          ],
          [
            110.6666498,
            -6.8406809
          ],
          [
            110.666509,
            -6.8407968
          ],
          [
            110.6663916,
            -6.8408714
          ],
          [
            110.6660449,
            -6.8411696
          ],
          [
            110.6658438,
            -6.8413454
          ],
          [
            110.6657539,
            -6.8414053
          ],
          [
            110.6656399,
            -6.8414865
          ],
          [
            110.6653194,
            -6.8417129
          ],
          [
            110.6651491,
            -6.8418421
          ],
          [
            110.6650284,
            -6.8419779
          ],
          [
            110.6648473,
            -6.8421976
          ],
          [
            110.6647038,
            -6.84238
          ],
          [
            110.6646354,
            -6.8424825
          ],
          [
            110.6645456,
            -6.8426277
          ],
          [
            110.6644785,
            -6.8427435
          ],
          [
            110.664402,
            -6.8428873
          ],
          [
            110.6642317,
            -6.8432042
          ],
          [
            110.6640387,
            -6.8434839
          ],
          [
            110.6632548,
            -6.8447881
          ],
          [
            110.6630952,
            -6.8450704
          ],
          [
            110.6630677,
            -6.8451104
          ],
          [
            110.6630087,
            -6.8451816
          ],
          [
            110.6629282,
            -6.8452735
          ]
        ]
      }
    },
    {
      "type": "Feature",
      "properties": {
        "id": 791714190,
        "name": "",
        "type": "tertiary",
        "kecamatan": "Wonosalam"
      },
      "geometry": {
        "type": "LineString",
        "coordinates": [
          [
            110.6648789,
            -6.9723372
          ],
          [
            110.6649352,
            -6.9723163
          ]
        ]
      }
    },
    {
      "type": "Feature",
      "properties": {
        "id": 791724532,
        "name": "",
        "type": "tertiary",
        "kecamatan": "Wonosalam"
      },
      "geometry": {
        "type": "LineString",
        "coordinates": [
          [
            110.6648306,
            -6.9723125
          ],
          [
            110.6643522,
            -6.9720309
          ],
          [
            110.6634256,
            -6.9715168
          ],
          [
            110.6630485,
            -6.9713119
          ],
          [
            110.6618329,
            -6.9706201
          ],
          [
            110.6610085,
            -6.9701652
          ],
          [
            110.6608223,
            -6.9700587
          ],
          [
            110.6602476,
            -6.9697374
          ]
        ]
      }
    },
    {
      "type": "Feature",
      "properties": {
        "id": 792486896,
        "name": "",
        "type": "secondary",
        "kecamatan": "Wedung"
      },
      "geometry": {
        "type": "LineString",
        "coordinates": [
          [
            110.624513,
            -6.7766607
          ],
          [
            110.6245394,
            -6.7766266
          ]
        ]
      }
    },
    {
      "type": "Feature",
      "properties": {
        "id": 792486897,
        "name": "",
        "type": "secondary",
        "kecamatan": "Wedung"
      },
      "geometry": {
        "type": "LineString",
        "coordinates": [
          [
            110.6184811,
            -6.7854984
          ],
          [
            110.618471,
            -6.7851049
          ]
        ]
      }
    },
    {
      "type": "Feature",
      "properties": {
        "id": 792887404,
        "name": "",
        "type": "tertiary",
        "kecamatan": "Dempet"
      },
      "geometry": {
        "type": "LineString",
        "coordinates": [
          [
            110.763145,
            -6.9067482
          ],
          [
            110.7631262,
            -6.9067815
          ],
          [
            110.7630953,
            -6.9068381
          ]
        ]
      }
    },
    {
      "type": "Feature",
      "properties": {
        "id": 792887405,
        "name": "",
        "type": "tertiary",
        "kecamatan": "Dempet"
      },
      "geometry": {
        "type": "LineString",
        "coordinates": [
          [
            110.7631582,
            -6.9066463
          ],
          [
            110.763155,
            -6.9067023
          ],
          [
            110.763145,
            -6.9067482
          ]
        ]
      }
    },
    {
      "type": "Feature",
      "properties": {
        "id": 792889492,
        "name": "",
        "type": "tertiary",
        "kecamatan": "Dempet"
      },
      "geometry": {
        "type": "LineString",
        "coordinates": [
          [
            110.7609677,
            -6.9123673
          ],
          [
            110.760892,
            -6.9125547
          ]
        ]
      }
    },
    {
      "type": "Feature",
      "properties": {
        "id": 792889493,
        "name": "",
        "type": "tertiary",
        "kecamatan": "Dempet"
      },
      "geometry": {
        "type": "LineString",
        "coordinates": [
          [
            110.760892,
            -6.9125547
          ],
          [
            110.7607664,
            -6.9128433
          ],
          [
            110.7607129,
            -6.9129548
          ],
          [
            110.7606103,
            -6.9132093
          ],
          [
            110.7604413,
            -6.9136154
          ],
          [
            110.7604222,
            -6.9136646
          ],
          [
            110.7601985,
            -6.9142411
          ],
          [
            110.7600631,
            -6.9145527
          ],
          [
            110.7598566,
            -6.9150147
          ],
          [
            110.7596675,
            -6.9154713
          ],
          [
            110.7595065,
            -6.9158481
          ],
          [
            110.7593332,
            -6.9162421
          ],
          [
            110.7592988,
            -6.9163203
          ],
          [
            110.7591025,
            -6.9168188
          ],
          [
            110.7589144,
            -6.9172696
          ],
          [
            110.7587475,
            -6.9176724
          ],
          [
            110.7585763,
            -6.9180623
          ],
          [
            110.7585399,
            -6.9181351
          ],
          [
            110.7584914,
            -6.9182611
          ],
          [
            110.7582407,
            -6.9188248
          ],
          [
            110.7580771,
            -6.9191736
          ],
          [
            110.7578591,
            -6.9196344
          ],
          [
            110.7575479,
            -6.9202941
          ],
          [
            110.7572984,
            -6.920844
          ],
          [
            110.756945,
            -6.9215462
          ],
          [
            110.7559443,
            -6.9237282
          ],
          [
            110.7559355,
            -6.9237486
          ]
        ]
      }
    },
    {
      "type": "Feature",
      "properties": {
        "id": 793847980,
        "name": "",
        "type": "tertiary",
        "kecamatan": "Wonosalam"
      },
      "geometry": {
        "type": "LineString",
        "coordinates": [
          [
            110.6823444,
            -6.9412022
          ],
          [
            110.6824058,
            -6.9411174
          ]
        ]
      }
    },
    {
      "type": "Feature",
      "properties": {
        "id": 793847981,
        "name": "",
        "type": "tertiary",
        "kecamatan": "Wonosalam"
      },
      "geometry": {
        "type": "LineString",
        "coordinates": [
          [
            110.6824058,
            -6.9411174
          ],
          [
            110.6824279,
            -6.9410924
          ],
          [
            110.6824946,
            -6.9410275
          ]
        ]
      }
    },
    {
      "type": "Feature",
      "properties": {
        "id": 793853200,
        "name": "",
        "type": "tertiary",
        "kecamatan": "Wedung"
      },
      "geometry": {
        "type": "LineString",
        "coordinates": [
          [
            110.6670414,
            -6.7802258
          ],
          [
            110.6671017,
            -6.7799874
          ]
        ]
      }
    },
    {
      "type": "Feature",
      "properties": {
        "id": 793853201,
        "name": "",
        "type": "tertiary",
        "kecamatan": "Wedung"
      },
      "geometry": {
        "type": "LineString",
        "coordinates": [
          [
            110.662831,
            -6.7872918
          ],
          [
            110.6629007,
            -6.7871786
          ],
          [
            110.6629363,
            -6.7871287
          ],
          [
            110.6630288,
            -6.7870088
          ],
          [
            110.6631408,
            -6.7868957
          ],
          [
            110.6632648,
            -6.7867598
          ],
          [
            110.663572,
            -6.7864409
          ],
          [
            110.6637409,
            -6.7862611
          ],
          [
            110.6638388,
            -6.7861386
          ],
          [
            110.6639273,
            -6.7860214
          ],
          [
            110.6640159,
            -6.7858989
          ],
          [
            110.6641057,
            -6.7857697
          ],
          [
            110.6641889,
            -6.7856512
          ],
          [
            110.6642505,
            -6.7855686
          ],
          [
            110.6644732,
            -6.7853023
          ],
          [
            110.6646354,
            -6.7851265
          ],
          [
            110.6648111,
            -6.784956
          ],
          [
            110.6652054,
            -6.7845778
          ],
          [
            110.6652912,
            -6.7844846
          ],
          [
            110.6653959,
            -6.7843541
          ],
          [
            110.6655085,
            -6.7841636
          ],
          [
            110.6656761,
            -6.7838747
          ],
          [
            110.6659484,
            -6.7832834
          ],
          [
            110.666053,
            -6.783049
          ],
          [
            110.6661656,
            -6.7828066
          ],
          [
            110.6662059,
            -6.7826761
          ],
          [
            110.6662595,
            -6.7824657
          ],
          [
            110.6663226,
            -6.7822034
          ],
          [
            110.6663856,
            -6.7819144
          ],
          [
            110.6664473,
            -6.7817412
          ],
          [
            110.666521,
            -6.7815495
          ],
          [
            110.6665733,
            -6.7814243
          ],
          [
            110.6666914,
            -6.7811793
          ],
          [
            110.6667557,
            -6.7810221
          ],
          [
            110.6668778,
            -6.7807145
          ],
          [
            110.6669489,
            -6.7804788
          ],
          [
            110.6670159,
            -6.7802923
          ],
          [
            110.6670414,
            -6.7802258
          ]
        ]
      }
    },
    {
      "type": "Feature",
      "properties": {
        "id": 794251589,
        "name": "",
        "type": "tertiary",
        "kecamatan": "Mranggen"
      },
      "geometry": {
        "type": "LineString",
        "coordinates": [
          [
            110.5079207,
            -7.0509577
          ],
          [
            110.5075286,
            -7.0507363
          ]
        ]
      }
    },
    {
      "type": "Feature",
      "properties": {
        "id": 794273330,
        "name": "",
        "type": "secondary",
        "kecamatan": "Mranggen"
      },
      "geometry": {
        "type": "LineString",
        "coordinates": [
          [
            110.4987686,
            -7.0412862
          ],
          [
            110.4987946,
            -7.0412344
          ],
          [
            110.4990157,
            -7.0408382
          ],
          [
            110.4991807,
            -7.0405175
          ],
          [
            110.4993859,
            -7.0401222
          ],
          [
            110.4994602,
            -7.0399833
          ],
          [
            110.4995792,
            -7.0397609
          ],
          [
            110.4996176,
            -7.0396891
          ],
          [
            110.4997674,
            -7.0394187
          ],
          [
            110.4999057,
            -7.0391687
          ],
          [
            110.5000786,
            -7.0388564
          ],
          [
            110.5002721,
            -7.0385085
          ],
          [
            110.500438,
            -7.0382109
          ],
          [
            110.5005815,
            -7.0379357
          ],
          [
            110.5006962,
            -7.0376991
          ],
          [
            110.5007652,
            -7.0375447
          ]
        ]
      }
    },
    {
      "type": "Feature",
      "properties": {
        "id": 795120115,
        "name": "",
        "type": "secondary",
        "kecamatan": "Mijen"
      },
      "geometry": {
        "type": "LineString",
        "coordinates": [
          [
            110.6865692,
            -6.7955031
          ],
          [
            110.6867174,
            -6.7954558
          ]
        ]
      }
    },
    {
      "type": "Feature",
      "properties": {
        "id": 795120116,
        "name": "",
        "type": "secondary",
        "kecamatan": "Mijen"
      },
      "geometry": {
        "type": "LineString",
        "coordinates": [
          [
            110.6867174,
            -6.7954558
          ],
          [
            110.6872398,
            -6.7953006
          ],
          [
            110.6876582,
            -6.7951595
          ],
          [
            110.6881509,
            -6.7950131
          ],
          [
            110.6882718,
            -6.7949833
          ],
          [
            110.6885326,
            -6.7949411
          ],
          [
            110.6888959,
            -6.7949034
          ],
          [
            110.6893104,
            -6.7948639
          ],
          [
            110.689694,
            -6.7948399
          ],
          [
            110.6905121,
            -6.7947626
          ],
          [
            110.6908125,
            -6.794744
          ],
          [
            110.6920963,
            -6.7947073
          ],
          [
            110.6921767,
            -6.7947046
          ],
          [
            110.6937749,
            -6.7947146
          ],
          [
            110.6951024,
            -6.7946752
          ],
          [
            110.6957977,
            -6.7946124
          ],
          [
            110.6965675,
            -6.7945458
          ],
          [
            110.6972859,
            -6.7944742
          ],
          [
            110.6982295,
            -6.7943854
          ],
          [
            110.6982776,
            -6.7943772
          ],
          [
            110.6992751,
            -6.7943064
          ],
          [
            110.6999245,
            -6.7942568
          ],
          [
            110.7001176,
            -6.7942467
          ],
          [
            110.7009324,
            -6.7941687
          ],
          [
            110.7016893,
            -6.7940882
          ],
          [
            110.7026388,
            -6.7940103
          ],
          [
            110.7027548,
            -6.7939863
          ],
          [
            110.7028811,
            -6.7939217
          ],
          [
            110.7029058,
            -6.7939064
          ]
        ]
      }
    },
    {
      "type": "Feature",
      "properties": {
        "id": 795160529,
        "name": "",
        "type": "tertiary",
        "kecamatan": "Guntur"
      },
      "geometry": {
        "type": "LineString",
        "coordinates": [
          [
            110.5851656,
            -6.9554806
          ],
          [
            110.5853,
            -6.9553477
          ],
          [
            110.5854453,
            -6.955216
          ],
          [
            110.5858299,
            -6.9548498
          ],
          [
            110.5863085,
            -6.9543976
          ]
        ]
      }
    },
    {
      "type": "Feature",
      "properties": {
        "id": 795160530,
        "name": "",
        "type": "tertiary",
        "kecamatan": "Guntur"
      },
      "geometry": {
        "type": "LineString",
        "coordinates": [
          [
            110.5851045,
            -6.9555401
          ],
          [
            110.5851656,
            -6.9554806
          ]
        ]
      }
    },
    {
      "type": "Feature",
      "properties": {
        "id": 796857849,
        "name": "",
        "type": "tertiary",
        "kecamatan": "Wedung"
      },
      "geometry": {
        "type": "LineString",
        "coordinates": [
          [
            110.6696901,
            -6.7300391
          ],
          [
            110.6699476,
            -6.7300364
          ]
        ]
      }
    },
    {
      "type": "Feature",
      "properties": {
        "id": 796857850,
        "name": "",
        "type": "tertiary",
        "kecamatan": "Wedung"
      },
      "geometry": {
        "type": "LineString",
        "coordinates": [
          [
            110.6694993,
            -6.7300683
          ],
          [
            110.6695482,
            -6.730061
          ],
          [
            110.6696126,
            -6.7300531
          ],
          [
            110.6696901,
            -6.7300391
          ]
        ]
      }
    },
    {
      "type": "Feature",
      "properties": {
        "id": 799569110,
        "name": "",
        "type": "tertiary",
        "kecamatan": "Demak"
      },
      "geometry": {
        "type": "LineString",
        "coordinates": [
          [
            110.6464078,
            -6.8907116
          ],
          [
            110.6463287,
            -6.8907575
          ]
        ]
      }
    },
    {
      "type": "Feature",
      "properties": {
        "id": 799569111,
        "name": "",
        "type": "tertiary",
        "kecamatan": "Demak"
      },
      "geometry": {
        "type": "LineString",
        "coordinates": [
          [
            110.6463287,
            -6.8907575
          ],
          [
            110.6463157,
            -6.8907658
          ],
          [
            110.6462851,
            -6.8907861
          ],
          [
            110.6460406,
            -6.8909176
          ],
          [
            110.6457145,
            -6.8911024
          ],
          [
            110.6456662,
            -6.8911163
          ],
          [
            110.6456233,
            -6.891115
          ],
          [
            110.6455663,
            -6.8911057
          ],
          [
            110.6455106,
            -6.8910944
          ],
          [
            110.6454577,
            -6.8910691
          ],
          [
            110.6453557,
            -6.8910126
          ],
          [
            110.6452605,
            -6.8909599
          ],
          [
            110.6451116,
            -6.8908787
          ],
          [
            110.6449308,
            -6.8907831
          ],
          [
            110.6447636,
            -6.8907276
          ],
          [
            110.6446255,
            -6.8906916
          ],
          [
            110.6443253,
            -6.8906194
          ],
          [
            110.6441219,
            -6.8905705
          ],
          [
            110.6439114,
            -6.8905285
          ],
          [
            110.6437886,
            -6.8905112
          ],
          [
            110.6435992,
            -6.8904983
          ]
        ]
      }
    },
    {
      "type": "Feature",
      "properties": {
        "id": 799788398,
        "name": "Jalan Pemuda",
        "type": "secondary",
        "kecamatan": "Demak"
      },
      "geometry": {
        "type": "LineString",
        "coordinates": [
          [
            110.6412629,
            -6.8905262
          ],
          [
            110.6411685,
            -6.8904171
          ]
        ]
      }
    },
    {
      "type": "Feature",
      "properties": {
        "id": 799788399,
        "name": "Jalan Pemuda",
        "type": "secondary",
        "kecamatan": "Demak"
      },
      "geometry": {
        "type": "LineString",
        "coordinates": [
          [
            110.6411685,
            -6.8904171
          ],
          [
            110.6413452,
            -6.8904241
          ]
        ]
      }
    },
    {
      "type": "Feature",
      "properties": {
        "id": 801041833,
        "name": "",
        "type": "tertiary",
        "kecamatan": "Wedung"
      },
      "geometry": {
        "type": "LineString",
        "coordinates": [
          [
            110.6627973,
            -6.7873514
          ],
          [
            110.662831,
            -6.7872918
          ]
        ]
      }
    },
    {
      "type": "Feature",
      "properties": {
        "id": 801669977,
        "name": "Jalan Sultan Fattah",
        "type": "secondary",
        "kecamatan": "Demak"
      },
      "geometry": {
        "type": "LineString",
        "coordinates": [
          [
            110.6237398,
            -6.9060653
          ],
          [
            110.6239947,
            -6.905917
          ],
          [
            110.6244523,
            -6.9056302
          ]
        ]
      }
    },
    {
      "type": "Feature",
      "properties": {
        "id": 802856186,
        "name": "",
        "type": "secondary",
        "kecamatan": "Mranggen"
      },
      "geometry": {
        "type": "LineString",
        "coordinates": [
          [
            110.4854833,
            -7.0384575
          ],
          [
            110.4854122,
            -7.0384285
          ]
        ]
      }
    },
    {
      "type": "Feature",
      "properties": {
        "id": 803009839,
        "name": "Jalan Letnan Jenderal Sarwo Edi",
        "type": "secondary",
        "kecamatan": "Mranggen"
      },
      "geometry": {
        "type": "LineString",
        "coordinates": [
          [
            110.4866392,
            -7.034875
          ],
          [
            110.4866705,
            -7.0348842
          ],
          [
            110.4874613,
            -7.0351165
          ],
          [
            110.4874931,
            -7.0351257
          ]
        ]
      }
    },
    {
      "type": "Feature",
      "properties": {
        "id": 803009840,
        "name": "",
        "type": "secondary",
        "kecamatan": "Mranggen"
      },
      "geometry": {
        "type": "LineString",
        "coordinates": [
          [
            110.4874931,
            -7.0351257
          ],
          [
            110.4878154,
            -7.0352264
          ]
        ]
      }
    },
    {
      "type": "Feature",
      "properties": {
        "id": 803009847,
        "name": "",
        "type": "secondary",
        "kecamatan": "Mranggen"
      },
      "geometry": {
        "type": "LineString",
        "coordinates": [
          [
            110.4878154,
            -7.0352264
          ],
          [
            110.487917,
            -7.0352583
          ],
          [
            110.4881491,
            -7.0353419
          ],
          [
            110.4883496,
            -7.0354354
          ],
          [
            110.4886277,
            -7.0355773
          ],
          [
            110.4887509,
            -7.0356404
          ],
          [
            110.4889303,
            -7.0357259
          ],
          [
            110.4890764,
            -7.0357834
          ],
          [
            110.4893725,
            -7.0358999
          ],
          [
            110.4896635,
            -7.0360072
          ],
          [
            110.4898071,
            -7.0360666
          ],
          [
            110.4898677,
            -7.0360936
          ],
          [
            110.4899167,
            -7.0361222
          ],
          [
            110.4899459,
            -7.0361498
          ],
          [
            110.4899656,
            -7.0361718
          ],
          [
            110.4899985,
            -7.0362273
          ],
          [
            110.4901449,
            -7.0364665
          ],
          [
            110.4902446,
            -7.0366436
          ],
          [
            110.4903636,
            -7.0368419
          ],
          [
            110.4903731,
            -7.0368576
          ],
          [
            110.4904993,
            -7.0370653
          ],
          [
            110.4905061,
            -7.0370765
          ],
          [
            110.4906416,
            -7.0373018
          ],
          [
            110.4908203,
            -7.0376008
          ],
          [
            110.4909557,
            -7.0378375
          ],
          [
            110.491064,
            -7.0380165
          ],
          [
            110.4911597,
            -7.0381807
          ],
          [
            110.491242,
            -7.038322
          ],
          [
            110.4913406,
            -7.038498
          ],
          [
            110.4914144,
            -7.0386168
          ],
          [
            110.4914491,
            -7.038668
          ],
          [
            110.4914546,
            -7.038676
          ],
          [
            110.4914771,
            -7.038703
          ],
          [
            110.4915076,
            -7.0387343
          ],
          [
            110.4915455,
            -7.0387735
          ],
          [
            110.491588,
            -7.0388015
          ],
          [
            110.4916688,
            -7.0388494
          ],
          [
            110.4918804,
            -7.0389379
          ],
          [
            110.4920169,
            -7.0389932
          ],
          [
            110.4923964,
            -7.0391512
          ],
          [
            110.4925859,
            -7.0392292
          ],
          [
            110.4928977,
            -7.0393611
          ],
          [
            110.4939104,
            -7.0397848
          ],
          [
            110.494192,
            -7.0399013
          ],
          [
            110.4949253,
            -7.0402161
          ],
          [
            110.4954887,
            -7.0404459
          ],
          [
            110.4957161,
            -7.0405522
          ],
          [
            110.495885,
            -7.0406218
          ],
          [
            110.4964261,
            -7.0408506
          ],
          [
            110.496664,
            -7.0409494
          ],
          [
            110.4969373,
            -7.0410678
          ],
          [
            110.4973618,
            -7.0412563
          ],
          [
            110.4974106,
            -7.0412782
          ]
        ]
      }
    },
    {
      "type": "Feature",
      "properties": {
        "id": 803009848,
        "name": "",
        "type": "secondary",
        "kecamatan": "Mranggen"
      },
      "geometry": {
        "type": "LineString",
        "coordinates": [
          [
            110.4976164,
            -7.0408035
          ],
          [
            110.4974106,
            -7.0412782
          ],
          [
            110.4973927,
            -7.0413194
          ]
        ]
      }
    },
    {
      "type": "Feature",
      "properties": {
        "id": 803009849,
        "name": "",
        "type": "secondary",
        "kecamatan": "Mranggen"
      },
      "geometry": {
        "type": "LineString",
        "coordinates": [
          [
            110.4975667,
            -7.0407837
          ],
          [
            110.4975855,
            -7.040741
          ]
        ]
      }
    },
    {
      "type": "Feature",
      "properties": {
        "id": 803009850,
        "name": "",
        "type": "secondary",
        "kecamatan": "Mranggen"
      },
      "geometry": {
        "type": "LineString",
        "coordinates": [
          [
            110.4976347,
            -7.0407603
          ],
          [
            110.4976164,
            -7.0408035
          ]
        ]
      }
    },
    {
      "type": "Feature",
      "properties": {
        "id": 803009851,
        "name": "",
        "type": "secondary",
        "kecamatan": "Mranggen"
      },
      "geometry": {
        "type": "LineString",
        "coordinates": [
          [
            110.4971345,
            -7.040547
          ],
          [
            110.4975855,
            -7.040741
          ]
        ]
      }
    },
    {
      "type": "Feature",
      "properties": {
        "id": 803009852,
        "name": "",
        "type": "secondary",
        "kecamatan": "Mranggen"
      },
      "geometry": {
        "type": "LineString",
        "coordinates": [
          [
            110.4975855,
            -7.040741
          ],
          [
            110.4976347,
            -7.0407603
          ],
          [
            110.4978771,
            -7.0408525
          ],
          [
            110.4984694,
            -7.0410948
          ],
          [
            110.4987946,
            -7.0412344
          ]
        ]
      }
    },
    {
      "type": "Feature",
      "properties": {
        "id": 803009853,
        "name": "",
        "type": "secondary",
        "kecamatan": "Mranggen"
      },
      "geometry": {
        "type": "LineString",
        "coordinates": [
          [
            110.4973437,
            -7.0412981
          ],
          [
            110.4973618,
            -7.0412563
          ],
          [
            110.4975667,
            -7.0407837
          ]
        ]
      }
    },
    {
      "type": "Feature",
      "properties": {
        "id": 803009854,
        "name": "",
        "type": "secondary",
        "kecamatan": "Mranggen"
      },
      "geometry": {
        "type": "LineString",
        "coordinates": [
          [
            110.4987686,
            -7.0412862
          ],
          [
            110.4984374,
            -7.0411517
          ],
          [
            110.497859,
            -7.0409001
          ],
          [
            110.4976164,
            -7.0408035
          ],
          [
            110.4975667,
            -7.0407837
          ]
        ]
      }
    },
    {
      "type": "Feature",
      "properties": {
        "id": 804086780,
        "name": "Gang Gading Mas",
        "type": "secondary",
        "kecamatan": "Mranggen"
      },
      "geometry": {
        "type": "LineString",
        "coordinates": [
          [
            110.4866549,
            -7.0349344
          ],
          [
            110.4866418,
            -7.0349546
          ],
          [
            110.4866238,
            -7.0349806
          ]
        ]
      }
    },
    {
      "type": "Feature",
      "properties": {
        "id": 804086781,
        "name": "Gang Gading Mas",
        "type": "secondary",
        "kecamatan": "Mranggen"
      },
      "geometry": {
        "type": "LineString",
        "coordinates": [
          [
            110.4866238,
            -7.0349806
          ],
          [
            110.486626,
            -7.0349499
          ],
          [
            110.4866266,
            -7.0349266
          ]
        ]
      }
    },
    {
      "type": "Feature",
      "properties": {
        "id": 804086782,
        "name": "Jalan Letnan Jenderal Sarwo Edi",
        "type": "secondary",
        "kecamatan": "Mranggen"
      },
      "geometry": {
        "type": "LineString",
        "coordinates": [
          [
            110.4876464,
            -7.0290896
          ],
          [
            110.4876553,
            -7.0291171
          ],
          [
            110.4876573,
            -7.0291437
          ],
          [
            110.4876522,
            -7.0292375
          ],
          [
            110.4876455,
            -7.0293837
          ],
          [
            110.4876469,
            -7.0294092
          ],
          [
            110.4876489,
            -7.029509
          ],
          [
            110.4876553,
            -7.0295673
          ],
          [
            110.4876633,
            -7.029609
          ],
          [
            110.4876777,
            -7.0296741
          ],
          [
            110.4877226,
            -7.0298228
          ],
          [
            110.4877558,
            -7.0299323
          ],
          [
            110.4878027,
            -7.0300985
          ],
          [
            110.4878178,
            -7.0302279
          ],
          [
            110.4878186,
            -7.0303729
          ],
          [
            110.4878131,
            -7.0305321
          ],
          [
            110.4877982,
            -7.0306991
          ],
          [
            110.4877739,
            -7.030862
          ],
          [
            110.4877498,
            -7.0309775
          ],
          [
            110.4877081,
            -7.0311201
          ],
          [
            110.4876563,
            -7.0312405
          ],
          [
            110.4876023,
            -7.0313389
          ],
          [
            110.4875315,
            -7.0314569
          ],
          [
            110.48739,
            -7.0316749
          ],
          [
            110.4872947,
            -7.0318199
          ],
          [
            110.4872419,
            -7.0319089
          ],
          [
            110.4872046,
            -7.0319814
          ],
          [
            110.4871726,
            -7.0320604
          ],
          [
            110.4871147,
            -7.032244
          ],
          [
            110.4870896,
            -7.0323351
          ],
          [
            110.4870541,
            -7.0324625
          ],
          [
            110.487025,
            -7.0326216
          ],
          [
            110.4870039,
            -7.0328585
          ],
          [
            110.4870058,
            -7.0329391
          ],
          [
            110.4870141,
            -7.032973
          ],
          [
            110.4870276,
            -7.0330108
          ],
          [
            110.4870462,
            -7.0330439
          ],
          [
            110.4870663,
            -7.0330786
          ],
          [
            110.4871238,
            -7.033169
          ],
          [
            110.4871367,
            -7.033199
          ],
          [
            110.4871451,
            -7.0332251
          ],
          [
            110.4871505,
            -7.0332524
          ],
          [
            110.4871513,
            -7.0332868
          ],
          [
            110.487144,
            -7.0333206
          ],
          [
            110.4870368,
            -7.033668
          ],
          [
            110.4869156,
            -7.0340728
          ],
          [
            110.4868285,
            -7.0343603
          ],
          [
            110.4867047,
            -7.0347759
          ],
          [
            110.4866705,
            -7.0348842
          ],
          [
            110.4866549,
            -7.0349344
          ]
        ]
      }
    },
    {
      "type": "Feature",
      "properties": {
        "id": 804086783,
        "name": "Jalan Letnan Jenderal Sarwo Edi",
        "type": "secondary",
        "kecamatan": "Mranggen"
      },
      "geometry": {
        "type": "LineString",
        "coordinates": [
          [
            110.4866266,
            -7.0349266
          ],
          [
            110.4866392,
            -7.034875
          ],
          [
            110.4866719,
            -7.0347642
          ],
          [
            110.4867906,
            -7.0343526
          ],
          [
            110.4868739,
            -7.0340598
          ],
          [
            110.4869988,
            -7.0336552
          ],
          [
            110.4871111,
            -7.0333214
          ],
          [
            110.4871153,
            -7.0332868
          ],
          [
            110.4871141,
            -7.0332564
          ],
          [
            110.4871086,
            -7.0332294
          ],
          [
            110.4870972,
            -7.0332035
          ],
          [
            110.4870782,
            -7.0331737
          ],
          [
            110.4870313,
            -7.0331066
          ],
          [
            110.4870045,
            -7.0330659
          ],
          [
            110.4869874,
            -7.0330256
          ],
          [
            110.4869753,
            -7.032983
          ],
          [
            110.4869656,
            -7.0329461
          ],
          [
            110.4869632,
            -7.0329025
          ],
          [
            110.4869616,
            -7.0328609
          ],
          [
            110.4869793,
            -7.032618
          ],
          [
            110.4870197,
            -7.0324571
          ],
          [
            110.487044,
            -7.0323285
          ],
          [
            110.4870695,
            -7.032235
          ],
          [
            110.4871292,
            -7.0320425
          ],
          [
            110.4871671,
            -7.0319651
          ],
          [
            110.4872103,
            -7.0318892
          ],
          [
            110.4872633,
            -7.0318051
          ],
          [
            110.4873548,
            -7.031663
          ],
          [
            110.4874923,
            -7.0314435
          ],
          [
            110.4875614,
            -7.0313212
          ],
          [
            110.487613,
            -7.0312144
          ],
          [
            110.4876633,
            -7.0311006
          ],
          [
            110.4877015,
            -7.0309682
          ],
          [
            110.4877236,
            -7.0308637
          ],
          [
            110.4877532,
            -7.0306993
          ],
          [
            110.4877696,
            -7.0305279
          ],
          [
            110.4877823,
            -7.0303686
          ],
          [
            110.487777,
            -7.0302331
          ],
          [
            110.4877696,
            -7.0301692
          ],
          [
            110.4877592,
            -7.030102
          ],
          [
            110.4876834,
            -7.0298338
          ],
          [
            110.4876392,
            -7.0296907
          ],
          [
            110.4876154,
            -7.0295912
          ],
          [
            110.4876113,
            -7.029549
          ],
          [
            110.4876086,
            -7.0294957
          ],
          [
            110.487609,
            -7.0294106
          ],
          [
            110.487608,
            -7.0293819
          ],
          [
            110.4876174,
            -7.0292359
          ],
          [
            110.4876234,
            -7.0291437
          ],
          [
            110.4876318,
            -7.0291164
          ],
          [
            110.4876464,
            -7.0290896
          ]
        ]
      }
    },
    {
      "type": "Feature",
      "properties": {
        "id": 805303125,
        "name": "Jalan Semarang - Purwodadi",
        "type": "primary",
        "kecamatan": "Karangawen"
      },
      "geometry": {
        "type": "LineString",
        "coordinates": [
          [
            110.5948256,
            -7.048715
          ],
          [
            110.5947345,
            -7.0486852
          ],
          [
            110.5946095,
            -7.0486499
          ],
          [
            110.5943911,
            -7.0486005
          ],
          [
            110.594119,
            -7.0485518
          ],
          [
            110.5940095,
            -7.048524
          ],
          [
            110.5925955,
            -7.0482113
          ],
          [
            110.5921855,
            -7.0481047
          ],
          [
            110.5920322,
            -7.0480649
          ],
          [
            110.5899104,
            -7.0476209
          ],
          [
            110.5898309,
            -7.0476115
          ]
        ]
      }
    },
    {
      "type": "Feature",
      "properties": {
        "id": 805303126,
        "name": "",
        "type": "primary",
        "kecamatan": "Karangawen"
      },
      "geometry": {
        "type": "LineString",
        "coordinates": [
          [
            110.5949369,
            -7.0487383
          ],
          [
            110.5948256,
            -7.048715
          ]
        ]
      }
    },
    {
      "type": "Feature",
      "properties": {
        "id": 805303127,
        "name": "",
        "type": "secondary",
        "kecamatan": "Guntur"
      },
      "geometry": {
        "type": "LineString",
        "coordinates": [
          [
            110.5901304,
            -7.0307439
          ],
          [
            110.5901787,
            -7.0306752
          ]
        ]
      }
    },
    {
      "type": "Feature",
      "properties": {
        "id": 805303128,
        "name": "",
        "type": "secondary",
        "kecamatan": "Karangawen"
      },
      "geometry": {
        "type": "LineString",
        "coordinates": [
          [
            110.5899467,
            -7.030988
          ],
          [
            110.5900625,
            -7.0308543
          ],
          [
            110.5901304,
            -7.0307439
          ]
        ]
      }
    },
    {
      "type": "Feature",
      "properties": {
        "id": 805307287,
        "name": "",
        "type": "primary",
        "kecamatan": "Karangawen"
      },
      "geometry": {
        "type": "LineString",
        "coordinates": [
          [
            110.5779967,
            -7.0448858
          ],
          [
            110.5779471,
            -7.0448731
          ]
        ]
      }
    },
    {
      "type": "Feature",
      "properties": {
        "id": 805307288,
        "name": "Jalan Semarang - Purwodadi",
        "type": "primary",
        "kecamatan": "Karangawen"
      },
      "geometry": {
        "type": "LineString",
        "coordinates": [
          [
            110.5894067,
            -7.0475072
          ],
          [
            110.589364,
            -7.0474978
          ],
          [
            110.5888887,
            -7.0473897
          ],
          [
            110.5888417,
            -7.047376
          ],
          [
            110.5875877,
            -7.0470925
          ],
          [
            110.586442,
            -7.0467799
          ],
          [
            110.584701,
            -7.0463944
          ],
          [
            110.5841089,
            -7.046261
          ],
          [
            110.5831313,
            -7.0460407
          ],
          [
            110.5813465,
            -7.0456459
          ],
          [
            110.580456,
            -7.0454456
          ],
          [
            110.5803568,
            -7.0454223
          ],
          [
            110.5798258,
            -7.0452975
          ],
          [
            110.5797779,
            -7.0452871
          ],
          [
            110.5791952,
            -7.0451572
          ],
          [
            110.5779967,
            -7.0448858
          ]
        ]
      }
    },
    {
      "type": "Feature",
      "properties": {
        "id": 806673673,
        "name": "",
        "type": "tertiary",
        "kecamatan": "Mijen"
      },
      "geometry": {
        "type": "LineString",
        "coordinates": [
          [
            110.6629282,
            -6.8452735
          ],
          [
            110.6628444,
            -6.8453953
          ]
        ]
      }
    },
    {
      "type": "Feature",
      "properties": {
        "id": 806673674,
        "name": "",
        "type": "tertiary",
        "kecamatan": "Demak"
      },
      "geometry": {
        "type": "LineString",
        "coordinates": [
          [
            110.6628444,
            -6.8453953
          ],
          [
            110.6627653,
            -6.8455318
          ],
          [
            110.6625701,
            -6.845832
          ],
          [
            110.6623918,
            -6.846099
          ],
          [
            110.6623395,
            -6.8461749
          ],
          [
            110.6622885,
            -6.8462402
          ],
          [
            110.6622362,
            -6.8462881
          ],
          [
            110.6621557,
            -6.846336
          ],
          [
            110.6618687,
            -6.8465011
          ],
          [
            110.6606886,
            -6.847103
          ],
          [
            110.6598356,
            -6.8475051
          ],
          [
            110.6596211,
            -6.8476303
          ],
          [
            110.6594682,
            -6.8477288
          ],
          [
            110.6592616,
            -6.8479152
          ]
        ]
      }
    },
    {
      "type": "Feature",
      "properties": {
        "id": 807425300,
        "name": "",
        "type": "tertiary",
        "kecamatan": "Guntur"
      },
      "geometry": {
        "type": "LineString",
        "coordinates": [
          [
            110.6192709,
            -6.9728346
          ],
          [
            110.6192066,
            -6.9728206
          ]
        ]
      }
    },
    {
      "type": "Feature",
      "properties": {
        "id": 807425301,
        "name": "",
        "type": "tertiary",
        "kecamatan": "Guntur"
      },
      "geometry": {
        "type": "LineString",
        "coordinates": [
          [
            110.6192066,
            -6.9728206
          ],
          [
            110.619177,
            -6.9728152
          ]
        ]
      }
    },
    {
      "type": "Feature",
      "properties": {
        "id": 814055920,
        "name": "",
        "type": "tertiary",
        "kecamatan": "Demak"
      },
      "geometry": {
        "type": "LineString",
        "coordinates": [
          [
            110.6288074,
            -6.9025528
          ],
          [
            110.6288879,
            -6.9025156
          ],
          [
            110.6289284,
            -6.902492
          ],
          [
            110.6289504,
            -6.9024785
          ],
          [
            110.6298646,
            -6.9018421
          ],
          [
            110.6301733,
            -6.9016331
          ],
          [
            110.6310701,
            -6.9010785
          ],
          [
            110.6316703,
            -6.900686
          ],
          [
            110.6320961,
            -6.9004053
          ],
          [
            110.6325931,
            -6.9000744
          ],
          [
            110.6327263,
            -6.8999908
          ],
          [
            110.6330872,
            -6.8997626
          ],
          [
            110.6333091,
            -6.8996131
          ],
          [
            110.6334668,
            -6.8995242
          ],
          [
            110.6336411,
            -6.899409
          ],
          [
            110.6340035,
            -6.8991695
          ],
          [
            110.6342309,
            -6.8990189
          ],
          [
            110.6350524,
            -6.8984763
          ],
          [
            110.6352488,
            -6.8983458
          ],
          [
            110.6352632,
            -6.8983372
          ],
          [
            110.6352736,
            -6.8983305
          ],
          [
            110.6352857,
            -6.8983209
          ],
          [
            110.6353128,
            -6.8983042
          ]
        ]
      }
    },
    {
      "type": "Feature",
      "properties": {
        "id": 814055921,
        "name": "",
        "type": "tertiary",
        "kecamatan": "Demak"
      },
      "geometry": {
        "type": "LineString",
        "coordinates": [
          [
            110.6348442,
            -6.8987639
          ],
          [
            110.6348214,
            -6.8988285
          ],
          [
            110.6348046,
            -6.8988591
          ],
          [
            110.6347872,
            -6.8988784
          ],
          [
            110.634403,
            -6.899134
          ],
          [
            110.6342003,
            -6.8992688
          ],
          [
            110.633976,
            -6.8994168
          ],
          [
            110.6334863,
            -6.8997438
          ],
          [
            110.6328597,
            -6.9001642
          ],
          [
            110.63256,
            -6.9003652
          ],
          [
            110.6324997,
            -6.9004057
          ],
          [
            110.6314776,
            -6.9010677
          ],
          [
            110.6311241,
            -6.9012917
          ],
          [
            110.6303145,
            -6.9018206
          ],
          [
            110.6301443,
            -6.9019299
          ],
          [
            110.6296943,
            -6.9022189
          ],
          [
            110.6293037,
            -6.9024963
          ],
          [
            110.6292229,
            -6.9025537
          ],
          [
            110.6291632,
            -6.9025884
          ],
          [
            110.6291337,
            -6.9026023
          ],
          [
            110.6290969,
            -6.9026083
          ],
          [
            110.6290077,
            -6.9026077
          ]
        ]
      }
    },
    {
      "type": "Feature",
      "properties": {
        "id": 814138976,
        "name": "",
        "type": "tertiary",
        "kecamatan": "Demak"
      },
      "geometry": {
        "type": "LineString",
        "coordinates": [
          [
            110.6358317,
            -6.8987476
          ],
          [
            110.6357668,
            -6.8987073
          ],
          [
            110.6357038,
            -6.8986308
          ],
          [
            110.6354998,
            -6.8983452
          ]
        ]
      }
    },
    {
      "type": "Feature",
      "properties": {
        "id": 823468568,
        "name": "",
        "type": "tertiary",
        "kecamatan": "Kebonagung"
      },
      "geometry": {
        "type": "LineString",
        "coordinates": [
          [
            110.7179762,
            -7.0275176
          ],
          [
            110.7179361,
            -7.0277763
          ],
          [
            110.7178592,
            -7.0282729
          ]
        ]
      }
    },
    {
      "type": "Feature",
      "properties": {
        "id": 910651186,
        "name": "",
        "type": "secondary",
        "kecamatan": "Demak"
      },
      "geometry": {
        "type": "LineString",
        "coordinates": [
          [
            110.6288103,
            -6.9026645
          ],
          [
            110.6288078,
            -6.9027501
          ]
        ]
      }
    },
    {
      "type": "Feature",
      "properties": {
        "id": 914895365,
        "name": "Jalan Raya Bandungrejo",
        "type": "primary",
        "kecamatan": "Mranggen"
      },
      "geometry": {
        "type": "LineString",
        "coordinates": [
          [
            110.5099578,
            -7.0243829
          ],
          [
            110.5102327,
            -7.0244608
          ]
        ]
      }
    },
    {
      "type": "Feature",
      "properties": {
        "id": 914895366,
        "name": "Jalan Raya Bandungrejo",
        "type": "primary",
        "kecamatan": "Mranggen"
      },
      "geometry": {
        "type": "LineString",
        "coordinates": [
          [
            110.5078295,
            -7.0238013
          ],
          [
            110.5079985,
            -7.0238039
          ],
          [
            110.5085684,
            -7.0239823
          ],
          [
            110.5090472,
            -7.0241207
          ],
          [
            110.5093758,
            -7.0242072
          ],
          [
            110.5097419,
            -7.024315
          ],
          [
            110.5098963,
            -7.0243665
          ],
          [
            110.5099578,
            -7.0243829
          ]
        ]
      }
    },
    {
      "type": "Feature",
      "properties": {
        "id": 914895367,
        "name": "Jalan Raya Bandungrejo",
        "type": "primary",
        "kecamatan": "Mranggen"
      },
      "geometry": {
        "type": "LineString",
        "coordinates": [
          [
            110.5102032,
            -7.0245027
          ],
          [
            110.5099364,
            -7.0244335
          ]
        ]
      }
    },
    {
      "type": "Feature",
      "properties": {
        "id": 914895368,
        "name": "Jalan Raya Bandungrejo",
        "type": "primary",
        "kecamatan": "Mranggen"
      },
      "geometry": {
        "type": "LineString",
        "coordinates": [
          [
            110.5099364,
            -7.0244335
          ],
          [
            110.5097727,
            -7.0243829
          ],
          [
            110.5096614,
            -7.024355
          ],
          [
            110.5087723,
            -7.0241094
          ],
          [
            110.508488,
            -7.0240335
          ],
          [
            110.5079502,
            -7.0238705
          ],
          [
            110.5078295,
            -7.0238013
          ]
        ]
      }
    },
    {
      "type": "Feature",
      "properties": {
        "id": 1030367616,
        "name": "",
        "type": "secondary",
        "kecamatan": "Demak"
      },
      "geometry": {
        "type": "LineString",
        "coordinates": [
          [
            110.632542,
            -6.8890896
          ],
          [
            110.6323671,
            -6.889058
          ]
        ]
      }
    },
    {
      "type": "Feature",
      "properties": {
        "id": 1030367617,
        "name": "",
        "type": "secondary",
        "kecamatan": "Demak"
      },
      "geometry": {
        "type": "LineString",
        "coordinates": [
          [
            110.6325978,
            -6.8888902
          ],
          [
            110.6326079,
            -6.8888369
          ]
        ]
      }
    },
    {
      "type": "Feature",
      "properties": {
        "id": 1030367618,
        "name": "",
        "type": "secondary",
        "kecamatan": "Demak"
      },
      "geometry": {
        "type": "LineString",
        "coordinates": [
          [
            110.6325287,
            -6.8889867
          ],
          [
            110.6325978,
            -6.8888902
          ]
        ]
      }
    },
    {
      "type": "Feature",
      "properties": {
        "id": 1102765527,
        "name": "Jalan Raya Bandungrejo",
        "type": "primary",
        "kecamatan": "Mranggen"
      },
      "geometry": {
        "type": "LineString",
        "coordinates": [
          [
            110.5204465,
            -7.0266912
          ],
          [
            110.5202025,
            -7.0266457
          ],
          [
            110.5199468,
            -7.0266038
          ],
          [
            110.5190485,
            -7.0264467
          ],
          [
            110.5189306,
            -7.0264104
          ],
          [
            110.5187233,
            -7.0263848
          ],
          [
            110.5182713,
            -7.0263023
          ],
          [
            110.5179213,
            -7.0262464
          ]
        ]
      }
    },
    {
      "type": "Feature",
      "properties": {
        "id": 1132634089,
        "name": "Jalan Ahmad Yani",
        "type": "primary",
        "kecamatan": "Kebonagung"
      },
      "geometry": {
        "type": "LineString",
        "coordinates": [
          [
            110.7456509,
            -7.0282742
          ],
          [
            110.7454343,
            -7.0283454
          ]
        ]
      }
    },
    {
      "type": "Feature",
      "properties": {
        "id": 1132634090,
        "name": "Jalan Ahmad Yani",
        "type": "primary",
        "kecamatan": "Kebonagung"
      },
      "geometry": {
        "type": "LineString",
        "coordinates": [
          [
            110.7454343,
            -7.0283454
          ],
          [
            110.7449743,
            -7.0285077
          ],
          [
            110.7440771,
            -7.028786
          ],
          [
            110.7435165,
            -7.0289803
          ],
          [
            110.7428648,
            -7.0291786
          ],
          [
            110.7419684,
            -7.0294808
          ]
        ]
      }
    },
    {
      "type": "Feature",
      "properties": {
        "id": 1143805693,
        "name": "Jalan Raya Kudus - Purwodadi",
        "type": "primary",
        "kecamatan": "Unknown"
      },
      "geometry": {
        "type": "LineString",
        "coordinates": [
          [
            110.7817087,
            -6.9494192
          ],
          [
            110.7818302,
            -6.9490937
          ],
          [
            110.782962,
            -6.9462395
          ],
          [
            110.7831243,
            -6.9458654
          ],
          [
            110.7834389,
            -6.9450998
          ],
          [
            110.783744,
            -6.9443766
          ],
          [
            110.7840336,
            -6.9436684
          ],
          [
            110.7843233,
            -6.9429708
          ],
          [
            110.7844726,
            -6.9426047
          ],
          [
            110.7845821,
            -6.9423362
          ],
          [
            110.7848695,
            -6.9416262
          ],
          [
            110.7851614,
            -6.940925
          ],
          [
            110.7854606,
            -6.9401698
          ],
          [
            110.7858199,
            -6.9393663
          ],
          [
            110.7861096,
            -6.9386448
          ],
          [
            110.7865767,
            -6.9374647
          ],
          [
            110.7865887,
            -6.9374351
          ],
          [
            110.7867122,
            -6.9371286
          ],
          [
            110.7870287,
            -6.9363437
          ],
          [
            110.7871084,
            -6.9361513
          ],
          [
            110.7873452,
            -6.9355796
          ],
          [
            110.7873923,
            -6.9354731
          ],
          [
            110.787494,
            -6.9352321
          ],
          [
            110.7876295,
            -6.9348873
          ],
          [
            110.7877341,
            -6.9346304
          ],
          [
            110.7878534,
            -6.9343441
          ],
          [
            110.7880265,
            -6.9339421
          ],
          [
            110.7881083,
            -6.9337664
          ],
          [
            110.7881713,
            -6.9336492
          ],
          [
            110.788229,
            -6.9335427
          ],
          [
            110.7883362,
            -6.9333896
          ],
          [
            110.7884502,
            -6.9332324
          ],
          [
            110.7885227,
            -6.9331506
          ],
          [
            110.788748,
            -6.9328704
          ],
          [
            110.7889357,
            -6.9326387
          ],
          [
            110.7890591,
            -6.9324816
          ],
          [
            110.7892549,
            -6.932264
          ],
          [
            110.7893675,
            -6.9320952
          ],
          [
            110.7894437,
            -6.9319171
          ],
          [
            110.7895308,
            -6.9317223
          ],
          [
            110.7895393,
            -6.9317032
          ]
        ]
      }
    },
    {
      "type": "Feature",
      "properties": {
        "id": 1197957163,
        "name": "",
        "type": "tertiary",
        "kecamatan": "Demak"
      },
      "geometry": {
        "type": "LineString",
        "coordinates": [
          [
            110.6259419,
            -6.9043385
          ],
          [
            110.6263603,
            -6.9040615
          ],
          [
            110.6267104,
            -6.9038325
          ],
          [
            110.6275325,
            -6.9032973
          ],
          [
            110.6277336,
            -6.9031775
          ],
          [
            110.6279697,
            -6.9030151
          ],
          [
            110.6282469,
            -6.9028621
          ],
          [
            110.6288074,
            -6.9025528
          ]
        ]
      }
    },
    {
      "type": "Feature",
      "properties": {
        "id": 1201033808,
        "name": "Jalan Dempet - Gajah",
        "type": "secondary",
        "kecamatan": "Dempet"
      },
      "geometry": {
        "type": "LineString",
        "coordinates": [
          [
            110.7033788,
            -6.9495067
          ],
          [
            110.7034209,
            -6.9494285
          ]
        ]
      }
    },
    {
      "type": "Feature",
      "properties": {
        "id": 1201033809,
        "name": "Jalan Dempet - Gajah",
        "type": "secondary",
        "kecamatan": "Dempet"
      },
      "geometry": {
        "type": "LineString",
        "coordinates": [
          [
            110.6989474,
            -6.9556554
          ],
          [
            110.6990429,
            -6.9555325
          ],
          [
            110.6994644,
            -6.9550399
          ],
          [
            110.6996195,
            -6.9547818
          ],
          [
            110.6999266,
            -6.9543757
          ],
          [
            110.7000773,
            -6.9541533
          ],
          [
            110.7003316,
            -6.953778
          ],
          [
            110.7004724,
            -6.9535889
          ],
          [
            110.7004896,
            -6.953564
          ],
          [
            110.7005878,
            -6.9534438
          ],
          [
            110.700856,
            -6.9530937
          ],
          [
            110.7011175,
            -6.9527609
          ],
          [
            110.7013481,
            -6.952464
          ],
          [
            110.7015989,
            -6.9521313
          ],
          [
            110.7017478,
            -6.9519436
          ],
          [
            110.7019329,
            -6.9517079
          ],
          [
            110.7020255,
            -6.9515865
          ],
          [
            110.7021381,
            -6.951439
          ],
          [
            110.7022826,
            -6.9512214
          ],
          [
            110.7026169,
            -6.9507214
          ],
          [
            110.7028368,
            -6.95037
          ],
          [
            110.7029023,
            -6.9502508
          ],
          [
            110.7030661,
            -6.9500092
          ],
          [
            110.7031882,
            -6.9498148
          ],
          [
            110.7033612,
            -6.9495393
          ],
          [
            110.7033788,
            -6.9495067
          ]
        ]
      }
    },
    {
      "type": "Feature",
      "properties": {
        "id": 1201861980,
        "name": "Jalan Raya Bandungrejo",
        "type": "primary",
        "kecamatan": "Mranggen"
      },
      "geometry": {
        "type": "LineString",
        "coordinates": [
          [
            110.5108269,
            -7.0246091
          ],
          [
            110.51095,
            -7.0246428
          ]
        ]
      }
    },
    {
      "type": "Feature",
      "properties": {
        "id": 1201861981,
        "name": "Jalan Raya Bandungrejo",
        "type": "primary",
        "kecamatan": "Mranggen"
      },
      "geometry": {
        "type": "LineString",
        "coordinates": [
          [
            110.5102327,
            -7.0244608
          ],
          [
            110.5107759,
            -7.0245952
          ],
          [
            110.5108269,
            -7.0246091
          ]
        ]
      }
    },
    {
      "type": "Feature",
      "properties": {
        "id": 1201861982,
        "name": "Jalan Raya Bandungrejo",
        "type": "primary",
        "kecamatan": "Mranggen"
      },
      "geometry": {
        "type": "LineString",
        "coordinates": [
          [
            110.5109015,
            -7.0246877
          ],
          [
            110.5107865,
            -7.0246581
          ]
        ]
      }
    },
    {
      "type": "Feature",
      "properties": {
        "id": 1201861983,
        "name": "Jalan Raya Bandungrejo",
        "type": "primary",
        "kecamatan": "Mranggen"
      },
      "geometry": {
        "type": "LineString",
        "coordinates": [
          [
            110.5107865,
            -7.0246581
          ],
          [
            110.5107517,
            -7.0246491
          ],
          [
            110.5102032,
            -7.0245027
          ]
        ]
      }
    },
    {
      "type": "Feature",
      "properties": {
        "id": 1216078012,
        "name": "",
        "type": "tertiary",
        "kecamatan": "Bonang"
      },
      "geometry": {
        "type": "LineString",
        "coordinates": [
          [
            110.5345978,
            -6.8624654
          ],
          [
            110.5346329,
            -6.8623978
          ]
        ]
      }
    },
    {
      "type": "Feature",
      "properties": {
        "id": 1220514618,
        "name": "",
        "type": "tertiary",
        "kecamatan": "Dempet"
      },
      "geometry": {
        "type": "LineString",
        "coordinates": [
          [
            110.7666076,
            -6.9575932
          ],
          [
            110.7666568,
            -6.9574738
          ]
        ]
      }
    },
    {
      "type": "Feature",
      "properties": {
        "id": 1239036658,
        "name": "",
        "type": "tertiary",
        "kecamatan": "Mranggen"
      },
      "geometry": {
        "type": "LineString",
        "coordinates": [
          [
            110.53254,
            -6.9805497
          ],
          [
            110.5324099,
            -6.9806829
          ],
          [
            110.5322772,
            -6.9808147
          ],
          [
            110.5321095,
            -6.980981
          ],
          [
            110.5318701,
            -6.9812313
          ],
          [
            110.5317689,
            -6.9813411
          ],
          [
            110.5316341,
            -6.9815003
          ],
          [
            110.5314115,
            -6.9818171
          ],
          [
            110.531329,
            -6.9819448
          ],
          [
            110.5312009,
            -6.9821432
          ],
          [
            110.5310816,
            -6.9823895
          ],
          [
            110.5310293,
            -6.9825465
          ],
          [
            110.5310252,
            -6.982615
          ],
          [
            110.5310339,
            -6.9826736
          ],
          [
            110.5310694,
            -6.9827635
          ],
          [
            110.5311184,
            -6.982848
          ],
          [
            110.5311701,
            -6.9829991
          ],
          [
            110.5311929,
            -6.9831216
          ],
          [
            110.5311915,
            -6.9831948
          ],
          [
            110.5311815,
            -6.9832447
          ],
          [
            110.5311352,
            -6.9834277
          ],
          [
            110.5310655,
            -6.9837978
          ],
          [
            110.5310051,
            -6.9840747
          ],
          [
            110.5309555,
            -6.9842025
          ],
          [
            110.5308925,
            -6.9843143
          ],
          [
            110.530816,
            -6.9844234
          ],
          [
            110.5307141,
            -6.9845459
          ],
          [
            110.5306081,
            -6.9846577
          ],
          [
            110.5304888,
            -6.9847762
          ],
          [
            110.5301414,
            -6.9851702
          ],
          [
            110.5300368,
            -6.9852794
          ],
          [
            110.5298719,
            -6.9854524
          ],
          [
            110.529611,
            -6.9856774
          ],
          [
            110.5292912,
            -6.9859409
          ],
          [
            110.5289961,
            -6.9861459
          ],
          [
            110.5288741,
            -6.9862564
          ],
          [
            110.5288137,
            -6.9863336
          ],
          [
            110.5287708,
            -6.9864148
          ],
          [
            110.528736,
            -6.9865266
          ],
          [
            110.528693,
            -6.9866744
          ],
          [
            110.5286407,
            -6.9868474
          ],
          [
            110.5285737,
            -6.9870551
          ],
          [
            110.5285107,
            -6.9872428
          ],
          [
            110.5283819,
            -6.9877047
          ],
          [
            110.5282425,
            -6.988177
          ],
          [
            110.5281647,
            -6.9884641
          ]
        ]
      }
    },
    {
      "type": "Feature",
      "properties": {
        "id": 1254225802,
        "name": "",
        "type": "tertiary",
        "kecamatan": "Karangtengah"
      },
      "geometry": {
        "type": "LineString",
        "coordinates": [
          [
            110.6206816,
            -6.9239338
          ],
          [
            110.6206483,
            -6.9240407
          ],
          [
            110.6206106,
            -6.9241192
          ],
          [
            110.6205516,
            -6.924282
          ],
          [
            110.6205233,
            -6.9243721
          ],
          [
            110.6204596,
            -6.9245431
          ],
          [
            110.6204195,
            -6.9246392
          ]
        ]
      }
    },
    {
      "type": "Feature",
      "properties": {
        "id": 1263696309,
        "name": "",
        "type": "tertiary",
        "kecamatan": "Wonosalam"
      },
      "geometry": {
        "type": "LineString",
        "coordinates": [
          [
            110.6227194,
            -6.9415667
          ],
          [
            110.6227373,
            -6.9415476
          ]
        ]
      }
    },
    {
      "type": "Feature",
      "properties": {
        "id": 1263696310,
        "name": "",
        "type": "tertiary",
        "kecamatan": "Wonosalam"
      },
      "geometry": {
        "type": "LineString",
        "coordinates": [
          [
            110.6226954,
            -6.9415912
          ],
          [
            110.6227194,
            -6.9415667
          ]
        ]
      }
    },
    {
      "type": "Feature",
      "properties": {
        "id": 1263708519,
        "name": "",
        "type": "tertiary",
        "kecamatan": "Karanganyar"
      },
      "geometry": {
        "type": "LineString",
        "coordinates": [
          [
            110.8389066,
            -6.8552952
          ],
          [
            110.8388772,
            -6.8552826
          ],
          [
            110.8388838,
            -6.8551814
          ],
          [
            110.8386129,
            -6.8550815
          ],
          [
            110.8382776,
            -6.8549777
          ],
          [
            110.8378002,
            -6.8548498
          ],
          [
            110.8372396,
            -6.8546607
          ],
          [
            110.836451,
            -6.8543705
          ],
          [
            110.8360514,
            -6.8542001
          ],
          [
            110.835753,
            -6.8540676
          ]
        ]
      }
    },
    {
      "type": "Feature",
      "properties": {
        "id": 1263765588,
        "name": "",
        "type": "tertiary",
        "kecamatan": "Mranggen"
      },
      "geometry": {
        "type": "LineString",
        "coordinates": [
          [
            110.5259029,
            -6.99536
          ],
          [
            110.5259076,
            -6.9953383
          ],
          [
            110.5259773,
            -6.9950406
          ],
          [
            110.5260343,
            -6.9948935
          ],
          [
            110.526102,
            -6.9947371
          ],
          [
            110.5261101,
            -6.9947184
          ],
          [
            110.5262026,
            -6.9944855
          ],
          [
            110.5262972,
            -6.9942565
          ],
          [
            110.5263716,
            -6.9940808
          ],
          [
            110.5264105,
            -6.9939797
          ],
          [
            110.5265419,
            -6.9935417
          ],
          [
            110.5266443,
            -6.9932106
          ],
          [
            110.5267409,
            -6.9929198
          ],
          [
            110.5267726,
            -6.9928242
          ],
          [
            110.5270207,
            -6.9920815
          ],
          [
            110.5270452,
            -6.9920199
          ],
          [
            110.5271293,
            -6.9917527
          ],
          [
            110.5272172,
            -6.9914889
          ],
          [
            110.5272689,
            -6.9913199
          ],
          [
            110.5275717,
            -6.9903523
          ],
          [
            110.5278468,
            -6.9895004
          ],
          [
            110.5279595,
            -6.9891823
          ],
          [
            110.528001,
            -6.9890598
          ],
          [
            110.5281204,
            -6.9886385
          ]
        ]
      }
    },
    {
      "type": "Feature",
      "properties": {
        "id": 1263765589,
        "name": "",
        "type": "tertiary",
        "kecamatan": "Mranggen"
      },
      "geometry": {
        "type": "LineString",
        "coordinates": [
          [
            110.5258821,
            -6.9954279
          ],
          [
            110.5259029,
            -6.99536
          ]
        ]
      }
    },
    {
      "type": "Feature",
      "properties": {
        "id": 1263765592,
        "name": "",
        "type": "tertiary",
        "kecamatan": "Demak"
      },
      "geometry": {
        "type": "LineString",
        "coordinates": [
          [
            110.650586,
            -6.8766962
          ],
          [
            110.6506669,
            -6.8766536
          ],
          [
            110.650655,
            -6.8766329
          ]
        ]
      }
    },
    {
      "type": "Feature",
      "properties": {
        "id": 1263765593,
        "name": "",
        "type": "tertiary",
        "kecamatan": "Demak"
      },
      "geometry": {
        "type": "LineString",
        "coordinates": [
          [
            110.6505056,
            -6.8766816
          ],
          [
            110.650586,
            -6.8766962
          ]
        ]
      }
    },
    {
      "type": "Feature",
      "properties": {
        "id": 1263765605,
        "name": "",
        "type": "secondary",
        "kecamatan": "Demak"
      },
      "geometry": {
        "type": "LineString",
        "coordinates": [
          [
            110.6417039,
            -6.889747
          ],
          [
            110.6417897,
            -6.8896711
          ]
        ]
      }
    },
    {
      "type": "Feature",
      "properties": {
        "id": 1263765606,
        "name": "",
        "type": "secondary",
        "kecamatan": "Demak"
      },
      "geometry": {
        "type": "LineString",
        "coordinates": [
          [
            110.6411309,
            -6.8904113
          ],
          [
            110.6412694,
            -6.8902336
          ],
          [
            110.6413539,
            -6.8900911
          ],
          [
            110.6414276,
            -6.8899966
          ],
          [
            110.6415108,
            -6.8899021
          ],
          [
            110.6417039,
            -6.889747
          ]
        ]
      }
    },
    {
      "type": "Feature",
      "properties": {
        "id": 1283836774,
        "name": "",
        "type": "tertiary",
        "kecamatan": "Mranggen"
      },
      "geometry": {
        "type": "LineString",
        "coordinates": [
          [
            110.5070409,
            -7.0526546
          ],
          [
            110.5062398,
            -7.0523108
          ]
        ]
      }
    },
    {
      "type": "Feature",
      "properties": {
        "id": 1289095838,
        "name": "",
        "type": "tertiary",
        "kecamatan": "Karangtengah"
      },
      "geometry": {
        "type": "LineString",
        "coordinates": [
          [
            110.5749699,
            -6.9232183
          ],
          [
            110.574873,
            -6.9232334
          ]
        ]
      }
    },
    {
      "type": "Feature",
      "properties": {
        "id": 1289095839,
        "name": "",
        "type": "tertiary",
        "kecamatan": "Karangtengah"
      },
      "geometry": {
        "type": "LineString",
        "coordinates": [
          [
            110.574873,
            -6.9232334
          ],
          [
            110.5747822,
            -6.9232397
          ]
        ]
      }
    },
    {
      "type": "Feature",
      "properties": {
        "id": 1289114431,
        "name": "",
        "type": "tertiary",
        "kecamatan": "Karangtengah"
      },
      "geometry": {
        "type": "LineString",
        "coordinates": [
          [
            110.5747822,
            -6.9232397
          ],
          [
            110.5746913,
            -6.923246
          ],
          [
            110.5741874,
            -6.9232717
          ],
          [
            110.5740452,
            -6.9230666
          ],
          [
            110.5739607,
            -6.9229335
          ],
          [
            110.5738185,
            -6.9227597
          ],
          [
            110.5737307,
            -6.9226659
          ],
          [
            110.5735584,
            -6.9225367
          ],
          [
            110.5734693,
            -6.9224763
          ],
          [
            110.5734209,
            -6.9224435
          ],
          [
            110.5733817,
            -6.9224006
          ],
          [
            110.5733458,
            -6.9223636
          ],
          [
            110.573293,
            -6.9222602
          ],
          [
            110.5729147,
            -6.921634
          ],
          [
            110.572811,
            -6.9214681
          ]
        ]
      }
    },
    {
      "type": "Feature",
      "properties": {
        "id": 1289114432,
        "name": "",
        "type": "tertiary",
        "kecamatan": "Karangtengah"
      },
      "geometry": {
        "type": "LineString",
        "coordinates": [
          [
            110.572811,
            -6.9214681
          ],
          [
            110.5727799,
            -6.9214184
          ]
        ]
      }
    },
    {
      "type": "Feature",
      "properties": {
        "id": 1289322536,
        "name": "",
        "type": "tertiary",
        "kecamatan": "Bonang"
      },
      "geometry": {
        "type": "LineString",
        "coordinates": [
          [
            110.536628,
            -6.8543173
          ],
          [
            110.5368402,
            -6.853968
          ],
          [
            110.5370213,
            -6.8536574
          ],
          [
            110.5371555,
            -6.8534863
          ],
          [
            110.5373404,
            -6.8532817
          ],
          [
            110.5374175,
            -6.8531726
          ],
          [
            110.5377548,
            -6.8526177
          ]
        ]
      }
    },
    {
      "type": "Feature",
      "properties": {
        "id": 1289329365,
        "name": "",
        "type": "tertiary",
        "kecamatan": "Bonang"
      },
      "geometry": {
        "type": "LineString",
        "coordinates": [
          [
            110.5346329,
            -6.8623978
          ],
          [
            110.5347284,
            -6.8622231
          ],
          [
            110.5347748,
            -6.8621343
          ],
          [
            110.534812,
            -6.8619468
          ],
          [
            110.5348438,
            -6.8617651
          ],
          [
            110.5348593,
            -6.8615704
          ],
          [
            110.5350182,
            -6.8609634
          ],
          [
            110.5350358,
            -6.8608707
          ],
          [
            110.5350397,
            -6.8608505
          ],
          [
            110.5350402,
            -6.8606399
          ],
          [
            110.535046,
            -6.8603832
          ],
          [
            110.5350266,
            -6.860113
          ],
          [
            110.5350376,
            -6.8598051
          ],
          [
            110.5350002,
            -6.8593943
          ]
        ]
      }
    },
    {
      "type": "Feature",
      "properties": {
        "id": 1289329366,
        "name": "",
        "type": "tertiary",
        "kecamatan": "Bonang"
      },
      "geometry": {
        "type": "LineString",
        "coordinates": [
          [
            110.5350002,
            -6.8593943
          ],
          [
            110.5349957,
            -6.8593254
          ]
        ]
      }
    },
    {
      "type": "Feature",
      "properties": {
        "id": 1289825680,
        "name": "",
        "type": "secondary",
        "kecamatan": "Guntur"
      },
      "geometry": {
        "type": "LineString",
        "coordinates": [
          [
            110.5942154,
            -7.024534
          ],
          [
            110.5943069,
            -7.0243559
          ],
          [
            110.5943187,
            -7.0243328
          ],
          [
            110.5945359,
            -7.0238784
          ],
          [
            110.5947048,
            -7.0234491
          ],
          [
            110.5947733,
            -7.0232236
          ],
          [
            110.5948082,
            -7.0230905
          ],
          [
            110.5948135,
            -7.0229747
          ],
          [
            110.5948002,
            -7.022726
          ],
          [
            110.594784,
            -7.0225527
          ],
          [
            110.5947479,
            -7.0222404
          ],
          [
            110.5946971,
            -7.0219495
          ],
          [
            110.5946608,
            -7.0218311
          ],
          [
            110.5945662,
            -7.0215145
          ],
          [
            110.5944666,
            -7.0211981
          ],
          [
            110.5944179,
            -7.0210433
          ],
          [
            110.5943951,
            -7.0209062
          ],
          [
            110.594379,
            -7.0207571
          ],
          [
            110.5943831,
            -7.0206272
          ],
          [
            110.5944152,
            -7.0204204
          ],
          [
            110.5944856,
            -7.0201242
          ],
          [
            110.5945078,
            -7.0200203
          ],
          [
            110.5945766,
            -7.019712
          ],
          [
            110.5947318,
            -7.0191418
          ],
          [
            110.5947939,
            -7.0189631
          ],
          [
            110.5948391,
            -7.0188436
          ],
          [
            110.594961,
            -7.0185809
          ],
          [
            110.595149,
            -7.0182533
          ],
          [
            110.5954614,
            -7.0176563
          ],
          [
            110.5958969,
            -7.0168127
          ],
          [
            110.5959482,
            -7.0167126
          ],
          [
            110.5960782,
            -7.0164991
          ],
          [
            110.5962982,
            -7.0161975
          ],
          [
            110.5966193,
            -7.0158274
          ],
          [
            110.5967253,
            -7.0157023
          ],
          [
            110.597084,
            -7.0153038
          ],
          [
            110.5973227,
            -7.015019
          ],
          [
            110.597709,
            -7.0145629
          ],
          [
            110.5978717,
            -7.0143416
          ],
          [
            110.5979115,
            -7.0142696
          ],
          [
            110.5984208,
            -7.0133382
          ],
          [
            110.5984668,
            -7.0132558
          ],
          [
            110.5984852,
            -7.0132258
          ],
          [
            110.5989398,
            -7.0120921
          ],
          [
            110.5990809,
            -7.0117918
          ],
          [
            110.599147,
            -7.0116187
          ],
          [
            110.5992164,
            -7.0114802
          ],
          [
            110.5992392,
            -7.0113572
          ],
          [
            110.5992633,
            -7.0111708
          ],
          [
            110.5992969,
            -7.010772
          ],
          [
            110.5993007,
            -7.0107473
          ],
          [
            110.5993495,
            -7.0104065
          ],
          [
            110.5993506,
            -7.0103993
          ],
          [
            110.5993827,
            -7.0101225
          ],
          [
            110.5994149,
            -7.0098509
          ],
          [
            110.5994253,
            -7.0097747
          ],
          [
            110.5995369,
            -7.0094218
          ],
          [
            110.5995579,
            -7.0093672
          ],
          [
            110.5996287,
            -7.0092004
          ],
          [
            110.5997457,
            -7.0088912
          ],
          [
            110.5999073,
            -7.0085927
          ],
          [
            110.5999963,
            -7.0084491
          ],
          [
            110.6002509,
            -7.0079633
          ],
          [
            110.6005951,
            -7.0073045
          ]
        ]
      }
    },
    {
      "type": "Feature",
      "properties": {
        "id": 1289826729,
        "name": "",
        "type": "secondary",
        "kecamatan": "Karangawen"
      },
      "geometry": {
        "type": "LineString",
        "coordinates": [
          [
            110.5778799,
            -7.0448641
          ],
          [
            110.5780498,
            -7.0444125
          ],
          [
            110.57809,
            -7.0443055
          ],
          [
            110.5781396,
            -7.044187
          ],
          [
            110.5781905,
            -7.0440832
          ],
          [
            110.5782912,
            -7.0438747
          ],
          [
            110.5783131,
            -7.043835
          ],
          [
            110.5784518,
            -7.0435832
          ],
          [
            110.5784815,
            -7.0435294
          ],
          [
            110.5787994,
            -7.0429351
          ],
          [
            110.5788103,
            -7.0429151
          ],
          [
            110.5790113,
            -7.0425345
          ],
          [
            110.579187,
            -7.0422682
          ],
          [
            110.5793405,
            -7.0420233
          ],
          [
            110.5795516,
            -7.0417579
          ],
          [
            110.5798026,
            -7.0415011
          ],
          [
            110.5799018,
            -7.0414013
          ],
          [
            110.5801029,
            -7.041179
          ],
          [
            110.5802747,
            -7.0409851
          ],
          [
            110.5805197,
            -7.04073
          ],
          [
            110.5805717,
            -7.0406794
          ],
          [
            110.5807561,
            -7.0404941
          ],
          [
            110.5809935,
            -7.0402398
          ],
          [
            110.5811352,
            -7.0400888
          ],
          [
            110.5812536,
            -7.039979
          ],
          [
            110.5813649,
            -7.0398826
          ],
          [
            110.5814521,
            -7.0398187
          ],
          [
            110.5815314,
            -7.0397699
          ],
          [
            110.5818425,
            -7.0395589
          ],
          [
            110.5819525,
            -7.0394585
          ],
          [
            110.5820046,
            -7.0394128
          ],
          [
            110.582065,
            -7.0393515
          ],
          [
            110.5821536,
            -7.0392469
          ],
          [
            110.5822688,
            -7.039064
          ],
          [
            110.5823749,
            -7.0388955
          ],
          [
            110.5824893,
            -7.0387139
          ],
          [
            110.5827584,
            -7.0383218
          ],
          [
            110.5828896,
            -7.0381227
          ],
          [
            110.5829238,
            -7.0380465
          ],
          [
            110.5833231,
            -7.0372846
          ],
          [
            110.5833592,
            -7.0371798
          ],
          [
            110.5835711,
            -7.0367419
          ],
          [
            110.5836466,
            -7.0365819
          ],
          [
            110.5836629,
            -7.0365566
          ],
          [
            110.5840405,
            -7.0359939
          ],
          [
            110.5841181,
            -7.0358732
          ],
          [
            110.5842579,
            -7.0356327
          ],
          [
            110.5843007,
            -7.0355707
          ],
          [
            110.5843321,
            -7.0355316
          ],
          [
            110.5843772,
            -7.0354755
          ],
          [
            110.58443,
            -7.0354251
          ],
          [
            110.5844858,
            -7.0353857
          ],
          [
            110.5846443,
            -7.0352857
          ],
          [
            110.5846931,
            -7.0352559
          ],
          [
            110.5851,
            -7.034985
          ],
          [
            110.5853241,
            -7.0348164
          ],
          [
            110.5854134,
            -7.0347589
          ],
          [
            110.585787,
            -7.0344792
          ],
          [
            110.5860012,
            -7.0343361
          ],
          [
            110.5860967,
            -7.0342744
          ],
          [
            110.5865217,
            -7.0340205
          ],
          [
            110.5866087,
            -7.0339611
          ],
          [
            110.586787,
            -7.0338495
          ],
          [
            110.5869657,
            -7.0336826
          ],
          [
            110.5870322,
            -7.033627
          ],
          [
            110.5871605,
            -7.0335244
          ],
          [
            110.5872951,
            -7.033434
          ],
          [
            110.5875291,
            -7.0332926
          ],
          [
            110.5876012,
            -7.0332512
          ],
          [
            110.5877372,
            -7.0331885
          ],
          [
            110.5879299,
            -7.0330645
          ],
          [
            110.5880484,
            -7.0329554
          ],
          [
            110.5880831,
            -7.0329168
          ],
          [
            110.5883576,
            -7.0326051
          ],
          [
            110.5883943,
            -7.0325681
          ],
          [
            110.5884051,
            -7.0325534
          ],
          [
            110.5889409,
            -7.0320568
          ],
          [
            110.5891421,
            -7.0318611
          ],
          [
            110.5893929,
            -7.0315613
          ],
          [
            110.58946,
            -7.0314811
          ],
          [
            110.5897026,
            -7.0312422
          ]
        ]
      }
    },
    {
      "type": "Feature",
      "properties": {
        "id": 1289826730,
        "name": "",
        "type": "primary",
        "kecamatan": "Karangawen"
      },
      "geometry": {
        "type": "LineString",
        "coordinates": [
          [
            110.5779471,
            -7.0448731
          ],
          [
            110.5778799,
            -7.0448641
          ]
        ]
      }
    },
    {
      "type": "Feature",
      "properties": {
        "id": 1289828199,
        "name": "",
        "type": "secondary",
        "kecamatan": "Guntur"
      },
      "geometry": {
        "type": "LineString",
        "coordinates": [
          [
            110.5901787,
            -7.0306752
          ],
          [
            110.5904828,
            -7.0302012
          ],
          [
            110.5907178,
            -7.0298211
          ],
          [
            110.5907456,
            -7.0297726
          ],
          [
            110.5908084,
            -7.0296628
          ],
          [
            110.5909045,
            -7.0295098
          ],
          [
            110.5910203,
            -7.0293253
          ],
          [
            110.591084,
            -7.0292097
          ],
          [
            110.5910999,
            -7.0291836
          ],
          [
            110.5911682,
            -7.0290718
          ],
          [
            110.5913363,
            -7.0287964
          ],
          [
            110.5915951,
            -7.0283724
          ],
          [
            110.5919189,
            -7.0278421
          ],
          [
            110.5920551,
            -7.0276191
          ],
          [
            110.5921045,
            -7.0275314
          ],
          [
            110.5923993,
            -7.0270571
          ],
          [
            110.5924657,
            -7.0269554
          ],
          [
            110.5925366,
            -7.0268466
          ],
          [
            110.5926909,
            -7.0266101
          ],
          [
            110.592729,
            -7.026554
          ],
          [
            110.5928805,
            -7.0263247
          ],
          [
            110.5928931,
            -7.0263056
          ],
          [
            110.5930667,
            -7.026082
          ],
          [
            110.5931097,
            -7.0260209
          ],
          [
            110.5933118,
            -7.0257966
          ],
          [
            110.5934121,
            -7.0256852
          ],
          [
            110.5935715,
            -7.025491
          ],
          [
            110.5935956,
            -7.0254617
          ],
          [
            110.5938037,
            -7.0252241
          ],
          [
            110.5938127,
            -7.0252141
          ],
          [
            110.5938406,
            -7.0251829
          ],
          [
            110.5938734,
            -7.0251376
          ],
          [
            110.5939271,
            -7.0250677
          ],
          [
            110.5939894,
            -7.0249746
          ],
          [
            110.5940428,
            -7.0248726
          ],
          [
            110.5940504,
            -7.0248581
          ],
          [
            110.5941778,
            -7.0246079
          ],
          [
            110.5942154,
            -7.024534
          ]
        ]
      }
    },
    {
      "type": "Feature",
      "properties": {
        "id": 1290813107,
        "name": "",
        "type": "secondary",
        "kecamatan": "Karangawen"
      },
      "geometry": {
        "type": "LineString",
        "coordinates": [
          [
            110.5594891,
            -7.0863652
          ],
          [
            110.5594778,
            -7.0862848
          ],
          [
            110.5593695,
            -7.0862202
          ],
          [
            110.5592434,
            -7.0861723
          ],
          [
            110.5586599,
            -7.0860209
          ],
          [
            110.5583393,
            -7.0859398
          ]
        ]
      }
    },
    {
      "type": "Feature",
      "properties": {
        "id": 1293394345,
        "name": "",
        "type": "secondary",
        "kecamatan": "Karangtengah"
      },
      "geometry": {
        "type": "LineString",
        "coordinates": [
          [
            110.5980395,
            -6.9280888
          ],
          [
            110.598039,
            -6.9277091
          ],
          [
            110.5980251,
            -6.9272927
          ],
          [
            110.597839,
            -6.9243553
          ],
          [
            110.5978336,
            -6.9242541
          ],
          [
            110.5977813,
            -6.9237269
          ],
          [
            110.5977541,
            -6.9232696
          ],
          [
            110.597734,
            -6.9227244
          ],
          [
            110.5976984,
            -6.9222143
          ],
          [
            110.5976953,
            -6.9217145
          ],
          [
            110.5976796,
            -6.921533
          ],
          [
            110.5976545,
            -6.9211598
          ],
          [
            110.5976177,
            -6.9205708
          ]
        ]
      }
    },
    {
      "type": "Feature",
      "properties": {
        "id": 1293394346,
        "name": "",
        "type": "secondary",
        "kecamatan": "Karangtengah"
      },
      "geometry": {
        "type": "LineString",
        "coordinates": [
          [
            110.5980132,
            -6.9282195
          ],
          [
            110.5980395,
            -6.9280888
          ]
        ]
      }
    },
    {
      "type": "Feature",
      "properties": {
        "id": 1295699522,
        "name": "",
        "type": "tertiary",
        "kecamatan": "Karangtengah"
      },
      "geometry": {
        "type": "LineString",
        "coordinates": [
          [
            110.6120359,
            -6.9420549
          ],
          [
            110.6117852,
            -6.9418333
          ],
          [
            110.6117054,
            -6.9417714
          ],
          [
            110.6116159,
            -6.9417296
          ]
        ]
      }
    },
    {
      "type": "Feature",
      "properties": {
        "id": 1296285133,
        "name": "",
        "type": "tertiary",
        "kecamatan": "Karanganyar"
      },
      "geometry": {
        "type": "LineString",
        "coordinates": [
          [
            110.8066028,
            -6.8521777
          ],
          [
            110.8063285,
            -6.8515117
          ],
          [
            110.8061501,
            -6.8510303
          ],
          [
            110.8060824,
            -6.8508932
          ],
          [
            110.805729,
            -6.8500617
          ],
          [
            110.8055527,
            -6.8497015
          ],
          [
            110.8053575,
            -6.8493185
          ]
        ]
      }
    },
    {
      "type": "Feature",
      "properties": {
        "id": 1296285134,
        "name": "",
        "type": "tertiary",
        "kecamatan": "Karanganyar"
      },
      "geometry": {
        "type": "LineString",
        "coordinates": [
          [
            110.8066691,
            -6.8523386
          ],
          [
            110.8066028,
            -6.8521777
          ]
        ]
      }
    },
    {
      "type": "Feature",
      "properties": {
        "id": 1297006145,
        "name": "",
        "type": "secondary",
        "kecamatan": "Karangawen"
      },
      "geometry": {
        "type": "LineString",
        "coordinates": [
          [
            110.5473862,
            -7.1339887
          ],
          [
            110.5477937,
            -7.1334926
          ],
          [
            110.5479526,
            -7.1332547
          ],
          [
            110.5480389,
            -7.1329842
          ],
          [
            110.5482191,
            -7.131991
          ],
          [
            110.5482685,
            -7.131629
          ],
          [
            110.5482866,
            -7.1314752
          ],
          [
            110.5483156,
            -7.1313442
          ],
          [
            110.5483778,
            -7.1312756
          ],
          [
            110.5484844,
            -7.1311957
          ],
          [
            110.5489075,
            -7.1309948
          ],
          [
            110.5490899,
            -7.130887
          ],
          [
            110.5492931,
            -7.1307297
          ],
          [
            110.5493627,
            -7.1306619
          ],
          [
            110.5494197,
            -7.1306108
          ],
          [
            110.5495325,
            -7.130529
          ],
          [
            110.5497726,
            -7.1303835
          ],
          [
            110.5499299,
            -7.1302879
          ],
          [
            110.5500783,
            -7.1302336
          ],
          [
            110.5502459,
            -7.130183
          ],
          [
            110.5504203,
            -7.1301298
          ],
          [
            110.550583,
            -7.1300707
          ],
          [
            110.5508365,
            -7.1298916
          ],
          [
            110.5509856,
            -7.1296942
          ],
          [
            110.5510622,
            -7.1293407
          ],
          [
            110.5512227,
            -7.1291171
          ],
          [
            110.5512962,
            -7.1290275
          ],
          [
            110.5514576,
            -7.1287684
          ],
          [
            110.5515763,
            -7.1285289
          ],
          [
            110.5516692,
            -7.1282691
          ],
          [
            110.5517893,
            -7.1279992
          ],
          [
            110.5519075,
            -7.1276783
          ],
          [
            110.5519346,
            -7.1274006
          ],
          [
            110.5519261,
            -7.1273152
          ],
          [
            110.5518809,
            -7.1272442
          ],
          [
            110.5517024,
            -7.1270065
          ],
          [
            110.5515307,
            -7.1267245
          ]
        ]
      }
    },
    {
      "type": "Feature",
      "properties": {
        "id": 1303228342,
        "name": "",
        "type": "secondary",
        "kecamatan": "Karangawen"
      },
      "geometry": {
        "type": "LineString",
        "coordinates": [
          [
            110.5515307,
            -7.1267245
          ],
          [
            110.5514837,
            -7.1266482
          ]
        ]
      }
    },
    {
      "type": "Feature",
      "properties": {
        "id": 1303228345,
        "name": "",
        "type": "secondary",
        "kecamatan": "Karangawen"
      },
      "geometry": {
        "type": "LineString",
        "coordinates": [
          [
            110.5598976,
            -7.0897598
          ],
          [
            110.5599529,
            -7.0894901
          ],
          [
            110.559977,
            -7.0893636
          ],
          [
            110.5599743,
            -7.0892958
          ],
          [
            110.5599233,
            -7.0891933
          ],
          [
            110.5598027,
            -7.0890961
          ],
          [
            110.5594986,
            -7.088967
          ],
          [
            110.5593453,
            -7.0888446
          ],
          [
            110.5592696,
            -7.0887418
          ],
          [
            110.5592045,
            -7.0883961
          ],
          [
            110.5591549,
            -7.0881659
          ],
          [
            110.5591723,
            -7.0880701
          ],
          [
            110.559234,
            -7.0879489
          ],
          [
            110.559301,
            -7.0877786
          ],
          [
            110.5593453,
            -7.0875803
          ],
          [
            110.5594021,
            -7.0873042
          ],
          [
            110.5594501,
            -7.0866017
          ],
          [
            110.5594891,
            -7.0863652
          ]
        ]
      }
    },
    {
      "type": "Feature",
      "properties": {
        "id": 1303228346,
        "name": "",
        "type": "secondary",
        "kecamatan": "Karangawen"
      },
      "geometry": {
        "type": "LineString",
        "coordinates": [
          [
            110.5598812,
            -7.0898398
          ],
          [
            110.5598976,
            -7.0897598
          ]
        ]
      }
    },
    {
      "type": "Feature",
      "properties": {
        "id": 1337856868,
        "name": "Jalan Demak-Godong",
        "type": "primary",
        "kecamatan": "Wonosalam"
      },
      "geometry": {
        "type": "LineString",
        "coordinates": [
          [
            110.6504692,
            -6.9064605
          ],
          [
            110.6514855,
            -6.9075104
          ],
          [
            110.6517489,
            -6.90783
          ],
          [
            110.6521955,
            -6.9083146
          ],
          [
            110.6522441,
            -6.9083609
          ],
          [
            110.6524287,
            -6.9085696
          ],
          [
            110.65256,
            -6.9087159
          ],
          [
            110.6528432,
            -6.9089701
          ],
          [
            110.6533882,
            -6.9095567
          ],
          [
            110.6543773,
            -6.9106292
          ],
          [
            110.6547394,
            -6.911006
          ],
          [
            110.6551828,
            -6.911465
          ],
          [
            110.655631,
            -6.9119412
          ],
          [
            110.655921,
            -6.9122494
          ],
          [
            110.6565083,
            -6.9128805
          ],
          [
            110.6580358,
            -6.9144755
          ],
          [
            110.6592055,
            -6.9157596
          ],
          [
            110.6600073,
            -6.9166136
          ],
          [
            110.6604724,
            -6.9171196
          ],
          [
            110.6605704,
            -6.9172246
          ],
          [
            110.6605936,
            -6.9172469
          ],
          [
            110.6609164,
            -6.9175695
          ],
          [
            110.6613022,
            -6.9179614
          ],
          [
            110.6613809,
            -6.9180421
          ],
          [
            110.66152,
            -6.9181859
          ],
          [
            110.6618018,
            -6.9184839
          ],
          [
            110.6620085,
            -6.9187127
          ],
          [
            110.6634792,
            -6.9202521
          ],
          [
            110.6641432,
            -6.9209457
          ],
          [
            110.6644805,
            -6.9213189
          ],
          [
            110.6647157,
            -6.9215448
          ],
          [
            110.6662328,
            -6.9231385
          ],
          [
            110.6678467,
            -6.9248586
          ],
          [
            110.6683135,
            -6.9253315
          ],
          [
            110.6693225,
            -6.9264198
          ],
          [
            110.6696244,
            -6.9267504
          ],
          [
            110.6708581,
            -6.9280447
          ],
          [
            110.6713504,
            -6.9285611
          ],
          [
            110.6716529,
            -6.9288855
          ],
          [
            110.6722334,
            -6.9294752
          ],
          [
            110.6726026,
            -6.9299214
          ],
          [
            110.6729838,
            -6.930301
          ],
          [
            110.6733404,
            -6.9306789
          ],
          [
            110.674017,
            -6.9313665
          ],
          [
            110.6745916,
            -6.9319919
          ],
          [
            110.6750226,
            -6.9324519
          ],
          [
            110.6752101,
            -6.932652
          ],
          [
            110.6758175,
            -6.9332799
          ],
          [
            110.6761675,
            -6.9336532
          ],
          [
            110.6767066,
            -6.9342183
          ],
          [
            110.6768569,
            -6.9343821
          ],
          [
            110.6773478,
            -6.9348946
          ],
          [
            110.6775059,
            -6.9350641
          ],
          [
            110.6775992,
            -6.9351642
          ],
          [
            110.6781068,
            -6.9356874
          ],
          [
            110.6784046,
            -6.9360082
          ],
          [
            110.6786373,
            -6.9362579
          ],
          [
            110.6789877,
            -6.9366366
          ],
          [
            110.6793285,
            -6.9369946
          ],
          [
            110.6795793,
            -6.9372689
          ],
          [
            110.6797792,
            -6.9374757
          ],
          [
            110.6800158,
            -6.9377364
          ],
          [
            110.6805135,
            -6.9382695
          ],
          [
            110.6809827,
            -6.9387636
          ],
          [
            110.6820834,
            -6.9399367
          ],
          [
            110.6828309,
            -6.9406964
          ],
          [
            110.6832537,
            -6.941129
          ],
          [
            110.6843336,
            -6.9422999
          ],
          [
            110.6846179,
            -6.9426074
          ],
          [
            110.6847654,
            -6.9427698
          ],
          [
            110.685744,
            -6.9437594
          ],
          [
            110.6858557,
            -6.9438723
          ],
          [
            110.6864431,
            -6.9444978
          ],
          [
            110.6875113,
            -6.945652
          ],
          [
            110.6880927,
            -6.946271
          ],
          [
            110.6882815,
            -6.9464817
          ],
          [
            110.6886607,
            -6.9468721
          ],
          [
            110.6888488,
            -6.9470851
          ],
          [
            110.6891056,
            -6.947358
          ],
          [
            110.6893352,
            -6.947599
          ],
          [
            110.6894539,
            -6.9477214
          ],
          [
            110.6896041,
            -6.9478885
          ],
          [
            110.6897429,
            -6.948037
          ],
          [
            110.6899555,
            -6.9482493
          ],
          [
            110.6901161,
            -6.9484164
          ],
          [
            110.6902908,
            -6.9486114
          ],
          [
            110.6905147,
            -6.9488623
          ],
          [
            110.6906234,
            -6.9489748
          ],
          [
            110.6908014,
            -6.9491732
          ],
          [
            110.6909828,
            -6.9493662
          ],
          [
            110.6911947,
            -6.9495859
          ],
          [
            110.6913006,
            -6.949695
          ],
          [
            110.6914133,
            -6.9498228
          ],
          [
            110.691527,
            -6.9499438
          ],
          [
            110.6916345,
            -6.9500624
          ],
          [
            110.6918344,
            -6.9502874
          ],
          [
            110.6920074,
            -6.9504738
          ],
          [
            110.692289,
            -6.950784
          ],
          [
            110.6925357,
            -6.9510355
          ],
          [
            110.6927195,
            -6.951222
          ],
          [
            110.6928442,
            -6.9513365
          ],
          [
            110.6931527,
            -6.951624
          ],
          [
            110.6934127,
            -6.9518689
          ],
          [
            110.6936167,
            -6.9520607
          ],
          [
            110.693762,
            -6.9522095
          ],
          [
            110.6938246,
            -6.9522737
          ],
          [
            110.6942309,
            -6.9526491
          ],
          [
            110.6944281,
            -6.9528328
          ],
          [
            110.6946641,
            -6.9530524
          ],
          [
            110.6950101,
            -6.9533693
          ],
          [
            110.6951222,
            -6.9534669
          ],
          [
            110.6951528,
            -6.9534942
          ],
          [
            110.6952327,
            -6.953565
          ],
          [
            110.6953306,
            -6.9536555
          ],
          [
            110.695572,
            -6.9538751
          ],
          [
            110.696137,
            -6.9543656
          ],
          [
            110.6963499,
            -6.9545927
          ],
          [
            110.6966704,
            -6.9548855
          ],
          [
            110.6969708,
            -6.9551678
          ],
          [
            110.6977092,
            -6.9558703
          ],
          [
            110.6980303,
            -6.9561702
          ],
          [
            110.6982243,
            -6.9563531
          ]
        ]
      }
    },
    {
      "type": "Feature",
      "properties": {
        "id": 1337856869,
        "name": "Jalan Sultan Fattah",
        "type": "secondary",
        "kecamatan": "Demak"
      },
      "geometry": {
        "type": "LineString",
        "coordinates": [
          [
            110.6290077,
            -6.9026077
          ],
          [
            110.6288078,
            -6.9027501
          ],
          [
            110.6286322,
            -6.9028739
          ],
          [
            110.6282157,
            -6.9031688
          ],
          [
            110.6275848,
            -6.9036142
          ],
          [
            110.6269357,
            -6.9040416
          ],
          [
            110.6266218,
            -6.9042559
          ],
          [
            110.6261176,
            -6.9045901
          ],
          [
            110.6259513,
            -6.9046886
          ],
          [
            110.6256562,
            -6.904883
          ],
          [
            110.6253706,
            -6.9050827
          ],
          [
            110.6250474,
            -6.905305
          ],
          [
            110.624586,
            -6.9056552
          ],
          [
            110.6243661,
            -6.9058242
          ],
          [
            110.6241703,
            -6.9059494
          ]
        ]
      }
    },
    {
      "type": "Feature",
      "properties": {
        "id": 1337856870,
        "name": "Jalan Sultan Fattah",
        "type": "secondary",
        "kecamatan": "Demak"
      },
      "geometry": {
        "type": "LineString",
        "coordinates": [
          [
            110.6350892,
            -6.8985244
          ],
          [
            110.6353334,
            -6.8983598
          ],
          [
            110.6353464,
            -6.8983504
          ],
          [
            110.6354959,
            -6.898258
          ],
          [
            110.6357709,
            -6.8980743
          ],
          [
            110.6361772,
            -6.8977933
          ],
          [
            110.6362785,
            -6.8977135
          ],
          [
            110.6364853,
            -6.897536
          ],
          [
            110.6366493,
            -6.8973966
          ],
          [
            110.6370271,
            -6.8970606
          ],
          [
            110.6373472,
            -6.8967595
          ],
          [
            110.6375156,
            -6.8965878
          ],
          [
            110.63769,
            -6.8964034
          ],
          [
            110.6378952,
            -6.8961617
          ],
          [
            110.6380615,
            -6.8959534
          ],
          [
            110.6381902,
            -6.8957829
          ],
          [
            110.638272,
            -6.8956844
          ],
          [
            110.6383659,
            -6.8955952
          ],
          [
            110.6384236,
            -6.8955566
          ],
          [
            110.638504,
            -6.8955313
          ],
          [
            110.6385778,
            -6.895518
          ],
          [
            110.638724,
            -6.8955246
          ],
          [
            110.6388393,
            -6.8955233
          ],
          [
            110.6389184,
            -6.8955073
          ],
          [
            110.6389828,
            -6.8954727
          ],
          [
            110.6390391,
            -6.8954088
          ],
          [
            110.63907,
            -6.8953342
          ],
          [
            110.6392068,
            -6.8947391
          ],
          [
            110.639247,
            -6.8944928
          ],
          [
            110.639247,
            -6.8943996
          ],
          [
            110.6392175,
            -6.8943144
          ],
          [
            110.6391625,
            -6.8942239
          ],
          [
            110.6391085,
            -6.8941431
          ],
          [
            110.6390427,
            -6.8940213
          ],
          [
            110.6390143,
            -6.8939423
          ],
          [
            110.6390116,
            -6.8938804
          ]
        ]
      }
    },
    {
      "type": "Feature",
      "properties": {
        "id": 1337856871,
        "name": "Jalan Sultan Fattah",
        "type": "secondary",
        "kecamatan": "Demak"
      },
      "geometry": {
        "type": "LineString",
        "coordinates": [
          [
            110.6348442,
            -6.8987639
          ],
          [
            110.6343621,
            -6.8990786
          ],
          [
            110.6341594,
            -6.8992109
          ],
          [
            110.6340811,
            -6.899262
          ],
          [
            110.633935,
            -6.8993624
          ],
          [
            110.6337103,
            -6.8995168
          ],
          [
            110.6335714,
            -6.8996027
          ],
          [
            110.6334462,
            -6.8996839
          ],
          [
            110.6328162,
            -6.900107
          ],
          [
            110.6326844,
            -6.9001955
          ],
          [
            110.632453,
            -6.9003489
          ],
          [
            110.6322049,
            -6.9005107
          ],
          [
            110.6319789,
            -6.9006585
          ],
          [
            110.6317717,
            -6.9007916
          ],
          [
            110.6314394,
            -6.9010061
          ],
          [
            110.6310871,
            -6.9012363
          ],
          [
            110.6306693,
            -6.9015106
          ],
          [
            110.630277,
            -6.9017682
          ],
          [
            110.6301114,
            -6.9018767
          ],
          [
            110.6297587,
            -6.902111
          ],
          [
            110.6292692,
            -6.9024399
          ],
          [
            110.6292075,
            -6.9024785
          ],
          [
            110.6291391,
            -6.9025224
          ],
          [
            110.6290077,
            -6.9026077
          ]
        ]
      }
    },
    {
      "type": "Feature",
      "properties": {
        "id": 1337858684,
        "name": "Jalan Sultan Fattah",
        "type": "secondary",
        "kecamatan": "Demak"
      },
      "geometry": {
        "type": "LineString",
        "coordinates": [
          [
            110.6260814,
            -6.9045235
          ],
          [
            110.6263992,
            -6.9043132
          ],
          [
            110.6272025,
            -6.9037713
          ],
          [
            110.627802,
            -6.9033492
          ],
          [
            110.6283183,
            -6.9029964
          ],
          [
            110.6288103,
            -6.9026645
          ]
        ]
      }
    },
    {
      "type": "Feature",
      "properties": {
        "id": 1340045270,
        "name": "",
        "type": "tertiary",
        "kecamatan": "Bonang"
      },
      "geometry": {
        "type": "LineString",
        "coordinates": [
          [
            110.5647801,
            -6.8354547
          ],
          [
            110.5647218,
            -6.8357635
          ],
          [
            110.5646682,
            -6.8359978
          ],
          [
            110.5645997,
            -6.8362149
          ],
          [
            110.5645502,
            -6.8363201
          ],
          [
            110.5643141,
            -6.8368074
          ],
          [
            110.5641371,
            -6.8371909
          ],
          [
            110.5640432,
            -6.8374413
          ],
          [
            110.5639815,
            -6.837649
          ],
          [
            110.5639708,
            -6.837894
          ],
          [
            110.5639628,
            -6.838099
          ],
          [
            110.5639863,
            -6.8382543
          ],
          [
            110.5640003,
            -6.8383467
          ],
          [
            110.5640325,
            -6.8384879
          ],
          [
            110.5641137,
            -6.8386984
          ],
          [
            110.5641941,
            -6.8388529
          ],
          [
            110.5642692,
            -6.8389488
          ],
          [
            110.5644087,
            -6.839018
          ],
          [
            110.5647325,
            -6.8390871
          ],
          [
            110.5648908,
            -6.839127
          ],
          [
            110.5653656,
            -6.8392202
          ],
          [
            110.566299,
            -6.8393028
          ],
          [
            110.5664974,
            -6.8393188
          ],
          [
            110.5667468,
            -6.8393204
          ],
          [
            110.5668917,
            -6.8393214
          ],
          [
            110.5671841,
            -6.8393001
          ],
          [
            110.5673155,
            -6.8393001
          ],
          [
            110.5676267,
            -6.8392735
          ],
          [
            110.5678412,
            -6.8392815
          ],
          [
            110.5680263,
            -6.8393081
          ],
          [
            110.5683884,
            -6.8394732
          ],
          [
            110.568491,
            -6.8395293
          ],
          [
            110.5686473,
            -6.8396098
          ],
          [
            110.5691348,
            -6.8398755
          ],
          [
            110.5692996,
            -6.8399728
          ],
          [
            110.5693654,
            -6.840014
          ],
          [
            110.569573,
            -6.8401688
          ],
          [
            110.5696718,
            -6.8402383
          ],
          [
            110.5697924,
            -6.8403415
          ]
        ]
      }
    },
    {
      "type": "Feature",
      "properties": {
        "id": 1359120207,
        "name": "",
        "type": "tertiary",
        "kecamatan": "Demak"
      },
      "geometry": {
        "type": "LineString",
        "coordinates": [
          [
            110.6503796,
            -6.8766421
          ],
          [
            110.6505056,
            -6.8766816
          ]
        ]
      }
    },
    {
      "type": "Feature",
      "properties": {
        "id": 1359120392,
        "name": "",
        "type": "tertiary",
        "kecamatan": "Wonosalam"
      },
      "geometry": {
        "type": "LineString",
        "coordinates": [
          [
            110.6649352,
            -6.9723163
          ],
          [
            110.6652572,
            -6.9725521
          ],
          [
            110.6658139,
            -6.9728433
          ],
          [
            110.6658293,
            -6.9728517
          ],
          [
            110.6661515,
            -6.9730302
          ],
          [
            110.666446,
            -6.9732566
          ],
          [
            110.6672289,
            -6.9738172
          ],
          [
            110.6674875,
            -6.9739538
          ],
          [
            110.6680047,
            -6.9741408
          ],
          [
            110.6684369,
            -6.974283
          ],
          [
            110.6684969,
            -6.9743027
          ],
          [
            110.6685268,
            -6.9743053
          ],
          [
            110.6686102,
            -6.9743096
          ]
        ]
      }
    },
    {
      "type": "Feature",
      "properties": {
        "id": 1366623070,
        "name": "",
        "type": "tertiary",
        "kecamatan": "Dempet"
      },
      "geometry": {
        "type": "LineString",
        "coordinates": [
          [
            110.7437459,
            -6.9492078
          ],
          [
            110.7437593,
            -6.9491885
          ],
          [
            110.743764,
            -6.9491632
          ],
          [
            110.7438625,
            -6.9489629
          ],
          [
            110.7440007,
            -6.9486434
          ],
          [
            110.7441469,
            -6.9483465
          ],
          [
            110.7445505,
            -6.9474825
          ],
          [
            110.744749,
            -6.9470512
          ],
          [
            110.7449583,
            -6.9466279
          ],
          [
            110.7451245,
            -6.9462817
          ],
          [
            110.7452814,
            -6.9459369
          ],
          [
            110.745559,
            -6.9453711
          ],
          [
            110.7458769,
            -6.9447175
          ],
          [
            110.7461894,
            -6.9440611
          ],
          [
            110.7464092,
            -6.9436082
          ],
          [
            110.746414,
            -6.9435984
          ]
        ]
      }
    },
    {
      "type": "Feature",
      "properties": {
        "id": 1366623071,
        "name": "",
        "type": "tertiary",
        "kecamatan": "Dempet"
      },
      "geometry": {
        "type": "LineString",
        "coordinates": [
          [
            110.746414,
            -6.9435984
          ],
          [
            110.7464359,
            -6.9435531
          ]
        ]
      }
    },
    {
      "type": "Feature",
      "properties": {
        "id": 1370916631,
        "name": "",
        "type": "tertiary",
        "kecamatan": "Karanganyar"
      },
      "geometry": {
        "type": "LineString",
        "coordinates": [
          [
            110.7968451,
            -6.8904552
          ],
          [
            110.7969703,
            -6.8901268
          ],
          [
            110.7970659,
            -6.8898846
          ],
          [
            110.7971669,
            -6.8896661
          ],
          [
            110.7975161,
            -6.8889339
          ],
          [
            110.7978318,
            -6.888297
          ],
          [
            110.7981788,
            -6.8875847
          ],
          [
            110.7985285,
            -6.8868588
          ],
          [
            110.7994282,
            -6.8850152
          ],
          [
            110.7997472,
            -6.8843428
          ],
          [
            110.8000702,
            -6.8836672
          ],
          [
            110.8002584,
            -6.8832089
          ],
          [
            110.8004122,
            -6.8828213
          ],
          [
            110.8007055,
            -6.8820675
          ],
          [
            110.8009232,
            -6.8815166
          ],
          [
            110.8011386,
            -6.8809709
          ],
          [
            110.8015724,
            -6.8798682
          ],
          [
            110.8015997,
            -6.8798036
          ],
          [
            110.8025429,
            -6.8774513
          ],
          [
            110.8033618,
            -6.8753837
          ],
          [
            110.8034434,
            -6.875178
          ],
          [
            110.8043047,
            -6.873013
          ],
          [
            110.8048156,
            -6.8717353
          ],
          [
            110.8048288,
            -6.8716896
          ],
          [
            110.8051738,
            -6.8707071
          ],
          [
            110.8054387,
            -6.8700038
          ],
          [
            110.8054984,
            -6.8698451
          ],
          [
            110.8058427,
            -6.8690144
          ],
          [
            110.8059434,
            -6.8687628
          ],
          [
            110.8061973,
            -6.8681761
          ],
          [
            110.8062135,
            -6.8681235
          ],
          [
            110.8066736,
            -6.8669148
          ],
          [
            110.8072767,
            -6.8653714
          ],
          [
            110.8079964,
            -6.8635626
          ],
          [
            110.8082711,
            -6.8628722
          ],
          [
            110.8088283,
            -6.8614681
          ],
          [
            110.8092118,
            -6.8605281
          ],
          [
            110.8092505,
            -6.8604317
          ],
          [
            110.8094493,
            -6.8598842
          ],
          [
            110.8094801,
            -6.8595947
          ],
          [
            110.8094908,
            -6.8593783
          ],
          [
            110.8094828,
            -6.8591766
          ],
          [
            110.80946,
            -6.8590394
          ],
          [
            110.8094544,
            -6.8590142
          ],
          [
            110.8094332,
            -6.8588717
          ],
          [
            110.8094084,
            -6.8587705
          ],
          [
            110.8092751,
            -6.858467
          ],
          [
            110.8092537,
            -6.8584183
          ],
          [
            110.8092205,
            -6.8583428
          ],
          [
            110.808937,
            -6.857682
          ],
          [
            110.8086317,
            -6.8570047
          ],
          [
            110.8085281,
            -6.8567038
          ],
          [
            110.8084877,
            -6.8566061
          ],
          [
            110.8082094,
            -6.8559503
          ],
          [
            110.8073806,
            -6.8540096
          ],
          [
            110.8072156,
            -6.8536681
          ],
          [
            110.8070239,
            -6.8532001
          ],
          [
            110.8066691,
            -6.8523386
          ]
        ]
      }
    },
    {
      "type": "Feature",
      "properties": {
        "id": 1370916632,
        "name": "",
        "type": "tertiary",
        "kecamatan": "Karanganyar"
      },
      "geometry": {
        "type": "LineString",
        "coordinates": [
          [
            110.7968273,
            -6.8905017
          ],
          [
            110.7968451,
            -6.8904552
          ]
        ]
      }
    },
    {
      "type": "Feature",
      "properties": {
        "id": 1371912141,
        "name": "",
        "type": "tertiary",
        "kecamatan": "Kebonagung"
      },
      "geometry": {
        "type": "LineString",
        "coordinates": [
          [
            110.7642891,
            -7.0180886
          ],
          [
            110.7643955,
            -7.017928
          ],
          [
            110.7644181,
            -7.0178828
          ],
          [
            110.764437,
            -7.0178278
          ],
          [
            110.764436,
            -7.0178005
          ],
          [
            110.7644305,
            -7.0177738
          ],
          [
            110.7644069,
            -7.0177249
          ],
          [
            110.7640475,
            -7.017331
          ],
          [
            110.7639652,
            -7.0172271
          ],
          [
            110.7638317,
            -7.0170584
          ],
          [
            110.7636874,
            -7.0168501
          ],
          [
            110.763559,
            -7.0166095
          ],
          [
            110.7634359,
            -7.0163662
          ],
          [
            110.7633183,
            -7.0161202
          ],
          [
            110.7632281,
            -7.0159204
          ],
          [
            110.7632061,
            -7.0158717
          ],
          [
            110.7630995,
            -7.0156208
          ],
          [
            110.7628985,
            -7.0153098
          ],
          [
            110.7628302,
            -7.0152042
          ],
          [
            110.7628094,
            -7.015158
          ],
          [
            110.7626543,
            -7.0148128
          ],
          [
            110.7624857,
            -7.0142778
          ],
          [
            110.762419,
            -7.0139906
          ],
          [
            110.7623889,
            -7.0138613
          ],
          [
            110.7623541,
            -7.0136743
          ],
          [
            110.7622826,
            -7.0132738
          ],
          [
            110.762248,
            -7.0130791
          ],
          [
            110.7622215,
            -7.0128197
          ],
          [
            110.7621935,
            -7.0125429
          ],
          [
            110.7621768,
            -7.0122721
          ],
          [
            110.7621677,
            -7.0118418
          ],
          [
            110.7621373,
            -7.0111256
          ]
        ]
      }
    },
    {
      "type": "Feature",
      "properties": {
        "id": 1383473511,
        "name": "",
        "type": "tertiary",
        "kecamatan": "Kebonagung"
      },
      "geometry": {
        "type": "LineString",
        "coordinates": [
          [
            110.7621373,
            -7.0111256
          ],
          [
            110.7621368,
            -7.011113
          ],
          [
            110.7621151,
            -7.0104984
          ],
          [
            110.7621071,
            -7.0103852
          ],
          [
            110.7620523,
            -7.0096634
          ],
          [
            110.7620105,
            -7.0090288
          ],
          [
            110.7620071,
            -7.0089716
          ],
          [
            110.7619618,
            -7.0082
          ],
          [
            110.7619286,
            -7.0076537
          ],
          [
            110.7619267,
            -7.0076155
          ]
        ]
      }
    },
    {
      "type": "Feature",
      "properties": {
        "id": 1383473512,
        "name": "",
        "type": "tertiary",
        "kecamatan": "Kebonagung"
      },
      "geometry": {
        "type": "LineString",
        "coordinates": [
          [
            110.7619267,
            -7.0076155
          ],
          [
            110.761925,
            -7.0075736
          ]
        ]
      }
    },
    {
      "type": "Feature",
      "properties": {
        "id": 1408392633,
        "name": "",
        "type": "secondary",
        "kecamatan": "Mranggen"
      },
      "geometry": {
        "type": "LineString",
        "coordinates": [
          [
            110.4954893,
            -7.0798932
          ],
          [
            110.4956955,
            -7.0798173
          ],
          [
            110.4958185,
            -7.0797747
          ],
          [
            110.4958849,
            -7.0797415
          ],
          [
            110.4960452,
            -7.0796517
          ],
          [
            110.4962241,
            -7.0795232
          ],
          [
            110.496532,
            -7.0793116
          ],
          [
            110.4967459,
            -7.0791406
          ],
          [
            110.4969752,
            -7.0789642
          ],
          [
            110.4971355,
            -7.0788611
          ],
          [
            110.4973239,
            -7.0787733
          ],
          [
            110.4975519,
            -7.0786834
          ],
          [
            110.4977558,
            -7.0786196
          ],
          [
            110.4979569,
            -7.0785517
          ],
          [
            110.4980508,
            -7.0785124
          ],
          [
            110.4981124,
            -7.0784718
          ],
          [
            110.4981548,
            -7.0784213
          ],
          [
            110.4982024,
            -7.0783594
          ],
          [
            110.4982379,
            -7.0782848
          ],
          [
            110.4982627,
            -7.0781737
          ],
          [
            110.4982922,
            -7.0779954
          ],
          [
            110.4982986,
            -7.0779345
          ],
          [
            110.4983103,
            -7.077841
          ]
        ]
      }
    },
    {
      "type": "Feature",
      "properties": {
        "id": 1408392634,
        "name": "",
        "type": "secondary",
        "kecamatan": "Mranggen"
      },
      "geometry": {
        "type": "LineString",
        "coordinates": [
          [
            110.4953814,
            -7.0799331
          ],
          [
            110.4954893,
            -7.0798932
          ]
        ]
      }
    },
    {
      "type": "Feature",
      "properties": {
        "id": 1408563808,
        "name": "",
        "type": "tertiary",
        "kecamatan": "Mranggen"
      },
      "geometry": {
        "type": "LineString",
        "coordinates": [
          [
            110.502265,
            -7.0386291
          ],
          [
            110.502345,
            -7.0386807
          ]
        ]
      }
    },
    {
      "type": "Feature",
      "properties": {
        "id": 1408563809,
        "name": "",
        "type": "tertiary",
        "kecamatan": "Mranggen"
      },
      "geometry": {
        "type": "LineString",
        "coordinates": [
          [
            110.5005815,
            -7.0379357
          ],
          [
            110.5012781,
            -7.038201
          ],
          [
            110.5016784,
            -7.0383534
          ],
          [
            110.5021197,
            -7.0385682
          ],
          [
            110.502265,
            -7.0386291
          ]
        ]
      }
    },
    {
      "type": "Feature",
      "properties": {
        "id": 1410491127,
        "name": "Gang Gading Mas",
        "type": "tertiary",
        "kecamatan": "Mranggen"
      },
      "geometry": {
        "type": "LineString",
        "coordinates": [
          [
            110.4859334,
            -7.0468979
          ],
          [
            110.4859058,
            -7.046829
          ]
        ]
      }
    },
    {
      "type": "Feature",
      "properties": {
        "id": 1410491129,
        "name": "",
        "type": "tertiary",
        "kecamatan": "Mranggen"
      },
      "geometry": {
        "type": "LineString",
        "coordinates": [
          [
            110.4924916,
            -7.050199
          ],
          [
            110.4925945,
            -7.0500233
          ],
          [
            110.4926656,
            -7.0498743
          ],
          [
            110.492726,
            -7.0497452
          ]
        ]
      }
    },
    {
      "type": "Feature",
      "properties": {
        "id": 1410491130,
        "name": "",
        "type": "tertiary",
        "kecamatan": "Mranggen"
      },
      "geometry": {
        "type": "LineString",
        "coordinates": [
          [
            110.492726,
            -7.0497452
          ],
          [
            110.4927696,
            -7.0496363
          ],
          [
            110.4928017,
            -7.0495761
          ]
        ]
      }
    },
    {
      "type": "Feature",
      "properties": {
        "id": 1410494683,
        "name": "",
        "type": "tertiary",
        "kecamatan": "Mranggen"
      },
      "geometry": {
        "type": "LineString",
        "coordinates": [
          [
            110.5080875,
            -7.043766
          ],
          [
            110.508127,
            -7.0436424
          ],
          [
            110.5081752,
            -7.0434843
          ],
          [
            110.508238,
            -7.0432812
          ],
          [
            110.5083223,
            -7.0429839
          ],
          [
            110.5083672,
            -7.0428147
          ],
          [
            110.5083672,
            -7.0427488
          ],
          [
            110.5083465,
            -7.0427276
          ],
          [
            110.5083187,
            -7.0427114
          ],
          [
            110.506892,
            -7.0422127
          ],
          [
            110.5065131,
            -7.0420648
          ],
          [
            110.5053277,
            -7.0414389
          ],
          [
            110.5049149,
            -7.0412717
          ],
          [
            110.5047449,
            -7.0412189
          ],
          [
            110.5046675,
            -7.0411783
          ],
          [
            110.5045981,
            -7.0411327
          ],
          [
            110.5042072,
            -7.0408522
          ],
          [
            110.5039282,
            -7.0406783
          ]
        ]
      }
    },
    {
      "type": "Feature",
      "properties": {
        "id": 1423945967,
        "name": "",
        "type": "primary",
        "kecamatan": "Kebonagung"
      },
      "geometry": {
        "type": "LineString",
        "coordinates": [
          [
            110.7178592,
            -7.0282729
          ],
          [
            110.7167132,
            -7.0278077
          ],
          [
            110.7159595,
            -7.0274949
          ]
        ]
      }
    },
    {
      "type": "Feature",
      "properties": {
        "id": 1473275473,
        "name": "Jalan Raya Bandungrejo",
        "type": "primary",
        "kecamatan": "Mranggen"
      },
      "geometry": {
        "type": "LineString",
        "coordinates": [
          [
            110.5277082,
            -7.028044
          ],
          [
            110.5277984,
            -7.0280129
          ],
          [
            110.5279823,
            -7.0280763
          ],
          [
            110.5283315,
            -7.02819
          ],
          [
            110.5285128,
            -7.0282454
          ],
          [
            110.5290238,
            -7.0283811
          ],
          [
            110.5293468,
            -7.0284801
          ],
          [
            110.5295223,
            -7.0285338
          ],
          [
            110.5301101,
            -7.0287139
          ],
          [
            110.5305143,
            -7.0288717
          ]
        ]
      }
    },
    {
      "type": "Feature",
      "properties": {
        "id": 1473275474,
        "name": "Jalan Raya Bandungrejo",
        "type": "primary",
        "kecamatan": "Mranggen"
      },
      "geometry": {
        "type": "LineString",
        "coordinates": [
          [
            110.5329295,
            -7.0296078
          ],
          [
            110.5329105,
            -7.0296013
          ],
          [
            110.5328505,
            -7.0295916
          ],
          [
            110.5322456,
            -7.0293956
          ],
          [
            110.5318094,
            -7.0292627
          ],
          [
            110.531563,
            -7.0291786
          ],
          [
            110.5308455,
            -7.0289712
          ],
          [
            110.5305143,
            -7.0288717
          ]
        ]
      }
    },
    {
      "type": "Feature",
      "properties": {
        "id": 1478597377,
        "name": "",
        "type": "tertiary",
        "kecamatan": "Wonosalam"
      },
      "geometry": {
        "type": "LineString",
        "coordinates": [
          [
            110.6245615,
            -6.9423326
          ],
          [
            110.6245217,
            -6.9423351
          ],
          [
            110.6244721,
            -6.9423258
          ],
          [
            110.6240843,
            -6.9421349
          ],
          [
            110.6229714,
            -6.9416479
          ],
          [
            110.6228057,
            -6.9415697
          ],
          [
            110.6227373,
            -6.9415476
          ]
        ]
      }
    }
  ]
}