{"type":"FeatureCollection","features":[{"type":"Feature","properties":{"name":"Demak Mask"},"geometry":{"type":"Polygon","coordinates":[[[-180,-90],[180,-90],[180,90],[-180,90],[-180,-90]],[[110.4635865,-6.9281859],[110.4654957,-6.9319879],[110.4668264,-6.9355536],[110.4674274,-6.9365341],[110.4681421,-6.9374348],[110.4688181,-6.9382541],[110.469895,-6.9395801],[110.4701076,-6.9397958],[110.4710913,-6.9407942],[110.4722714,-6.9413054],[110.4741034,-6.9421168],[110.4760909,-6.9430787],[110.4783386,-6.9441064],[110.4782528,-6.9445271],[110.4795241,-6.9449744],[110.480817,-6.9453631],[110.4818898,-6.9456001],[110.4832444,-6.9459755],[110.4845425,-6.9464281],[110.4856691,-6.9466891],[110.4858541,-6.9459116],[110.4874662,-6.9463908],[110.488362,-6.9466438],[110.4882199,-6.9474292],[110.487957,-6.9487472],[110.4891801,-6.9483212],[110.4903173,-6.9479138],[110.4908645,-6.9477035],[110.4915109,-6.9474878],[110.491291,-6.9483451],[110.4910067,-6.9491625],[110.4907787,-6.9500571],[110.4905587,-6.9510875],[110.4901859,-6.9520034],[110.489974,-6.9526903],[110.4897299,-6.953766],[110.4895985,-6.9548203],[110.4899177,-6.9549881],[110.4900625,-6.9548603],[110.490261,-6.9548842],[110.4901755,-6.9551191],[110.4907594,-6.9549577],[110.4921979,-6.9545773],[110.4928854,-6.9544421],[110.4935065,-6.9543888],[110.4941672,-6.9542598],[110.4946274,-6.9540717],[110.4950522,-6.9540014],[110.4959961,-6.9537667],[110.4971996,-6.9534497],[110.4984798,-6.9530916],[110.4988574,-6.9530213],[110.4992349,-6.9529627],[110.4996125,-6.9528453],[110.5002773,-6.9526246],[110.5003031,-6.9527223],[110.5004557,-6.9531047],[110.500532,-6.9532855],[110.5007075,-6.9538176],[110.5008982,-6.9542048],[110.5010511,-6.9547481],[110.5011576,-6.955108],[110.5013167,-6.9558095],[110.5013229,-6.9558238],[110.5019957,-6.9552144],[110.5026116,-6.9547226],[110.5029827,-6.9544263],[110.5041254,-6.9535956],[110.50493,-6.9529513],[110.505799,-6.9523069],[110.5069095,-6.951407],[110.5070651,-6.9514922],[110.5070007,-6.9519981],[110.5070758,-6.9522697],[110.5074888,-6.953111],[110.5079555,-6.9543091],[110.5084544,-6.9553209],[110.5088353,-6.9563326],[110.5088836,-6.9566255],[110.5086905,-6.957134],[110.5084947,-6.957536],[110.5061746,-6.9572831],[110.5050856,-6.9571047],[110.5047744,-6.9576612],[110.5044445,-6.9580738],[110.5036613,-6.9576984],[110.5030069,-6.9583241],[110.5020861,-6.9588692],[110.5016283,-6.9594062],[110.5013906,-6.9599511],[110.500921,-6.9608841],[110.5009188,-6.9608882],[110.5005984,-6.961941],[110.5004458,-6.9628003],[110.5004687,-6.9638102],[110.5006365,-6.9646704],[110.5007891,-6.9652937],[110.5010027,-6.9658096],[110.5016436,-6.967078],[110.5020691,-6.9672063],[110.5031276,-6.9675255],[110.5047987,-6.9681593],[110.5057669,-6.9685265],[110.5054665,-6.969666],[110.5060834,-6.969895],[110.5053806,-6.9724296],[110.5055147,-6.9739578],[110.5061692,-6.9751931],[110.5059037,-6.9764338],[110.5057722,-6.9773629],[110.5056435,-6.9785397],[110.505504,-6.9789124],[110.5053645,-6.9792851],[110.5052438,-6.9796233],[110.5049863,-6.9794715],[110.5047798,-6.9792585],[110.5046135,-6.9789843],[110.5044124,-6.9786808],[110.5042434,-6.9783267],[110.5040315,-6.9779833],[110.5038257,-6.9777092],[110.50363,-6.9776023],[110.5035152,-6.9775357],[110.5035199,-6.9776746],[110.5035943,-6.9781962],[110.5037311,-6.9785051],[110.503995,-6.9788482],[110.5041361,-6.9790935],[110.5039778,-6.9796579],[110.5029154,-6.9794182],[110.5021683,-6.9792118],[110.5020941,-6.9793037],[110.5020496,-6.9794207],[110.5020398,-6.9795124],[110.5020037,-6.9801291],[110.5019528,-6.9806589],[110.5018659,-6.9816584],[110.5017176,-6.9821673],[110.5016362,-6.9824122],[110.5015933,-6.9827302],[110.501557,-6.9830626],[110.5015343,-6.9834087],[110.50147,-6.9836247],[110.501302,-6.984172],[110.5011602,-6.9845601],[110.5009981,-6.9848573],[110.5008581,-6.9850794],[110.5012547,-6.985246],[110.5017855,-6.9854527],[110.5020701,-6.9855507],[110.5028678,-6.9857625],[110.5027963,-6.9859653],[110.5025751,-6.9866562],[110.5019953,-6.9881168],[110.5018045,-6.9885254],[110.5015756,-6.9890027],[110.5013315,-6.9893937],[110.5013315,-6.9895883],[110.5014307,-6.9900847],[110.5014841,-6.9903164],[110.5014841,-6.9903469],[110.5015146,-6.9907203],[110.5014994,-6.9910317],[110.5013925,-6.991508],[110.5013849,-6.991653],[110.5013925,-6.9917031],[110.5013925,-6.9917674],[110.5014154,-6.9918471],[110.5014231,-6.9919458],[110.5014459,-6.9920907],[110.5014154,-6.9922304],[110.5014078,-6.992301],[110.5013925,-6.9923835],[110.5014154,-6.992527],[110.5014536,-6.9926987],[110.5014383,-6.9929147],[110.5014255,-6.9929457],[110.5013115,-6.9927989],[110.5009396,-6.9922475],[110.5003342,-6.9921879],[110.4999725,-6.9922277],[110.4992893,-6.9922671],[110.4988067,-6.9927082],[110.4986056,-6.9928686],[110.4981231,-6.9931491],[110.4976907,-6.9941684],[110.4976901,-6.9947305],[110.4974487,-6.9949711],[110.4969805,-6.9951005],[110.4968395,-6.9949499],[110.496653,-6.9948047],[110.4963007,-6.9947111],[110.4959276,-6.9946278],[110.4955855,-6.9945446],[110.4952538,-6.9945132],[110.4951668,-6.9948995],[110.4950273,-6.995187],[110.4947323,-6.9953041],[110.4945445,-6.9953467],[110.494287,-6.9953467],[110.4941958,-6.9954745],[110.4942334,-6.9957887],[110.4943299,-6.9958579],[110.4945016,-6.9959218],[110.4946518,-6.9960336],[110.4946893,-6.9961348],[110.4944533,-6.9966832],[110.4936916,-6.9966406],[110.4935414,-6.9970665],[110.4931068,-6.9969867],[110.4920666,-6.9990276],[110.4933134,-7.000152],[110.492447,-7.0012835],[110.4917121,-7.0026519],[110.491181,-7.003738],[110.4909557,-7.004345],[110.4909772,-7.005133],[110.4920447,-7.0051676],[110.4923826,-7.0051543],[110.4938364,-7.0052821],[110.4947805,-7.0056921],[110.4953867,-7.0057294],[110.4969263,-7.0062991],[110.4986107,-7.0068741],[110.50022,-7.0086737],[110.50125,-7.009302],[110.5024087,-7.0098025],[110.5028272,-7.0096853],[110.5042434,-7.0102391],[110.5048871,-7.0112081],[110.5049783,-7.0117033],[110.5044097,-7.013242],[110.5040288,-7.0143068],[110.503947,-7.0150336],[110.5035406,-7.0152945],[110.5027252,-7.0158296],[110.5022559,-7.0161623],[110.5016276,-7.016557],[110.5012313,-7.0168332],[110.5010435,-7.0170754],[110.5008101,-7.0175067],[110.5005795,-7.0178874],[110.5003247,-7.018292],[110.5001852,-7.0186115],[110.5000323,-7.0190587],[110.4999009,-7.0194341],[110.4997238,-7.0197296],[110.4996836,-7.0199905],[110.4997158,-7.0204111],[110.4994369,-7.0207385],[110.499123,-7.0209621],[110.4989433,-7.0211298],[110.4988307,-7.0215052],[110.4987663,-7.0219577],[110.49871,-7.0224689],[110.4986536,-7.022783],[110.4985356,-7.0231024],[110.4983747,-7.023358],[110.4982513,-7.0235656],[110.4982868,-7.023752],[110.498313,-7.0239117],[110.4983479,-7.0240262],[110.4983479,-7.02413],[110.4982835,-7.0241939],[110.4981708,-7.0242551],[110.4980609,-7.0242897],[110.4979777,-7.0243669],[110.497908,-7.0244388],[110.4978946,-7.0245266],[110.497849,-7.0246784],[110.4978543,-7.0248062],[110.4980153,-7.0250777],[110.4981789,-7.0252454],[110.4984096,-7.0254877],[110.4985812,-7.0256767],[110.4986697,-7.02569],[110.4987583,-7.0256447],[110.4988441,-7.0255782],[110.4989272,-7.025509],[110.4990453,-7.025477],[110.4991525,-7.0254957],[110.4992464,-7.0255409],[110.4992786,-7.0256128],[110.499284,-7.0257139],[110.499292,-7.0258324],[110.4992706,-7.0259668],[110.499233,-7.0261825],[110.4991472,-7.026289],[110.4990292,-7.0263289],[110.498895,-7.0263422],[110.4987019,-7.0263102],[110.4985303,-7.0262943],[110.4984176,-7.0263422],[110.4983693,-7.0264593],[110.4983506,-7.0265738],[110.4983586,-7.0268293],[110.4983479,-7.027029],[110.4982513,-7.0270822],[110.4980314,-7.0271515],[110.4977658,-7.0271834],[110.4974896,-7.0271568],[110.4973286,-7.0271142],[110.497098,-7.0271195],[110.4969639,-7.0272313],[110.4968029,-7.0274656],[110.4967412,-7.027628],[110.496363,-7.0275454],[110.4959768,-7.0274762],[110.4958937,-7.0276466],[110.4957274,-7.0281071],[110.4957783,-7.0282402],[110.4958991,-7.028577],[110.4958251,-7.0288368],[110.4957944,-7.0289444],[110.4955611,-7.0296272],[110.495486,-7.0298455],[110.494751,-7.0295606],[110.4945713,-7.029558],[110.4944721,-7.0297283],[110.4941824,-7.0305695],[110.4935253,-7.0303273],[110.4927984,-7.0300691],[110.492388,-7.0298721],[110.4927769,-7.0287433],[110.4920259,-7.0285198],[110.4915673,-7.0284053],[110.4915165,-7.0283843],[110.4911864,-7.0282482],[110.4907009,-7.0280592],[110.4900491,-7.0279368],[110.4894709,-7.0278295],[110.489274,-7.027793],[110.4885364,-7.0275854],[110.488354,-7.0277211],[110.4881716,-7.0277105],[110.4879275,-7.0275827],[110.4876969,-7.0275268],[110.4876298,-7.0276652],[110.4874474,-7.0281125],[110.4868707,-7.0279634],[110.4866695,-7.0282988],[110.4864415,-7.0282083],[110.4854116,-7.028163],[110.484269,-7.028211],[110.483593,-7.0283361],[110.4836574,-7.0284931],[110.4837245,-7.0286688],[110.4837084,-7.0288286],[110.4836252,-7.0289137],[110.483416,-7.028975],[110.4832953,-7.0290016],[110.4831666,-7.0290548],[110.4830459,-7.0291347],[110.4830217,-7.0291933],[110.4830486,-7.0292971],[110.4831183,-7.029369],[110.4831505,-7.0293982],[110.4832014,-7.0294089],[110.4832953,-7.0294408],[110.4834911,-7.0294115],[110.4836038,-7.0293716],[110.4836896,-7.0293477],[110.4837781,-7.0293477],[110.4838747,-7.0293477],[110.4840195,-7.0294009],[110.484167,-7.0294861],[110.4843414,-7.0296325],[110.4844272,-7.0297629],[110.4844674,-7.0298455],[110.4844594,-7.0299386],[110.4844406,-7.0299945],[110.4843923,-7.0300744],[110.4843414,-7.030117],[110.4841322,-7.0301223],[110.4839551,-7.0300771],[110.4838425,-7.0300531],[110.4837191,-7.030085],[110.4836333,-7.0301356],[110.483526,-7.0301649],[110.4833516,-7.0301543],[110.4832122,-7.0301463],[110.4829895,-7.0301835],[110.482842,-7.0302315],[110.4827535,-7.0303273],[110.482724,-7.0304444],[110.4827321,-7.0305828],[110.482783,-7.0306946],[110.4828957,-7.0307479],[110.4829842,-7.0307745],[110.4830298,-7.0308065],[110.483121,-7.0308624],[110.4831853,-7.0309103],[110.4832497,-7.0309955],[110.4833114,-7.0310993],[110.4833221,-7.0312537],[110.4832953,-7.0314107],[110.4832846,-7.0314427],[110.48329,-7.0315265],[110.483357,-7.0316104],[110.4834522,-7.0316676],[110.4834804,-7.0316836],[110.4836252,-7.0317142],[110.4837701,-7.0317541],[110.483931,-7.03181],[110.4841188,-7.0318234],[110.4843414,-7.0317941],[110.4845613,-7.0317621],[110.4847276,-7.0317115],[110.4848269,-7.0317036],[110.4849556,-7.0317249],[110.4850441,-7.0317808],[110.4851139,-7.0318846],[110.4851299,-7.0319458],[110.4851139,-7.0320443],[110.4850736,-7.032212],[110.4850253,-7.0323691],[110.4849851,-7.0324968],[110.4848295,-7.0325474],[110.4846364,-7.0326033],[110.4845238,-7.0326566],[110.4843146,-7.0327125],[110.4842046,-7.0327311],[110.4840249,-7.0326779],[110.4839605,-7.0326406],[110.4838103,-7.0326193],[110.4836789,-7.0326885],[110.4836011,-7.032771],[110.4835179,-7.03296],[110.4834509,-7.033165],[110.4835099,-7.033535],[110.4835233,-7.0337347],[110.4835099,-7.0338864],[110.4835032,-7.0340874],[110.4835179,-7.0342698],[110.4835743,-7.0343363],[110.4836252,-7.034331],[110.4836977,-7.0342937],[110.4837674,-7.0342751],[110.48388,-7.0342671],[110.4840168,-7.0342964],[110.4841697,-7.0343044],[110.4843414,-7.0343283],[110.484446,-7.0343895],[110.484623,-7.0345014],[110.4847491,-7.0346345],[110.4848349,-7.0347489],[110.4848832,-7.034874],[110.4848912,-7.0350098],[110.4848564,-7.0351562],[110.4848081,-7.035284],[110.4847839,-7.0353638],[110.4847759,-7.0355156],[110.4847866,-7.0356247],[110.4848912,-7.0357765],[110.4849717,-7.035835],[110.4851809,-7.0358403],[110.4853418,-7.035851],[110.4855296,-7.0358696],[110.4856262,-7.0359628],[110.4856369,-7.0360586],[110.4855993,-7.0361039],[110.4854679,-7.0361837],[110.4853258,-7.0362476],[110.4852265,-7.0363195],[110.4851648,-7.0363594],[110.4850388,-7.0365218],[110.4849824,-7.0367028],[110.4850146,-7.0371181],[110.4850656,-7.0373417],[110.4850736,-7.0375227],[110.4849663,-7.0376478],[110.4848215,-7.0377384],[110.4847196,-7.0378342],[110.4846445,-7.037954],[110.4845238,-7.0382708],[110.4844272,-7.0384731],[110.4843387,-7.0386567],[110.4843682,-7.0388245],[110.4843762,-7.0389416],[110.4843494,-7.0390773],[110.4843387,-7.0391652],[110.4843387,-7.0392823],[110.4843467,-7.0394207],[110.4843521,-7.0395565],[110.4843011,-7.0399159],[110.4840559,-7.0406224],[110.4840697,-7.0410557],[110.4839805,-7.0412946],[110.4835765,-7.0418202],[110.4834943,-7.0420113],[110.4834667,-7.0422162],[110.4835349,-7.0423802],[110.4836852,-7.0424897],[110.4842115,-7.0426405],[110.4847855,-7.0429144],[110.4851576,-7.0433417],[110.4852258,-7.0435194],[110.4852393,-7.0436765],[110.4851983,-7.0437243],[110.4850614,-7.0438402],[110.4848152,-7.0438809],[110.4827711,-7.0436601],[110.4823814,-7.0436733],[110.4818376,-7.0438879],[110.4816802,-7.0440175],[110.4815775,-7.044195],[110.4815773,-7.0443794],[110.4816795,-7.0446391],[110.4820074,-7.0448785],[110.4826771,-7.0452549],[110.4829299,-7.045344],[110.4835162,-7.0454076],[110.4840957,-7.0453805],[110.4842152,-7.0454274],[110.4842972,-7.0455436],[110.4842969,-7.045728],[110.4840437,-7.0459395],[110.4839206,-7.0459804],[110.4832916,-7.0460138],[110.4831001,-7.0460682],[110.48297,-7.0462184],[110.4829697,-7.0465121],[110.4830448,-7.0465941],[110.483202,-7.0466216],[110.4834304,-7.0465914],[110.4835162,-7.0466669],[110.4840263,-7.046694],[110.4839606,-7.0469572],[110.4836182,-7.0474554],[110.4833507,-7.0481587],[110.4833436,-7.0484046],[110.4834939,-7.048514],[110.4837685,-7.0486188],[110.4839816,-7.0486935],[110.4841736,-7.0487205],[110.4845072,-7.048808],[110.4848092,-7.0487612],[110.4852598,-7.0487399],[110.4865365,-7.0496609],[110.4869549,-7.0503743],[110.488715,-7.0520146],[110.4893314,-7.0525891],[110.4912572,-7.0544258],[110.4917561,-7.0551285],[110.4921906,-7.0562625],[110.4922764,-7.0569386],[110.4920297,-7.0574018],[110.4917454,-7.0582802],[110.4917239,-7.0592864],[110.4920672,-7.0599678],[110.492255,-7.0602234],[110.4928826,-7.0608622],[110.4932903,-7.0609847],[110.4939877,-7.0612775],[110.4948889,-7.06173],[110.4966216,-7.0634176],[110.4970293,-7.0634868],[110.4976999,-7.0634602],[110.4981129,-7.0632792],[110.4988908,-7.0631035],[110.499615,-7.0630662],[110.4997866,-7.0630769],[110.4996849,-7.063599],[110.499733,-7.0637929],[110.499768,-7.0640036],[110.4998215,-7.0642708],[110.4998778,-7.0645569],[110.499851,-7.0650413],[110.4999958,-7.0657547],[110.5000763,-7.0660475],[110.5008273,-7.0662817],[110.5009748,-7.0664281],[110.5010258,-7.0666145],[110.5011009,-7.0670696],[110.5006422,-7.0673758],[110.5004706,-7.0672693],[110.5001809,-7.0669392],[110.4999449,-7.0667582],[110.4996445,-7.0669339],[110.4995962,-7.0672267],[110.4994513,-7.0675142],[110.4991992,-7.0675887],[110.4984643,-7.0674077],[110.4980566,-7.067248],[110.497901,-7.0673119],[110.4977991,-7.067594],[110.4978313,-7.0685523],[110.4982765,-7.0687493],[110.4984858,-7.0689143],[110.4985769,-7.0691539],[110.4985394,-7.0693774],[110.4980351,-7.0694573],[110.4975738,-7.0694094],[110.4971983,-7.0692869],[110.4970213,-7.0691751],[110.4968925,-7.0689569],[110.4969032,-7.0686854],[110.4970374,-7.0685203],[110.4974504,-7.068169],[110.4974451,-7.0679401],[110.4969193,-7.0677218],[110.4967638,-7.0678229],[110.4966082,-7.0683447],[110.4964473,-7.068547],[110.4963293,-7.0686108],[110.4960825,-7.0685523],[110.4958465,-7.0683553],[110.495589,-7.0682595],[110.495428,-7.0683553],[110.49553,-7.0685842],[110.4959108,-7.0688823],[110.4962327,-7.0692124],[110.4963722,-7.0695744],[110.4955407,-7.0708734],[110.4954012,-7.0711981],[110.4951813,-7.0713046],[110.4948299,-7.0713099],[110.4945617,-7.0710198],[110.4944061,-7.0709346],[110.4941969,-7.0710358],[110.4938965,-7.0713445],[110.4933654,-7.072356],[110.4929899,-7.0726861],[110.4921477,-7.0733888],[110.4915791,-7.0739957],[110.4913913,-7.0740702],[110.4912465,-7.0742352],[110.4910426,-7.0752201],[110.49093,-7.0754171],[110.4906081,-7.0758163],[110.4904633,-7.0759068],[110.4901789,-7.0759548],[110.4900019,-7.0760453],[110.4898464,-7.076205],[110.4892831,-7.0773548],[110.4879313,-7.077472],[110.4877274,-7.0775997],[110.4873519,-7.0789093],[110.4866331,-7.0794736],[110.4847555,-7.0813049],[110.4839509,-7.0818585],[110.4789029,-7.084664],[110.4776155,-7.0854732],[110.4775391,-7.0862832],[110.4778748,-7.0873904],[110.4779663,-7.0874672],[110.4780579,-7.0876326],[110.4781723,-7.0877924],[110.4782867,-7.0878572],[110.4784241,-7.0879492],[110.4786072,-7.0881157],[110.4788437,-7.0882411],[110.4790573,-7.0884294],[110.4791794,-7.0884642],[110.479538,-7.0885481],[110.4796982,-7.0886936],[110.4804154,-7.0894227],[110.4805756,-7.0895004],[110.4807892,-7.0895476],[110.4813233,-7.0896496],[110.4816589,-7.0898647],[110.4817734,-7.0900087],[110.4819489,-7.0903411],[110.4820786,-7.0905423],[110.4822312,-7.0906496],[110.4824066,-7.090713],[110.4825592,-7.0907034],[110.4827576,-7.0906305],[110.4831391,-7.0905089],[110.4833832,-7.0904922],[110.483551,-7.0905514],[110.4842072,-7.0904765],[110.4845403,-7.0905091],[110.4845429,-7.0905094],[110.48526,-7.09058],[110.486084,-7.090652],[110.4876404,-7.0909514],[110.4881897,-7.0911841],[110.4887407,-7.0912916],[110.4887619,-7.0912957],[110.4887936,-7.0913061],[110.4888067,-7.0913104],[110.4895554,-7.0915565],[110.4897604,-7.0916433],[110.4901276,-7.0917987],[110.4909515,-7.0922694],[110.4915466,-7.0924186],[110.4920883,-7.0925307],[110.4928055,-7.0927415],[110.4935532,-7.0930223],[110.4953919,-7.0936098],[110.4964371,-7.0939998],[110.4969177,-7.0942215],[110.4973755,-7.094666],[110.4982834,-7.0956258],[110.4995117,-7.0965428],[110.4996643,-7.0967154],[110.4997788,-7.0969166],[110.4998322,-7.0971436],[110.4998703,-7.0974331],[110.4998703,-7.0977101],[110.4998017,-7.0980124],[110.4996796,-7.0984149],[110.4995117,-7.0986542],[110.4991989,-7.0989938],[110.4991226,-7.0991196],[110.4991455,-7.0992579],[110.4992142,-7.0993714],[110.4993897,-7.0994849],[110.499733,-7.0996971],[110.4999008,-7.0998707],[110.4999618,-7.1001005],[110.4999618,-7.1002989],[110.4999618,-7.1005096],[110.4998703,-7.1006956],[110.4998017,-7.1008878],[110.4997635,-7.1010303],[110.4997559,-7.1011171],[110.4997482,-7.101489],[110.4997559,-7.1017127],[110.4997864,-7.1018119],[110.4998398,-7.1018738],[110.5,-7.1019335],[110.5002899,-7.102056],[110.500824,-7.1020274],[110.5011749,-7.1019554],[110.5013871,-7.1018927],[110.501564,-7.1018405],[110.5019608,-7.1016092],[110.5021744,-7.1015949],[110.5024109,-7.1016245],[110.5025635,-7.101798],[110.5025652,-7.1018059],[110.5026245,-7.1020727],[110.5026245,-7.1023621],[110.5026245,-7.1025791],[110.502594,-7.102767],[110.5024338,-7.1029405],[110.5020447,-7.1035185],[110.5014038,-7.1042556],[110.5009537,-7.1048188],[110.5005341,-7.1053538],[110.5,-7.1059637],[110.4998703,-7.1061396],[110.4995499,-7.1065564],[110.4994354,-7.1067862],[110.4993515,-7.1072035],[110.4992676,-7.1076717],[110.4991303,-7.1080718],[110.4989014,-7.1084976],[110.4986496,-7.1088123],[110.4978714,-7.1092114],[110.4973755,-7.1094923],[110.4971924,-7.1095347],[110.4968948,-7.1094575],[110.4961319,-7.1093373],[110.4960251,-7.1093631],[110.4959183,-7.1094308],[110.4957581,-7.1096606],[110.495781,-7.1099076],[110.4962311,-7.1105127],[110.4968567,-7.1109562],[110.4970551,-7.1109905],[110.4973678,-7.1109824],[110.4975957,-7.1109361],[110.4978256,-7.1108894],[110.498291,-7.1106429],[110.4987793,-7.1102347],[110.4989141,-7.1101683],[110.499176,-7.1100392],[110.4994354,-7.10992],[110.4997177,-7.1098866],[110.4998703,-7.1099462],[110.5,-7.1099848],[110.5004654,-7.1102285],[110.5011368,-7.1104832],[110.5016174,-7.1106186],[110.502037,-7.1107878],[110.5025254,-7.1109915],[110.5025568,-7.111013],[110.5027466,-7.1111436],[110.5028992,-7.1113634],[110.5028152,-7.1117859],[110.5026474,-7.112225],[110.5023728,-7.1126132],[110.502037,-7.1129169],[110.501648,-7.1132717],[110.5015564,-7.1132768],[110.501358,-7.1132879],[110.5009842,-7.1130509],[110.5007324,-7.1125102],[110.5005257,-7.1122017],[110.5003586,-7.1119523],[110.5002628,-7.1117889],[110.5002594,-7.111783],[110.5002513,-7.1117844],[110.5,-7.1118283],[110.4999695,-7.1118335],[110.4998856,-7.1119432],[110.4997788,-7.112102],[110.4996643,-7.1125669],[110.4996414,-7.1129098],[110.4995804,-7.1134233],[110.4995575,-7.1138148],[110.4996567,-7.1142678],[110.4997635,-7.1147208],[110.4997635,-7.1149406],[110.4995651,-7.1151609],[110.4994202,-7.1153807],[110.4994049,-7.1155891],[110.4995041,-7.1158461],[110.499672,-7.1162743],[110.4997254,-7.1164822],[110.4997025,-7.1168127],[110.4996491,-7.1171431],[110.4996414,-7.1176405],[110.4997788,-7.1177034],[110.4998398,-7.1177845],[110.4998474,-7.1179766],[110.4998017,-7.1183719],[110.4997864,-7.1185579],[110.4998474,-7.1186013],[110.5,-7.1186146],[110.5001679,-7.118648],[110.5003891,-7.1187629],[110.5006027,-7.1189127],[110.5006867,-7.1190352],[110.5007706,-7.1192875],[110.5007858,-7.1195178],[110.5008164,-7.1198444],[110.500885,-7.1198597],[110.5011063,-7.1198153],[110.5011798,-7.1197988],[110.5011826,-7.1197982],[110.5014572,-7.1197352],[110.5015793,-7.11979],[110.5016174,-7.1198635],[110.5016861,-7.1200657],[110.5019226,-7.1202059],[110.5020065,-7.1204152],[110.5021667,-7.1204881],[110.5039292,-7.1219511],[110.5043259,-7.1219835],[110.5047913,-7.1223349],[110.504982,-7.1227302],[110.5053635,-7.1230535],[110.5059891,-7.1232647],[110.5066071,-7.1230726],[110.5070953,-7.1227908],[110.507576,-7.1226301],[110.5081635,-7.1223287],[110.5085831,-7.1222238],[110.5090256,-7.1221266],[110.5095138,-7.1220688],[110.509964,-7.1220021],[110.5102063,-7.1219349],[110.5102081,-7.1219344],[110.5106735,-7.1222839],[110.5111847,-7.1226205],[110.5115204,-7.1227603],[110.5122528,-7.1229705],[110.5128021,-7.1231208],[110.5129547,-7.1232228],[110.5133515,-7.1234922],[110.5135651,-7.1239934],[110.5138626,-7.1246347],[110.5138168,-7.1250004],[110.5137329,-7.1252093],[110.5137482,-7.1257386],[110.5138092,-7.1261768],[110.5138245,-7.1262645],[110.5138531,-7.1265858],[110.5138626,-7.1266923],[110.5136719,-7.1271133],[110.5135254,-7.1277207],[110.5135193,-7.1277461],[110.5134964,-7.128036],[110.5134277,-7.1282196],[110.5133972,-7.1282558],[110.513588,-7.1284341],[110.5141678,-7.1289534],[110.5146485,-7.129209],[110.5148468,-7.1294131],[110.515068,-7.1296429],[110.5152054,-7.1297469],[110.5153503,-7.1299772],[110.515419,-7.1299753],[110.5156936,-7.1301918],[110.5159912,-7.1304335],[110.5163421,-7.1307006],[110.5167999,-7.1309934],[110.5173111,-7.131299],[110.5176315,-7.1314516],[110.5179978,-7.1316423],[110.5182266,-7.1317825],[110.5185776,-7.1320047],[110.5190125,-7.1323242],[110.519371,-7.1325235],[110.5203857,-7.1330652],[110.5204696,-7.1331162],[110.5206965,-7.1332471],[110.5206986,-7.1332483],[110.5209198,-7.1332354],[110.5211487,-7.1331873],[110.5213547,-7.1331176],[110.5215301,-7.133048],[110.5216827,-7.1329732],[110.5218582,-7.1328816],[110.5221634,-7.132689],[110.5221863,-7.1326518],[110.5222168,-7.1326303],[110.5225906,-7.1321473],[110.5228729,-7.1319098],[110.5232544,-7.1316914],[110.5238037,-7.1313824],[110.5242233,-7.1310424],[110.5246048,-7.1307001],[110.5250091,-7.1304268],[110.5251388,-7.1303563],[110.526146,-7.1299786],[110.5263519,-7.1299057],[110.5265808,-7.1297207],[110.5268326,-7.1294298],[110.5271072,-7.1292167],[110.5271643,-7.1291698],[110.5271876,-7.129197],[110.5273437,-7.1292739],[110.5278778,-7.1294184],[110.5280838,-7.1295113],[110.5287781,-7.1303563],[110.5288875,-7.1303951],[110.5289917,-7.1304321],[110.529129,-7.1304493],[110.5291824,-7.1304846],[110.5292892,-7.1306023],[110.5294495,-7.1307077],[110.5294876,-7.1308016],[110.5294876,-7.1308875],[110.5296097,-7.1310053],[110.530134,-7.130978],[110.5302506,-7.1309719],[110.530571,-7.131278],[110.5307846,-7.1314058],[110.5309372,-7.1315045],[110.5312805,-7.1316685],[110.5315323,-7.1318168],[110.5315613,-7.1318318],[110.5316391,-7.1318722],[110.531807,-7.131659],[110.5320206,-7.1313958],[110.53228,-7.1312217],[110.532341,-7.131134],[110.5324631,-7.1309862],[110.5326996,-7.1307692],[110.5329056,-7.1306047],[110.5330505,-7.1305708],[110.5335999,-7.1307163],[110.5339966,-7.130867],[110.5342102,-7.1309042],[110.5344543,-7.1308632],[110.5345917,-7.1308503],[110.5347137,-7.130866],[110.534935,-7.1307449],[110.5349884,-7.1304187],[110.5349579,-7.1303644],[110.5348816,-7.1300945],[110.5348663,-7.1298032],[110.5349274,-7.1296835],[110.5349884,-7.1295304],[110.5349798,-7.1293946],[110.5349731,-7.1292891],[110.5349731,-7.1288304],[110.5350266,-7.1285429],[110.5351486,-7.1283793],[110.5352631,-7.1283145],[110.5354385,-7.128303],[110.5356522,-7.1283707],[110.5357208,-7.128459],[110.5356674,-7.1286635],[110.535553,-7.1289224],[110.535469,-7.129118],[110.5354996,-7.1292429],[110.5356827,-7.1294078],[110.5362091,-7.1297998],[110.5362625,-7.1299562],[110.5363922,-7.1299639],[110.5365906,-7.1298995],[110.5367126,-7.1298036],[110.5368423,-7.1296124],[110.5370789,-7.1292619],[110.5371933,-7.1291604],[110.5371933,-7.1290569],[110.5372238,-7.1287756],[110.5373306,-7.1286478],[110.5372925,-7.1285381],[110.5371628,-7.1284284],[110.5369644,-7.1282563],[110.536995,-7.1281929],[110.537117,-7.1281371],[110.5373306,-7.128129],[110.5375671,-7.128098],[110.5377197,-7.1280355],[110.5378723,-7.1280851],[110.5380096,-7.1282353],[110.5382233,-7.1284003],[110.5383606,-7.1283679],[110.5383682,-7.1282839],[110.5383453,-7.1279044],[110.5383752,-7.1278419],[110.5384445,-7.127697],[110.5385361,-7.1276798],[110.538681,-7.1277795],[110.5388107,-7.1279521],[110.538826,-7.1281233],[110.5388794,-7.1283092],[110.5390244,-7.128396],[110.5394745,-7.1285462],[110.5394882,-7.1285316],[110.5395279,-7.1284894],[110.5395431,-7.1283722],[110.5394592,-7.1281991],[110.5394211,-7.1280546],[110.5394668,-7.1280393],[110.5396118,-7.1281228],[110.5399246,-7.1283187],[110.5401764,-7.1283469],[110.5406799,-7.128366],[110.540741,-7.1284418],[110.540657,-7.1286182],[110.5406876,-7.1286869],[110.5408173,-7.1287508],[110.5409927,-7.1287665],[110.5412064,-7.128706],[110.5414352,-7.1284389],[110.5417633,-7.1285472],[110.541954,-7.1285667],[110.5420837,-7.1285009],[110.5423858,-7.1283553],[110.5428577,-7.1286424],[110.543533,-7.129124],[110.5441437,-7.1295595],[110.5440521,-7.1296839],[110.5440216,-7.1298394],[110.5440979,-7.130034],[110.544136,-7.1301098],[110.5441971,-7.1302018],[110.5443039,-7.1302499],[110.5445023,-7.1301956],[110.5447769,-7.130136],[110.5448074,-7.130239],[110.5447617,-7.1303501],[110.5445938,-7.1305341],[110.5443802,-7.1307978],[110.5444031,-7.1308689],[110.5445404,-7.1309495],[110.5447769,-7.1310043],[110.5451279,-7.1310081],[110.545166,-7.1310086],[110.5453339,-7.1309891],[110.5454712,-7.1310768],[110.545639,-7.1311049],[110.5457306,-7.1310367],[110.5457459,-7.1309194],[110.5456912,-7.1305805],[110.5456633,-7.1304074],[110.5457248,-7.1304492],[110.5466093,-7.1310505],[110.5474157,-7.1322199],[110.5474222,-7.1322399],[110.5475417,-7.1325934],[110.5475457,-7.1329972],[110.5472767,-7.1334349],[110.5470166,-7.1336489],[110.546907,-7.1339693],[110.5463104,-7.1349514],[110.5464201,-7.135199],[110.546483,-7.1353383],[110.5466241,-7.135462],[110.5467497,-7.1355859],[110.5470315,-7.1357099],[110.5471718,-7.1357876],[110.5473278,-7.1358187],[110.5474682,-7.1358963],[110.5475616,-7.1360359],[110.5476864,-7.136129],[110.5478112,-7.136253],[110.54792,-7.136377],[110.547997,-7.136532],[110.5480905,-7.1366714],[110.5481848,-7.1368109],[110.548248,-7.136966],[110.5483269,-7.1371057],[110.5483749,-7.1372766],[110.5484072,-7.137432],[110.5485183,-7.1375876],[110.5485818,-7.1377277],[110.5486606,-7.1378832],[110.5488502,-7.1381414],[110.5491753,-7.1379539],[110.5491791,-7.1379599],[110.5492096,-7.1380176],[110.5492935,-7.1381512],[110.5495453,-7.1379757],[110.5498963,-7.137711],[110.5501404,-7.1375694],[110.5504837,-7.1374087],[110.5507965,-7.1373052],[110.5511246,-7.1372485],[110.5513153,-7.1372585],[110.5514476,-7.1372858],[110.5514861,-7.1373122],[110.5516433,-7.1373891],[110.5517698,-7.1375123],[110.5518808,-7.1376356],[110.5520212,-7.1376975],[110.5521425,-7.137822],[110.5522804,-7.1378998],[110.552435,-7.1379309],[110.5525913,-7.1379617],[110.5527304,-7.1380545],[110.5528844,-7.1381474],[110.5530606,-7.1381933],[110.5532212,-7.1382239],[110.5532502,-7.1382238],[110.5535049,-7.1383199],[110.5540848,-7.138472],[110.5542881,-7.1385361],[110.5542989,-7.1385488],[110.5543732,-7.1386571],[110.5544498,-7.1387344],[110.5546374,-7.1388272],[110.55491,-7.1389659],[110.5551322,-7.1391362],[110.5553495,-7.1392752],[110.5556608,-7.1393201],[110.5558499,-7.1392726],[110.5559937,-7.1392722],[110.5562058,-7.1393633],[110.556366,-7.1394486],[110.5564728,-7.1395244],[110.556572,-7.1396336],[110.5573654,-7.1396656],[110.558288,-7.1396862],[110.5584869,-7.1396513],[110.5595093,-7.1395435],[110.5605393,-7.139358],[110.5612869,-7.1391411],[110.5620804,-7.1387849],[110.5627213,-7.1384592],[110.5634995,-7.137978],[110.5643539,-7.1375441],[110.5649664,-7.1372673],[110.5652466,-7.1371407],[110.5655653,-7.136994],[110.5656996,-7.1369321],[110.5662232,-7.1366911],[110.56707,-7.1363658],[110.5678024,-7.1361336],[110.5683289,-7.1359939],[110.5694046,-7.1356997],[110.5701675,-7.1355142],[110.5710831,-7.135282],[110.5719223,-7.1350808],[110.5730133,-7.1347866],[110.5741348,-7.1344924],[110.5751496,-7.1341982],[110.5761642,-7.133873],[110.5773163,-7.133501],[110.5782013,-7.1331601],[110.5789185,-7.1328659],[110.5795746,-7.1326022],[110.5800857,-7.1323781],[110.5800975,-7.13237],[110.5804672,-7.1321168],[110.5807953,-7.1319575],[110.5811844,-7.1316518],[110.5812607,-7.1315379],[110.5813065,-7.1313085],[110.5814285,-7.1310429],[110.5818939,-7.130567],[110.5819702,-7.1304135],[110.5820236,-7.1302614],[110.5821533,-7.1301417],[110.5824356,-7.130044],[110.5828552,-7.1299095],[110.5830765,-7.129816],[110.5834122,-7.1297602],[110.5836945,-7.1297683],[110.5842819,-7.1299567],[110.5844574,-7.1300163],[110.5845261,-7.1300053],[110.5846252,-7.1297836],[110.584671,-7.1295938],[110.5848084,-7.1294331],[110.5850372,-7.1292972],[110.5855179,-7.1291938],[110.5855637,-7.1291885],[110.5856094,-7.1291656],[110.5857544,-7.1290278],[110.5861664,-7.128664],[110.5863495,-7.1286368],[110.5866394,-7.1286497],[110.5867691,-7.1287245],[110.5870285,-7.1288657],[110.5872192,-7.1288204],[110.587326,-7.128747],[110.5873718,-7.1286359],[110.5875168,-7.1283846],[110.5877228,-7.128304],[110.5878983,-7.1281805],[110.588028,-7.1279969],[110.5881653,-7.127686],[110.5882721,-7.1275201],[110.5884094,-7.1274052],[110.5885773,-7.1273594],[110.5891724,-7.1271753],[110.5894089,-7.1270127],[110.5895615,-7.126831],[110.5897064,-7.1265473],[110.5898209,-7.1263947],[110.5900345,-7.126234],[110.5902557,-7.1260781],[110.5909729,-7.1255326],[110.5911636,-7.1254911],[110.5913925,-7.1254768],[110.5914993,-7.1253714],[110.5917816,-7.1250004],[110.5926819,-7.1247682],[110.5930786,-7.1242118],[110.5934525,-7.1234054],[110.5938568,-7.1223659],[110.5940018,-7.1217074],[110.5940323,-7.1216921],[110.5943298,-7.1208386],[110.5944214,-7.1199259],[110.5943375,-7.1191172],[110.5941772,-7.1182336],[110.5932694,-7.117114],[110.5928879,-7.1167125],[110.5927963,-7.1166157],[110.5927811,-7.1165065],[110.5929794,-7.1164808],[110.5930634,-7.1164655],[110.5931168,-7.1163744],[110.5931168,-7.11626],[110.592987,-7.1160717],[110.5929489,-7.1160202],[110.5927811,-7.1158147],[110.5927048,-7.1154732],[110.5926819,-7.1153082],[110.5926056,-7.1152191],[110.5923614,-7.115046],[110.592308,-7.1150255],[110.5919876,-7.1149196],[110.591507,-7.114788],[110.5914466,-7.1147654],[110.5914459,-7.1147651],[110.5911942,-7.1147542],[110.5903473,-7.1146378],[110.5897751,-7.1145057],[110.5891876,-7.1143017],[110.5883865,-7.1140375],[110.5877533,-7.1139516],[110.5874557,-7.1139893],[110.5871201,-7.1141171],[110.5868912,-7.1141996],[110.5866089,-7.114212],[110.586113,-7.1142587],[110.5856018,-7.1143093],[110.5851364,-7.1143827],[110.5849533,-7.1144838],[110.5840999,-7.1139581],[110.5840988,-7.1139574],[110.5838089,-7.1137809],[110.5835266,-7.1136136],[110.5832672,-7.1135506],[110.5827332,-7.1134429],[110.5825501,-7.1133141],[110.5824127,-7.1131324],[110.5821686,-7.1128807],[110.5819855,-7.1127982],[110.5817642,-7.1128025],[110.581604,-7.1127862],[110.5812378,-7.1126642],[110.5800934,-7.1122412],[110.5797577,-7.1121068],[110.5791474,-7.1117243],[110.5789795,-7.1116056],[110.5787887,-7.11134],[110.578537,-7.1105933],[110.578476,-7.1104426],[110.5775909,-7.1098847],[110.5774307,-7.1096201],[110.5768738,-7.1086368],[110.5767822,-7.108211],[110.5766983,-7.1076874],[110.5766907,-7.107367],[110.5766602,-7.1070604],[110.5765839,-7.1068873],[110.5764618,-7.1067486],[110.5763016,-7.1066651],[110.5760956,-7.1049723],[110.5757446,-7.1042371],[110.5750428,-7.1034383],[110.5746384,-7.1029544],[110.5743408,-7.1025886],[110.5741806,-7.1021523],[110.573967,-7.1016831],[110.573761,-7.1012487],[110.5735016,-7.1008072],[110.5730591,-7.1003861],[110.5728073,-7.1001892],[110.5726776,-7.1000943],[110.5722504,-7.0998249],[110.5718003,-7.0994196],[110.5714728,-7.0990955],[110.5714722,-7.0990948],[110.5713959,-7.099019],[110.571106,-7.0987329],[110.570076,-7.0978045],[110.5694656,-7.0974083],[110.5687256,-7.0970149],[110.5678482,-7.096631],[110.5669098,-7.0962901],[110.5657425,-7.096096],[110.5655747,-7.0959544],[110.5651779,-7.0959539],[110.564888,-7.0958967],[110.5647812,-7.0957837],[110.5647812,-7.0956421],[110.5649491,-7.0951042],[110.5650024,-7.0946793],[110.5651169,-7.0941982],[110.5651474,-7.0936885],[110.5649491,-7.0933485],[110.5647812,-7.093235],[110.5643539,-7.0933194],[110.5637589,-7.0937152],[110.5624542,-7.0944218],[110.5621414,-7.0945635],[110.5619965,-7.094563],[110.5619125,-7.09445],[110.5617981,-7.0942797],[110.5617752,-7.0938549],[110.5619125,-7.0932321],[110.5619736,-7.0926657],[110.562027,-7.0922127],[110.562027,-7.0913915],[110.5619354,-7.0910787],[110.5615921,-7.0907716],[110.5615762,-7.0907504],[110.5615692,-7.0907411],[110.5614548,-7.0905795],[110.5614433,-7.0903783],[110.563321,-7.0912676],[110.5631751,-7.0903879],[110.5632265,-7.0877493],[110.5640097,-7.0871148],[110.5652328,-7.0869205],[110.5651844,-7.0863829],[110.5656271,-7.0837447],[110.5665583,-7.081791],[110.5665592,-7.0809114],[110.5676842,-7.0809124],[110.5682235,-7.0795936],[110.5671971,-7.0787131],[110.5673442,-7.0783223],[110.5680799,-7.076173],[110.5684229,-7.0755381],[110.56989,-7.0759303],[110.5709663,-7.075687],[110.5717524,-7.0740549],[110.571803,-7.0739499],[110.57212,-7.0739664],[110.5721207,-7.0739665],[110.5725632,-7.0739913],[110.5731964,-7.073903],[110.5735932,-7.0738683],[110.5737839,-7.0738153],[110.5739975,-7.0736379],[110.5740891,-7.0734958],[110.5741577,-7.0733718],[110.574234,-7.0732479],[110.5743179,-7.0730705],[110.5744629,-7.0728578],[110.5746231,-7.0726452],[110.5749054,-7.0722904],[110.575264,-7.0720248],[110.5754394,-7.0717411],[110.5755157,-7.0715461],[110.5754929,-7.0711202],[110.5754242,-7.0709071],[110.575264,-7.0706052],[110.5752487,-7.0704455],[110.5752411,-7.0704188],[110.5752411,-7.0703058],[110.5752945,-7.0702095],[110.5754776,-7.0701809],[110.5755386,-7.0701804],[110.5756455,-7.070179],[110.5766754,-7.0702405],[110.57724,-7.0702767],[110.577919,-7.0704336],[110.5783157,-7.0705399],[110.5784836,-7.0705471],[110.5786896,-7.0704837],[110.5794601,-7.0695705],[110.579628,-7.0693693],[110.5797959,-7.0692792],[110.5799408,-7.0692701],[110.5800934,-7.0693731],[110.580246,-7.0694966],[110.5804291,-7.0695195],[110.5805359,-7.0694494],[110.5806198,-7.0692792],[110.580658,-7.069056],[110.5807953,-7.0688691],[110.580841,-7.0688238],[110.5810089,-7.0688872],[110.5811768,-7.0690012],[110.5812988,-7.069159],[110.5813141,-7.0693106],[110.5812607,-7.0695161],[110.5810852,-7.069724],[110.5809784,-7.0698752],[110.5809402,-7.0700283],[110.5810165,-7.0701198],[110.5812759,-7.0701508],[110.5817032,-7.0699563],[110.5819855,-7.0698161],[110.5821838,-7.0697836],[110.5825729,-7.0698671],[110.5827484,-7.0699119],[110.5830002,-7.0698838],[110.5831146,-7.0698361],[110.5832214,-7.0697221],[110.5832583,-7.0696711],[110.5833359,-7.0695639],[110.5834503,-7.0694728],[110.5835724,-7.0694432],[110.5836716,-7.0694971],[110.5837937,-7.0699558],[110.5838394,-7.0701012],[110.5839767,-7.0702161],[110.584198,-7.0702572],[110.5848846,-7.0701356],[110.5852585,-7.0700626],[110.5853882,-7.0700688],[110.5854797,-7.0701604],[110.5855331,-7.070312],[110.585495,-7.0705356],[110.5852661,-7.0709114],[110.5849075,-7.0712723],[110.5848084,-7.0713696],[110.5848007,-7.0715193],[110.5848389,-7.0715928],[110.5853805,-7.0717053],[110.5856857,-7.0717306],[110.5860062,-7.0716643],[110.5862503,-7.0715546],[110.5864563,-7.0712452],[110.5865555,-7.071083],[110.5867691,-7.0709176],[110.5869369,-7.0708565],[110.5871887,-7.0708985],[110.5873108,-7.07096],[110.5874405,-7.0711012],[110.5875244,-7.071269],[110.5873184,-7.0718174],[110.587265,-7.0719924],[110.5872803,-7.0722398],[110.5874176,-7.0726099],[110.5875473,-7.0728459],[110.587822,-7.0731277],[110.5879517,-7.0732221],[110.5880814,-7.0732212],[110.5884094,-7.0729975],[110.5886688,-7.0727501],[110.5892715,-7.0721855],[110.5894089,-7.0721016],[110.5896072,-7.0720215],[110.5897751,-7.0719003],[110.5899353,-7.0713029],[110.5899811,-7.0711617],[110.5899886,-7.071155],[110.5901565,-7.0710063],[110.5908203,-7.0709009],[110.5911179,-7.0708632],[110.5912323,-7.0707884],[110.5913383,-7.0705186],[110.5913391,-7.0705166],[110.591362,-7.0700459],[110.5913391,-7.0696726],[110.5913696,-7.069572],[110.5918198,-7.0692878],[110.5919495,-7.069191],[110.592041,-7.0690493],[110.5920716,-7.0689272],[110.5917206,-7.0682868],[110.5916443,-7.0681405],[110.5917664,-7.067904],[110.5919571,-7.067543],[110.5920792,-7.0672717],[110.5921478,-7.0671944],[110.592308,-7.067214],[110.5931625,-7.0678105],[110.5933686,-7.0679621],[110.5935745,-7.0680442],[110.5937347,-7.0680465],[110.5938492,-7.0679869],[110.5939636,-7.0678425],[110.5940552,-7.0674415],[110.5940704,-7.0671873],[110.5939713,-7.0667872],[110.5939026,-7.0665269],[110.5938797,-7.0662942],[110.5942764,-7.0658502],[110.5943985,-7.0657148],[110.5944443,-7.0655598],[110.5944214,-7.0653367],[110.5941544,-7.064991],[110.5940704,-7.0648708],[110.5940628,-7.0646271],[110.5940933,-7.0644688],[110.5943985,-7.0641822],[110.5945969,-7.0639877],[110.5946808,-7.0638532],[110.5947342,-7.0635886],[110.59478,-7.0630207],[110.5947495,-7.0624675],[110.5946655,-7.0620088],[110.5944977,-7.0614524],[110.5944137,-7.0612302],[110.5943832,-7.0607385],[110.5944137,-7.0602936],[110.59449,-7.0597319],[110.5945129,-7.0595197],[110.5948639,-7.059186],[110.5950546,-7.0590052],[110.5951309,-7.0588741],[110.5951236,-7.0584874],[110.5951224,-7.0583151],[110.5951293,-7.0582787],[110.5951157,-7.0580163],[110.595108,-7.0569558],[110.5950546,-7.0562515],[110.595047,-7.0561485],[110.5950317,-7.0559959],[110.5950622,-7.0558352],[110.5956116,-7.0554132],[110.5960617,-7.0550642],[110.5962372,-7.0549197],[110.5963364,-7.0547137],[110.5964508,-7.0537128],[110.59655,-7.0533175],[110.5966489,-7.0530997],[110.5966492,-7.0530991],[110.5966873,-7.0530448],[110.5969315,-7.0527606],[110.5969696,-7.05268],[110.5970459,-7.0525102],[110.5971756,-7.0523023],[110.5978241,-7.0516062],[110.5978646,-7.0515499],[110.5981064,-7.0512166],[110.5984091,-7.0505618],[110.5984275,-7.050508],[110.5985336,-7.0502834],[110.598877,-7.0497036],[110.5991211,-7.0492263],[110.5993652,-7.0486917],[110.6001892,-7.0484471],[110.6012573,-7.0484295],[110.6017914,-7.0483441],[110.6023025,-7.0480981],[110.6029587,-7.0477595],[110.603447,-7.0474486],[110.6034699,-7.04743],[110.6038742,-7.0471201],[110.6043396,-7.046463],[110.6045074,-7.0460133],[110.6047134,-7.0455098],[110.604864,-7.0449476],[110.6048737,-7.0449023],[110.6048898,-7.0448517],[110.6049207,-7.0447223],[110.6050186,-7.0442791],[110.6052246,-7.0437565],[110.6053696,-7.0432448],[110.6057282,-7.0427994],[110.6057587,-7.0427999],[110.6058736,-7.0426867],[110.60643,-7.04212],[110.6065249,-7.0420138],[110.6067352,-7.0417786],[110.6070328,-7.0413575],[110.6072236,-7.0409312],[110.6073074,-7.0407438],[110.6075287,-7.0401315],[110.6079635,-7.0389747],[110.6081848,-7.0385833],[110.608429,-7.0380521],[110.6086502,-7.0374946],[110.6092453,-7.0364089],[110.609787,-7.0357537],[110.6099853,-7.0354967],[110.6102829,-7.0351043],[110.6105118,-7.0346617],[110.6107025,-7.0342636],[110.6111984,-7.0335688],[110.6114807,-7.0332241],[110.6119461,-7.0328617],[110.6123886,-7.0324921],[110.612648,-7.0318937],[110.6126485,-7.0318881],[110.6126709,-7.0316129],[110.6131363,-7.0304436],[110.6133347,-7.0300808],[110.6136551,-7.0298042],[110.6139679,-7.0293927],[110.6144409,-7.0285539],[110.6145096,-7.0282612],[110.6146622,-7.0278105],[110.61483,-7.0275364],[110.6150284,-7.0271029],[110.6154022,-7.0266776],[110.6167831,-7.0247254],[110.6171036,-7.0243749],[110.617218,-7.0242376],[110.6174011,-7.0240149],[110.6178131,-7.023817],[110.6181412,-7.0234508],[110.6182175,-7.0232844],[110.6182196,-7.02328],[110.61814,-7.02328],[110.6178748,-7.0232589],[110.6195252,-7.0211468],[110.6176018,-7.0209146],[110.6141367,-7.020131],[110.6151524,-7.0190525],[110.6173792,-7.0166128],[110.6187392,-7.0149463],[110.6200839,-7.0136394],[110.6203285,-7.0134016],[110.6223939,-7.0109528],[110.6226807,-7.0098586],[110.6228561,-7.0093569],[110.623291,-7.0080847],[110.6235199,-7.0075245],[110.6236715,-7.0061259],[110.6237183,-7.0056944],[110.623743,-7.0054119],[110.6237869,-7.0049104],[110.6238861,-7.0044322],[110.623901,-7.0043614],[110.6239014,-7.0043597],[110.6238692,-7.0043165],[110.6237793,-7.0041961],[110.6235199,-7.0038409],[110.6231155,-7.0034671],[110.622879,-7.0033407],[110.6222839,-7.0030632],[110.6222276,-7.0030129],[110.6221161,-7.0029134],[110.6220423,-7.0027649],[110.6220398,-7.0027599],[110.6220245,-7.0025315],[110.6219711,-7.0022111],[110.6216546,-7.000983],[110.6223667,-7.0008111],[110.6222839,-6.9981807],[110.6229361,-6.9978453],[110.6231363,-6.9978455],[110.6231708,-6.9964124],[110.6238387,-6.9954797],[110.6242393,-6.9950468],[110.62424,-6.9941802],[110.6242899,-6.9941221],[110.624156,-6.9934803],[110.6240738,-6.9934802],[110.6236738,-6.9931133],[110.6230402,-6.9928461],[110.6219731,-6.992412],[110.6219158,-6.9909798],[110.6219743,-6.9909789],[110.6227082,-6.9908462],[110.6227754,-6.9902463],[110.6227425,-6.9897797],[110.6224425,-6.9894128],[110.621809,-6.9891457],[110.6213757,-6.9887454],[110.6214758,-6.9887122],[110.6217096,-6.9883124],[110.621343,-6.9879122],[110.6209426,-6.9880452],[110.620676,-6.9877783],[110.6206764,-6.9872451],[110.6204767,-6.986745],[110.62031,-6.9865449],[110.6207771,-6.9865119],[110.6215111,-6.9863126],[110.621645,-6.9857128],[110.6205112,-6.9853452],[110.6205448,-6.9849453],[110.6190837,-6.9846072],[110.6190796,-6.9844675],[110.6190033,-6.9842868],[110.618988,-6.983696],[110.6190491,-6.983294],[110.6194305,-6.9825978],[110.6200027,-6.98211],[110.6208572,-6.981626],[110.6220703,-6.9813633],[110.622535,-6.9813026],[110.6226194,-6.9812916],[110.6225686,-6.9794517],[110.6249623,-6.9793754],[110.626454,-6.9794324],[110.627776,-6.9794885],[110.6288429,-6.9795145],[110.6298077,-6.980087],[110.6303213,-6.9800699],[110.630599,-6.978652],[110.6309354,-6.9791076],[110.6309961,-6.9791299],[110.6313934,-6.9792762],[110.6317978,-6.9793672],[110.6328125,-6.9795422],[110.6331711,-6.9795704],[110.6333771,-6.9795522],[110.6339264,-6.9793787],[110.634407,-6.9791502],[110.6347733,-6.978951],[110.6351318,-6.9786844],[110.6354141,-6.9784493],[110.6359711,-6.9779353],[110.6364593,-6.9774003],[110.6367493,-6.9769845],[110.6369934,-6.9767289],[110.6373901,-6.9765005],[110.6377716,-6.9764094],[110.6382675,-6.9764003],[110.6388931,-6.9765195],[110.63944,-6.9767298],[110.6394425,-6.9767308],[110.6398086,-6.9769139],[110.6402206,-6.97717],[110.6408539,-6.9775915],[110.641655,-6.9781961],[110.6422501,-6.9785895],[110.642662,-6.9787817],[110.64328,-6.9790015],[110.6439514,-6.9790239],[110.6445541,-6.9789657],[110.644555,-6.9789654],[110.6447449,-6.9788952],[110.64484,-6.9788618],[110.6449433,-6.9788255],[110.645462,-6.9784822],[110.6460342,-6.9779339],[110.6469727,-6.9770198],[110.6476135,-6.9764352],[110.6482315,-6.9758959],[110.6487503,-6.9754023],[110.6490587,-6.9751205],[110.6490936,-6.9750886],[110.6493029,-6.9749357],[110.6495896,-6.9747262],[110.6500549,-6.9744978],[110.6503678,-6.9743332],[110.6506958,-6.9741964],[110.6509171,-6.9741506],[110.6511688,-6.9741692],[110.6511701,-6.9741695],[110.6513901,-6.9742245],[110.6516495,-6.9743829],[110.6518707,-6.9746637],[110.652092,-6.9748969],[110.6522827,-6.9750118],[110.6524734,-6.9750833],[110.6526566,-6.9750757],[110.6527939,-6.9750151],[110.6527974,-6.9750089],[110.6531754,-6.9743452],[110.65345,-6.9740977],[110.6538773,-6.9738788],[110.6543579,-6.9737601],[110.6548309,-6.9736871],[110.6554794,-6.9736705],[110.6559524,-6.9736604],[110.6566238,-6.973597],[110.6571121,-6.9735131],[110.6576233,-6.9734239],[110.6581039,-6.9733991],[110.6584396,-6.9734339],[110.6587753,-6.9735136],[110.6592151,-6.9737269],[110.6593475,-6.9737911],[110.6597901,-6.9739837],[110.6601334,-6.9742126],[110.6605606,-6.9745421],[110.6612006,-6.9750449],[110.6612015,-6.9750456],[110.6618042,-6.9753384],[110.6623611,-6.9755769],[110.6627274,-6.9757361],[110.6632462,-6.975861],[110.6635971,-6.9759178],[110.6645584,-6.9758835],[110.6654053,-6.975914],[110.6660614,-6.9760003],[110.6660875,-6.9760046],[110.6664887,-6.9760708],[110.6676102,-6.9763946],[110.6682205,-6.9766054],[110.6684876,-6.9766602],[110.668663,-6.9766421],[110.6687698,-6.9765872],[110.6690903,-6.976366],[110.6694412,-6.9761128],[110.6696396,-6.9759941],[110.6697922,-6.9759316],[110.6697938,-6.9759322],[110.6699371,-6.9759865],[110.6701355,-6.9760403],[110.6703644,-6.9760623],[110.6706543,-6.9760298],[110.6707916,-6.9759869],[110.6711578,-6.9758582],[110.6713409,-6.9758258],[110.6715469,-6.9758797],[110.6717453,-6.9761061],[110.6718369,-6.9763756],[110.6718521,-6.9767847],[110.6717834,-6.9773879],[110.6716538,-6.9778833],[110.6715393,-6.9779801],[110.6710968,-6.9782276],[110.6705322,-6.9783997],[110.6701355,-6.9785394],[110.6696548,-6.9787435],[110.6694718,-6.9789052],[110.6693649,-6.9791312],[110.6693573,-6.9793038],[110.6694107,-6.9794221],[110.6695099,-6.9794655],[110.6699829,-6.9795413],[110.6703033,-6.9795952],[110.6705017,-6.9796924],[110.6708298,-6.9799723],[110.6710739,-6.9802637],[110.6711426,-6.9804573],[110.6711349,-6.9806299],[110.6710357,-6.9808345],[110.6708145,-6.9810066],[110.670372,-6.981297],[110.6700745,-6.9816198],[110.6697769,-6.9819217],[110.6695709,-6.9820614],[110.6694183,-6.9821152],[110.6691818,-6.9821362],[110.668663,-6.9820609],[110.6683807,-6.982039],[110.6681671,-6.9820928],[110.6680984,-6.9822435],[110.6680984,-6.9825558],[110.6681442,-6.9828791],[110.6682663,-6.9831266],[110.6684494,-6.9833316],[110.6689987,-6.9836984],[110.66922,-6.9838924],[110.6694946,-6.9842157],[110.6696854,-6.9843988],[110.6700668,-6.9846468],[110.6704636,-6.9848518],[110.6709061,-6.9850134],[110.6712112,-6.9850678],[110.6721039,-6.9851112],[110.6725922,-6.9851656],[110.6728821,-6.9852414],[110.6732025,-6.9854031],[110.6736984,-6.9856619],[110.6740036,-6.9858775],[110.6741714,-6.986082],[110.6743011,-6.986341],[110.6743469,-6.9866533],[110.6743927,-6.9869442],[110.6744232,-6.9870195],[110.6744995,-6.9870844],[110.674736,-6.987235],[110.6750717,-6.9873218],[110.675293,-6.9873218],[110.6756516,-6.987225],[110.676033,-6.9870744],[110.67659,-6.9867735],[110.6768418,-6.9866767],[110.6771393,-6.9866228],[110.6773834,-6.9866414],[110.6774674,-6.9866447],[110.6775798,-6.9866803],[110.6775818,-6.9866809],[110.6778641,-6.9867744],[110.6781769,-6.9869251],[110.6784363,-6.987184],[110.6785126,-6.9873995],[110.6785126,-6.9877438],[110.6784286,-6.9880561],[110.6781006,-6.9886379],[110.6778717,-6.9889393],[110.6773051,-6.9894976],[110.677013,-6.9896062],[110.6767403,-6.9897194],[110.676606,-6.9900026],[110.6765096,-6.990166],[110.6764773,-6.990326],[110.6765321,-6.9906211],[110.6767578,-6.9912114],[110.6769943,-6.9915452],[110.6774979,-6.991858],[110.6781006,-6.9922786],[110.6783447,-6.9925265],[110.6785965,-6.992979],[110.6787796,-6.9933672],[110.6789246,-6.9938197],[110.6791229,-6.994369],[110.6793594,-6.9949507],[110.6794739,-6.9955],[110.6795273,-6.995737],[110.6797027,-6.9959311],[110.679985,-6.9961252],[110.6803207,-6.9963841],[110.6803818,-6.9964919],[110.6804123,-6.9967827],[110.6803207,-6.9973321],[110.6800995,-6.9979029],[110.6799316,-6.9983873],[110.6797104,-6.9990334],[110.6795502,-6.9993672],[110.6793442,-6.99969],[110.6791229,-7.0000004],[110.6789169,-7.0001888],[110.6785202,-7.0004883],[110.6780014,-7.0007462],[110.6776733,-7.0008755],[110.6776674,-7.0008778],[110.6773224,-7.0010147],[110.6769791,-7.0011902],[110.6766968,-7.0014276],[110.6765976,-7.0015931],[110.6764984,-7.00181],[110.6764145,-7.0022025],[110.6762848,-7.0026159],[110.6762698,-7.0026582],[110.6762324,-7.0027641],[110.6761093,-7.0031118],[110.6758194,-7.0037732],[110.67556,-7.0044136],[110.6752319,-7.0049405],[110.6749878,-7.0051884],[110.6746445,-7.0054054],[110.6743164,-7.0054669],[110.6739502,-7.0054769],[110.6737137,-7.0054459],[110.6734467,-7.0054355],[110.6733093,-7.0055284],[110.673172,-7.0057554],[110.6731704,-7.0057601],[110.6730804,-7.0060243],[110.673035,-7.006298],[110.6730118,-7.0064378],[110.673027,-7.0068202],[110.6730499,-7.007368],[110.6731186,-7.0077915],[110.673233,-7.0081949],[110.6734696,-7.0086703],[110.6736826,-7.0088464],[110.6744965,-7.0098828],[110.6751985,-7.0105149],[110.6753927,-7.0106898],[110.6759305,-7.0111381],[110.6765579,-7.0114969],[110.6770063,-7.0114972],[110.6773673,-7.0115631],[110.6774979,-7.0117841],[110.6776962,-7.011898],[110.6780243,-7.011991],[110.6780999,-7.0119978],[110.678411,-7.0120259],[110.6784897,-7.012033],[110.6789551,-7.01193],[110.6794129,-7.011775],[110.6795673,-7.0117296],[110.6797638,-7.011672],[110.6799622,-7.0117135],[110.6801147,-7.0118789],[110.6801605,-7.0121684],[110.680138,-7.0123057],[110.6800842,-7.0126333],[110.6800232,-7.0129642],[110.6800003,-7.0132847],[110.6801147,-7.0135741],[110.6802902,-7.0137291],[110.6809616,-7.013967],[110.6817246,-7.0141744],[110.6827011,-7.0144024],[110.6830444,-7.0144439],[110.6835098,-7.0144443],[110.6841126,-7.0144343],[110.684494,-7.0144243],[110.6847153,-7.0145488],[110.6848679,-7.0147037],[110.6850405,-7.0148665],[110.6850433,-7.0148692],[110.6852798,-7.0149002],[110.6855514,-7.0147964],[110.6856842,-7.0147457],[110.6862641,-7.0144047],[110.6866836,-7.0140948],[110.6869583,-7.0138678],[110.6871262,-7.0138268],[110.6873779,-7.0138578],[110.687645,-7.0139823],[110.6877404,-7.0140483],[110.6877441,-7.0140509],[110.6880646,-7.0142717],[110.6883774,-7.0145406],[110.6888733,-7.0149336],[110.6891022,-7.015182],[110.6893921,-7.0156164],[110.6896744,-7.0160093],[110.6900101,-7.0163812],[110.6904602,-7.0168261],[110.6907654,-7.0170746],[110.6908417,-7.0172915],[110.6908219,-7.0178908],[110.6908188,-7.0179839],[110.6907501,-7.0185628],[110.6906738,-7.0189242],[110.6904984,-7.0193791],[110.6902924,-7.019854],[110.6902619,-7.0200195],[110.6902771,-7.0201645],[110.6905289,-7.0204329],[110.6908264,-7.0207228],[110.6909027,-7.0211053],[110.6908798,-7.0216222],[110.6907883,-7.022252],[110.6905975,-7.0229654],[110.6903,-7.0236268],[110.6900177,-7.0242567],[110.6898956,-7.0246701],[110.6896515,-7.025197],[110.6893616,-7.0255589],[110.6892864,-7.0256285],[110.6892853,-7.0256295],[110.6891708,-7.0257344],[110.6885986,-7.0261574],[110.6880264,-7.0265498],[110.6874619,-7.0270147],[110.6869736,-7.0274691],[110.6864548,-7.0279751],[110.6859436,-7.0286155],[110.6854642,-7.0292467],[110.6853943,-7.0293388],[110.6847763,-7.0300207],[110.684433,-7.0304441],[110.6842041,-7.0306916],[110.6840577,-7.0307953],[110.6837082,-7.031043],[110.6831589,-7.031342],[110.6826858,-7.0315795],[110.6824264,-7.0317964],[110.6821671,-7.0320754],[110.6819153,-7.0324268],[110.6817017,-7.0327778],[110.681633,-7.0329637],[110.6816177,-7.0331602],[110.6816482,-7.0333152],[110.6819763,-7.0335426],[110.6826782,-7.033874],[110.683136,-7.0341329],[110.6834793,-7.0344329],[110.6835098,-7.0346188],[110.6833878,-7.0348563],[110.682869,-7.0352692],[110.6822357,-7.0355377],[110.6817398,-7.0355992],[110.6813965,-7.0354852],[110.6811676,-7.0351648],[110.6809311,-7.0346789],[110.6806335,-7.0341515],[110.6803894,-7.0340585],[110.6802292,-7.0341305],[110.6800308,-7.0343785],[110.6798324,-7.0347299],[110.6794052,-7.0352359],[110.6791077,-7.0355148],[110.6789398,-7.0357733],[110.6789017,-7.0362692],[110.6789627,-7.0366206],[110.6793442,-7.0373444],[110.6794891,-7.0377269],[110.6793823,-7.0379438],[110.6791916,-7.0381093],[110.6786881,-7.0382947],[110.6782684,-7.0383567],[110.6779785,-7.0383253],[110.6776962,-7.0382218],[110.6773834,-7.0379734],[110.6772766,-7.0377049],[110.6772308,-7.037436],[110.6771622,-7.0372705],[110.6770019,-7.037167],[110.676796,-7.037167],[110.6764679,-7.0372081],[110.6761017,-7.0373421],[110.6756287,-7.0376],[110.675148,-7.0379099],[110.6749649,-7.0380449],[110.6749594,-7.038049],[110.6748999,-7.0380925],[110.6748362,-7.0381392],[110.6748243,-7.0381478],[110.6748156,-7.0381542],[110.6746979,-7.0382404],[110.6745224,-7.0384469],[110.6744461,-7.0386743],[110.674469,-7.0389638],[110.6745453,-7.0394497],[110.6746902,-7.0400491],[110.6747589,-7.0404315],[110.6747742,-7.0407004],[110.6747055,-7.0409689],[110.6744995,-7.0413513],[110.6741714,-7.0417542],[110.673851,-7.0419917],[110.6733551,-7.0422907],[110.6728363,-7.0424661],[110.6724167,-7.0424866],[110.6718979,-7.0423312],[110.671463,-7.0422587],[110.6711731,-7.0422892],[110.6708984,-7.0423822],[110.670578,-7.0425577],[110.670433,-7.0427437],[110.6703568,-7.0431156],[110.670311,-7.043684],[110.6702728,-7.0442109],[110.6702804,-7.0448101],[110.6702804,-7.0448103],[110.6702804,-7.0449862],[110.6702576,-7.0453791],[110.6701965,-7.0457616],[110.6700592,-7.0460505],[110.6699143,-7.046216],[110.6695099,-7.0464844],[110.6693268,-7.0466599],[110.6692505,-7.0468149],[110.6692429,-7.0471143],[110.6693421,-7.0473008],[110.6696548,-7.0475488],[110.6700211,-7.0478487],[110.6703873,-7.0482935],[110.670517,-7.048614],[110.6705475,-7.048831],[110.6705475,-7.0491309],[110.6704636,-7.0493478],[110.6702423,-7.0495028],[110.6699524,-7.0495953],[110.6693954,-7.0496673],[110.6688537,-7.0496978],[110.6685257,-7.0497598],[110.6682739,-7.0499768],[110.6681595,-7.0501523],[110.6681213,-7.0503177],[110.668144,-7.0504912],[110.6681442,-7.0504932],[110.6684036,-7.0507002],[110.6687012,-7.0508656],[110.6690979,-7.051104],[110.6693192,-7.0513725],[110.6694641,-7.0516209],[110.6694794,-7.0518174],[110.6694565,-7.0520344],[110.6693421,-7.0521788],[110.669014,-7.0524268],[110.6685333,-7.0525813],[110.6680756,-7.0527053],[110.6678848,-7.0527773],[110.6678009,-7.0529012],[110.6678314,-7.0530977],[110.6681061,-7.0533766],[110.6684113,-7.0536666],[110.6689148,-7.0539975],[110.6694641,-7.0543389],[110.6696014,-7.0542149],[110.6697616,-7.0539536],[110.6697922,-7.0538187],[110.6699143,-7.0538158],[110.6700211,-7.0537819],[110.6702423,-7.0535731],[110.6705399,-7.0532293],[110.6712341,-7.0525169],[110.671608,-7.0520692],[110.6718674,-7.051701],[110.6720047,-7.051567],[110.6720505,-7.0515423],[110.6724167,-7.0515241],[110.6724548,-7.0515237],[110.6726256,-7.0514427],[110.6725644,-7.0511449],[110.6728879,-7.0508098],[110.6733109,-7.0504126],[110.6733127,-7.0504107],[110.6736717,-7.0500402],[110.6739703,-7.0496927],[110.6742067,-7.0495065],[110.6747302,-7.0498321],[110.674834,-7.0498967],[110.6754982,-7.0503099],[110.6755752,-7.0502796],[110.6758575,-7.0502696],[110.6761017,-7.050301],[110.6762619,-7.0502801],[110.6762633,-7.0502795],[110.6770404,-7.0507754],[110.6774043,-7.0500688],[110.6784357,-7.0480661],[110.678566,-7.0478739],[110.6787567,-7.0475845],[110.6776581,-7.046812],[110.6771614,-7.0463959],[110.6771316,-7.046371],[110.677681,-7.0458221],[110.677742,-7.0457625],[110.6781311,-7.045382],[110.6787109,-7.0448332],[110.6790542,-7.0444889],[110.679657,-7.0438833],[110.6804123,-7.0429592],[110.6804504,-7.0429101],[110.6806183,-7.0427456],[110.6813049,-7.042047],[110.6817779,-7.0415454],[110.6821899,-7.0411477],[110.6832123,-7.0400381],[110.6837006,-7.0394983],[110.6843414,-7.0388045],[110.6847382,-7.0383601],[110.685051,-7.0379972],[110.6851044,-7.0379333],[110.685463,-7.0374427],[110.6860046,-7.0368204],[110.6865768,-7.0362224],[110.687973,-7.0345301],[110.6880188,-7.0344744],[110.688652,-7.0338196],[110.6890335,-7.0334162],[110.6891632,-7.0332732],[110.6892906,-7.0331332],[110.6892929,-7.0331306],[110.6899414,-7.0321569],[110.6901016,-7.0322223],[110.6903305,-7.0324316],[110.6907272,-7.0327472],[110.6921997,-7.0334658],[110.6926422,-7.0336923],[110.6930079,-7.0337618],[110.6930466,-7.0337691],[110.6931763,-7.0337281],[110.6932602,-7.0335936],[110.6934891,-7.0332632],[110.6938934,-7.0326328],[110.6942978,-7.0318064],[110.6945343,-7.0312381],[110.6946487,-7.0309696],[110.6946252,-7.0308341],[110.6946182,-7.0307936],[110.6944656,-7.0307521],[110.6941757,-7.0306902],[110.6938934,-7.0305996],[110.6926804,-7.0302586],[110.6913605,-7.0300422],[110.6909184,-7.0299946],[110.6911595,-7.0288718],[110.6911837,-7.028879],[110.6921103,-7.0249541],[110.6921223,-7.02496],[110.6921457,-7.0248946],[110.6952862,-7.0253794],[110.6966408,-7.0255885],[110.6966422,-7.0255625],[110.6966432,-7.0255428],[110.6986161,-7.0259077],[110.698204,-7.0255459],[110.6986427,-7.0238479],[110.698512,-7.0238315],[110.6987357,-7.0231922],[110.6989544,-7.023268],[110.6990811,-7.0226039],[110.6992157,-7.022646],[110.6993338,-7.0222173],[110.6994263,-7.0222342],[110.6994264,-7.0221333],[110.699317,-7.0220996],[110.6992925,-7.0220943],[110.6994268,-7.0215196],[110.6995782,-7.0215786],[110.6996119,-7.0215029],[110.6991913,-7.0213345],[110.6991912,-7.0214774],[110.6987874,-7.0213763],[110.6986443,-7.0213173],[110.6985453,-7.0219314],[110.6984669,-7.0219143],[110.6976091,-7.0216445],[110.6975762,-7.0217201],[110.6973782,-7.021677],[110.6973819,-7.0215856],[110.6970305,-7.0214708],[110.6970378,-7.0214389],[110.6967529,-7.0213777],[110.6966156,-7.021309],[110.6964713,-7.0212368],[110.6959948,-7.021085],[110.6959609,-7.0210662],[110.6957024,-7.0209225],[110.6932006,-7.020055],[110.693374,-7.0192626],[110.6933517,-7.0192494],[110.6933975,-7.0190577],[110.6934729,-7.0187065],[110.6935654,-7.0182757],[110.6936645,-7.0182295],[110.694809,-7.018567],[110.6953506,-7.0188117],[110.6963348,-7.0192399],[110.6965485,-7.0193233],[110.6973267,-7.0196314],[110.6978836,-7.0198669],[110.6985092,-7.0201106],[110.699379,-7.0204396],[110.6994705,-7.0204801],[110.700058,-7.0207281],[110.7005234,-7.0209555],[110.700737,-7.021059],[110.7008896,-7.0211334],[110.7014389,-7.0213565],[110.7019959,-7.0216074],[110.7023926,-7.0217938],[110.7025986,-7.021872],[110.7026749,-7.0219173],[110.7028503,-7.0220112],[110.7029495,-7.0220637],[110.7030106,-7.0220952],[110.7031097,-7.0221333],[110.7032089,-7.0221596],[110.7036133,-7.0223017],[110.7040405,-7.0224952],[110.7045059,-7.0226988],[110.7050009,-7.0229159],[110.7050018,-7.0229163],[110.7050781,-7.0229516],[110.7056274,-7.0231657],[110.7060242,-7.0233216],[110.7062912,-7.0234618],[110.7066193,-7.0235767],[110.7066803,-7.0236005],[110.7068939,-7.0237102],[110.7072144,-7.0238814],[110.70755,-7.024024],[110.7083206,-7.0243411],[110.7085342,-7.0244441],[110.7089996,-7.0246262],[110.7093048,-7.0247521],[110.70961,-7.024878],[110.7096101,-7.024878],[110.7103958,-7.0252037],[110.7111282,-7.0254888],[110.711525,-7.0256295],[110.7115479,-7.0256381],[110.7121048,-7.0258951],[110.7127075,-7.0261817],[110.7128372,-7.026237],[110.7131653,-7.0263743],[110.7147217,-7.0270362],[110.7151947,-7.0272302],[110.7156296,-7.0274515],[110.715889,-7.0275135],[110.7160111,-7.0275426],[110.7169266,-7.0279651],[110.7173844,-7.0281834],[110.7178802,-7.0283904],[110.7189255,-7.0288057],[110.7192688,-7.028943],[110.7198715,-7.0292563],[110.7203217,-7.0294409],[110.7206726,-7.0295844],[110.72081,-7.0296383],[110.7222443,-7.0302257],[110.7236252,-7.0307922],[110.7247314,-7.0313244],[110.7251511,-7.0315199],[110.7257538,-7.0317306],[110.7259293,-7.0317988],[110.7264252,-7.0320005],[110.7270889,-7.0322661],[110.7274704,-7.0324402],[110.7279434,-7.0326023],[110.7286072,-7.0328083],[110.7287598,-7.0328259],[110.7294693,-7.0329099],[110.7295074,-7.0329118],[110.7297287,-7.0328941],[110.7297305,-7.032894],[110.7298813,-7.0328822],[110.7299194,-7.0328822],[110.7303772,-7.0328531],[110.7307434,-7.0327568],[110.7308884,-7.0327167],[110.7312698,-7.032609],[110.7322693,-7.0323186],[110.7324753,-7.0322499],[110.7330017,-7.0320978],[110.7335281,-7.0319471],[110.7342987,-7.0317287],[110.7355499,-7.0314021],[110.7358017,-7.0313253],[110.7358551,-7.0313086],[110.7365951,-7.0310578],[110.7374191,-7.0308394],[110.7384054,-7.0305738],[110.7391434,-7.030375],[110.739914,-7.0301857],[110.739975,-7.0301699],[110.7408829,-7.0299286],[110.7417145,-7.0296554],[110.7417984,-7.0296268],[110.7419104,-7.0295839],[110.7419128,-7.0295829],[110.7420273,-7.02954],[110.7420654,-7.02951],[110.7424164,-7.0294118],[110.7434463,-7.0290894],[110.7443527,-7.028746],[110.7446518,-7.0286326],[110.7451782,-7.0284671],[110.7454224,-7.0283622],[110.7455597,-7.0283255],[110.7457809,-7.0282659],[110.7457896,-7.0282627],[110.7458191,-7.0282516],[110.7460709,-7.0281353],[110.7461243,-7.0281176],[110.7468338,-7.0278644],[110.7479172,-7.0275168],[110.7482071,-7.0274172],[110.7489243,-7.0271539],[110.7494125,-7.0269255],[110.7494354,-7.026915],[110.7495956,-7.0268502],[110.75,-7.0266895],[110.7503662,-7.026545],[110.7516861,-7.0260224],[110.7523109,-7.0257734],[110.7523117,-7.025773],[110.753067,-7.0254712],[110.7542191,-7.0250396],[110.7551041,-7.0247569],[110.7552414,-7.0246768],[110.7556112,-7.0245156],[110.7556458,-7.0245018],[110.7558975,-7.0244074],[110.7563782,-7.0242319],[110.7564316,-7.0242142],[110.7564621,-7.0242009],[110.7565384,-7.0241661],[110.7566147,-7.024137],[110.7567215,-7.0240912],[110.7568436,-7.0240393],[110.7572174,-7.0239305],[110.7572555,-7.0239195],[110.7577514,-7.0237169],[110.7579498,-7.0236349],[110.758728,-7.0233016],[110.7592468,-7.0230951],[110.7593231,-7.0230799],[110.7593613,-7.0230641],[110.7595901,-7.022984],[110.7596741,-7.022943],[110.7601471,-7.0227437],[110.7604751,-7.0226054],[110.7607498,-7.0224847],[110.7615662,-7.0222096],[110.761795,-7.0221224],[110.7619705,-7.022057],[110.7621994,-7.0219388],[110.7624435,-7.0218191],[110.7624664,-7.02181],[110.7625274,-7.0217848],[110.7626495,-7.0217333],[110.7625961,-7.0215048],[110.7625122,-7.0212254],[110.762413,-7.0210361],[110.7621689,-7.0208068],[110.7619781,-7.0207271],[110.7617721,-7.0207271],[110.7615814,-7.0207667],[110.7612839,-7.0208959],[110.761055,-7.0209856],[110.76091,-7.0210056],[110.7607651,-7.0209856],[110.7604904,-7.0209355],[110.7599106,-7.0208058],[110.7595618,-7.0207145],[110.7592426,-7.0201496],[110.758146,-7.0200577],[110.7577734,-7.0192104],[110.7578583,-7.0189152],[110.7581634,-7.0184221],[110.7585068,-7.017971],[110.7587738,-7.0176596],[110.7591095,-7.0173521],[110.7595825,-7.0170006],[110.7601749,-7.0167624],[110.7602158,-7.016746],[110.7606583,-7.0166916],[110.7610931,-7.0166979],[110.7612718,-7.0167349],[110.7616959,-7.0168228],[110.7619164,-7.0170303],[110.7619629,-7.0170741],[110.7623215,-7.0174246],[110.7626419,-7.017663],[110.7629471,-7.0179143],[110.7633285,-7.0181274],[110.7638321,-7.0181884],[110.7642059,-7.0181908],[110.7643356,-7.0180702],[110.7643814,-7.0179734],[110.7644577,-7.0178155],[110.764534,-7.0177488],[110.7646548,-7.0176382],[110.7646637,-7.0176301],[110.7647171,-7.0175853],[110.7648163,-7.0174994],[110.7648926,-7.0174369],[110.7649994,-7.0172782],[110.765007,-7.0172262],[110.7650855,-7.0164911],[110.7650909,-7.0164404],[110.765152,-7.016087],[110.7653961,-7.0145144],[110.765458,-7.0144382],[110.7654724,-7.0144205],[110.7657852,-7.0144324],[110.7659162,-7.0144784],[110.7661056,-7.0145449],[110.7665176,-7.0146665],[110.7667465,-7.0147538],[110.7669023,-7.0148049],[110.7674637,-7.0149889],[110.7676773,-7.0149831],[110.767807,-7.014924],[110.7678986,-7.014802],[110.7679945,-7.0145937],[110.7680054,-7.0145702],[110.7680283,-7.0145101],[110.7681427,-7.0143356],[110.7683639,-7.0141477],[110.7684097,-7.0141744],[110.7684936,-7.0140071],[110.7684631,-7.013987],[110.7684509,-7.0139694],[110.7683868,-7.0138774],[110.7682774,-7.0137303],[110.7682037,-7.0136313],[110.7680206,-7.0133552],[110.7680122,-7.0133276],[110.7679291,-7.0130563],[110.7679062,-7.0126195],[110.7679977,-7.0122976],[110.7682724,-7.0117917],[110.7686462,-7.01124],[110.7687607,-7.0109872],[110.7688751,-7.0105505],[110.7688751,-7.0102052],[110.7686691,-7.0097913],[110.7683945,-7.0095153],[110.7681122,-7.0093312],[110.7679062,-7.00917],[110.7677231,-7.0089631],[110.7672653,-7.00848],[110.7665024,-7.0078358],[110.7656708,-7.0072145],[110.7650757,-7.0065703],[110.7645493,-7.0058803],[110.7640839,-7.0050296],[110.7639694,-7.0047307],[110.7640381,-7.0043397],[110.7641983,-7.0039258],[110.7644806,-7.0036039],[110.7649384,-7.0032363],[110.7653732,-7.0030756],[110.7658615,-7.0030069],[110.7665253,-7.0030532],[110.7667847,-7.0031223],[110.7673798,-7.0033526],[110.7683945,-7.0039277],[110.7692032,-7.0042963],[110.7699814,-7.0045953],[110.7705383,-7.0046649],[110.7709503,-7.0046649],[110.7714538,-7.004642],[110.7726288,-7.0043206],[110.7734833,-7.0040684],[110.7744064,-7.0036549],[110.7748184,-7.0034022],[110.7752609,-7.0029197],[110.7755814,-7.0023679],[110.7756958,-7.0019307],[110.7757187,-7.0014143],[110.7756653,-7.0008697],[110.7754822,-7.0000004],[110.7752762,-6.9994979],[110.7750244,-6.9992017],[110.7746429,-6.9990325],[110.7739639,-6.9989757],[110.7733993,-6.9990315],[110.7725372,-6.9993558],[110.7720566,-6.9995107],[110.7714386,-6.9995665],[110.7704849,-6.999566],[110.7695007,-6.9994955],[110.7682571,-6.9993396],[110.7677765,-6.9992828],[110.7671966,-6.9993815],[110.7666702,-6.9996066],[110.766098,-7.0000004],[110.7656708,-7.0001917],[110.7650375,-7.0004777],[110.7646179,-7.0005636],[110.7643661,-7.0004916],[110.7641068,-7.0003481],[110.7637787,-7.0000004],[110.7635346,-6.9996194],[110.763382,-6.9990692],[110.7633692,-6.9986205],[110.7633667,-6.9985332],[110.7634659,-6.9978418],[110.763649,-6.9976306],[110.763977,-6.9974332],[110.7644958,-6.9972925],[110.7654572,-6.9971237],[110.7663651,-6.9969973],[110.7673111,-6.9969272],[110.7679443,-6.9968147],[110.7683029,-6.9966173],[110.768486,-6.9963774],[110.7685242,-6.9961381],[110.768425,-6.9958415],[110.7681885,-6.9955597],[110.7677765,-6.9951501],[110.7677763,-6.9951498],[110.7674942,-6.9946141],[110.7670975,-6.9936547],[110.766777,-6.9924841],[110.7666778,-6.9914541],[110.7667336,-6.9910981],[110.7667618,-6.9909181],[110.7669449,-6.9906645],[110.7672043,-6.9905238],[110.76754,-6.9904957],[110.767868,-6.9906649],[110.7685699,-6.9911165],[110.7689362,-6.9912438],[110.7694321,-6.9912443],[110.7701645,-6.9912443],[110.7709427,-6.9912448],[110.7720184,-6.9911608],[110.7723846,-6.9909634],[110.7723877,-6.9909587],[110.7725678,-6.9906816],[110.7726517,-6.9903149],[110.7726822,-6.9896803],[110.7725143,-6.9889183],[110.7721863,-6.9883117],[110.7717361,-6.9877753],[110.7706774,-6.9866178],[110.7698288,-6.9860539],[110.7692795,-6.985588],[110.7682953,-6.9848542],[110.7678528,-6.9843464],[110.7676315,-6.9841623],[110.7674179,-6.9839792],[110.7665787,-6.9837956],[110.7656098,-6.9837951],[110.7649689,-6.9839496],[110.7639084,-6.984344],[110.7628937,-6.98495],[110.7622452,-6.9852461],[110.762146,-6.9851756],[110.7617188,-6.9847664],[110.7616501,-6.9844417],[110.7615967,-6.9837227],[110.7614288,-6.9832568],[110.7613678,-6.9829464],[110.7613983,-6.9822416],[110.7614823,-6.9813671],[110.761612,-6.9807181],[110.7620468,-6.9802389],[110.7627106,-6.9797597],[110.7630386,-6.9796328],[110.7634583,-6.9795766],[110.7640304,-6.979577],[110.7646789,-6.97969],[110.7659225,-6.9799447],[110.7668076,-6.9801282],[110.7675171,-6.980185],[110.7680664,-6.9801574],[110.7685471,-6.9800729],[110.7688904,-6.9797063],[110.7697601,-6.9790158],[110.7710343,-6.9780149],[110.771759,-6.9776625],[110.7725906,-6.9771127],[110.7733688,-6.9764223],[110.7739016,-6.9758876],[110.7739029,-6.9758863],[110.774215,-6.975361],[110.7742462,-6.9753084],[110.7743149,-6.9747581],[110.7742157,-6.9745044],[110.7739944,-6.9742079],[110.7735138,-6.9739399],[110.7725946,-6.9735002],[110.7723923,-6.9734034],[110.7719954,-6.9733969],[110.7706299,-6.9733743],[110.7705362,-6.9733861],[110.7702708,-6.973201],[110.7698527,-6.9729095],[110.7690649,-6.9722201],[110.769016,-6.9715803],[110.7694596,-6.9708914],[110.7701496,-6.9701535],[110.7711844,-6.9692681],[110.7709877,-6.9685297],[110.7703477,-6.9677912],[110.769067,-6.9679382],[110.767786,-6.9685282],[110.7668499,-6.9690691],[110.7655277,-6.9693813],[110.7655716,-6.9693236],[110.7657631,-6.969154],[110.764431,-6.9693348],[110.7638749,-6.9690258],[110.7637658,-6.9688915],[110.7638264,-6.968875],[110.7633039,-6.9681322],[110.763304,-6.9677877],[110.7637971,-6.9667544],[110.7649799,-6.9655245],[110.7667537,-6.964295],[110.7668452,-6.9642383],[110.7681826,-6.9634097],[110.7699069,-6.9626723],[110.7712857,-6.9635097],[110.7714434,-6.9636499],[110.772615,-6.9646915],[110.7734398,-6.9654089],[110.7743677,-6.96504],[110.7753671,-6.9646953],[110.7754696,-6.9646527],[110.7754739,-6.9646509],[110.7761148,-6.9643686],[110.776374,-6.9641404],[110.7764657,-6.9640596],[110.7766412,-6.9636057],[110.776626,-6.9629882],[110.7763895,-6.9623883],[110.7759012,-6.9616435],[110.7749933,-6.9605892],[110.7744821,-6.9598258],[110.7742463,-6.9593732],[110.7742456,-6.9593719],[110.7740472,-6.9587358],[110.7739938,-6.9581001],[110.7740625,-6.9575003],[110.7743372,-6.9565924],[110.774444,-6.9558294],[110.7743905,-6.954903],[110.7739175,-6.9536126],[110.7735742,-6.9527586],[110.7734826,-6.9519232],[110.7736276,-6.9515236],[110.7738294,-6.9509524],[110.7741702,-6.9506935],[110.7746315,-6.9505177],[110.7751465,-6.9506668],[110.7759082,-6.9507414],[110.7765841,-6.9504964],[110.7774961,-6.950145],[110.7779653,-6.9497866],[110.7774693,-6.9491013],[110.7771689,-6.9487498],[110.7765614,-6.9481502],[110.7758354,-6.947666],[110.7747463,-6.947091],[110.7725678,-6.9463642],[110.7722048,-6.9460919],[110.7719327,-6.945608],[110.7720237,-6.9451242],[110.7722661,-6.9445498],[110.7728716,-6.944036],[110.7745661,-6.9442183],[110.7760483,-6.9453378],[110.7774096,-6.9463665],[110.7780753,-6.9464878],[110.779074,-6.9462464],[110.7798021,-6.9458279],[110.7799878,-6.9455454],[110.780021,-6.9454949],[110.7807458,-6.9443872],[110.7808374,-6.943897],[110.780784,-6.9433883],[110.7805475,-6.9429701],[110.7798379,-6.9422067],[110.779009,-6.9414078],[110.7790311,-6.9411338],[110.7794173,-6.9405768],[110.7800179,-6.9403628],[110.7808757,-6.940406],[110.7814759,-6.9408777],[110.7819046,-6.9414351],[110.7825048,-6.9419925],[110.7834482,-6.9423358],[110.7840915,-6.942379],[110.7846063,-6.9421649],[110.7848209,-6.9419079],[110.7847354,-6.9411364],[110.7841783,-6.940279],[110.7833636,-6.9397214],[110.7832082,-6.9395377],[110.7828921,-6.939164],[110.782592,-6.9387782],[110.7825921,-6.938521],[110.7830212,-6.9381784],[110.7837933,-6.9380073],[110.7857234,-6.937751],[110.7861524,-6.9375798],[110.7863242,-6.9370655],[110.786067,-6.9367226],[110.7847697,-6.9362565],[110.7847894,-6.9360688],[110.7846292,-6.9355238],[110.7841562,-6.9350694],[110.7841149,-6.9350472],[110.7834466,-6.9346874],[110.7828439,-6.9345239],[110.7818597,-6.9345415],[110.7801507,-6.9348133],[110.7788614,-6.9349397],[110.7780221,-6.9347575],[110.7775339,-6.9345215],[110.7772592,-6.9340852],[110.777183,-6.9336496],[110.7771083,-6.9336224],[110.7771606,-6.9333477],[110.7776489,-6.9328212],[110.778656,-6.9319863],[110.7792032,-6.9316607],[110.7797852,-6.9313144],[110.780126,-6.9309787],[110.7801285,-6.9309764],[110.7801681,-6.9309376],[110.7805252,-6.9305882],[110.7807366,-6.9303129],[110.7814178,-6.9294257],[110.7821503,-6.9280271],[110.7824783,-6.9269375],[110.7826233,-6.9258113],[110.7826301,-6.9257228],[110.7827233,-6.9245225],[110.7827911,-6.9236493],[110.7828827,-6.9225411],[110.7830871,-6.9219137],[110.7831726,-6.9216513],[110.7831734,-6.9216492],[110.7835693,-6.9206523],[110.7838147,-6.9200422],[110.7840805,-6.9193811],[110.7840808,-6.9193805],[110.7845001,-6.9184365],[110.7848816,-6.9174194],[110.7853241,-6.9166927],[110.7856674,-6.9162206],[110.7863769,-6.915585],[110.7867432,-6.9152221],[110.78685,-6.914895],[110.7868881,-6.9144592],[110.7866516,-6.9139685],[110.7860489,-6.9129691],[110.7858505,-6.912333],[110.7858505,-6.9116425],[110.7859802,-6.911261],[110.7862167,-6.911025],[110.7870712,-6.9106078],[110.7885819,-6.9099545],[110.7897491,-6.9095006],[110.7904587,-6.9092102],[110.7909088,-6.908956],[110.7913652,-6.9085581],[110.7913666,-6.9085569],[110.7916605,-6.9081885],[110.7918014,-6.9080119],[110.7921426,-6.9075411],[110.7921829,-6.9074855],[110.7925644,-6.9067225],[110.7929306,-6.9060139],[110.7929324,-6.9060096],[110.7933502,-6.9049968],[110.7936783,-6.9038705],[110.7941132,-6.9025993],[110.7943878,-6.9015641],[110.7947006,-6.9003467],[110.7950287,-6.8996567],[110.7953873,-6.8992209],[110.7957535,-6.8990392],[110.7960663,-6.8990573],[110.7972488,-6.899167],[110.7987366,-6.8992586],[110.7995911,-6.8991861],[110.8005371,-6.899096],[110.8011551,-6.8989872],[110.8014145,-6.8988237],[110.8014149,-6.8988233],[110.801651,-6.8985877],[110.8018494,-6.8983154],[110.8020172,-6.8980245],[110.8022958,-6.8977388],[110.802186,-6.8971269],[110.8023012,-6.896434],[110.802313,-6.89638],[110.8023676,-6.8961784],[110.8024244,-6.8958715],[110.802747,-6.8953133],[110.8033505,-6.8949058],[110.8041465,-6.8947032],[110.804683,-6.8945487],[110.8053805,-6.8940739],[110.8055838,-6.8935075],[110.8056593,-6.8928339],[110.8057022,-6.8920776],[110.8060417,-6.8906938],[110.8066405,-6.889045],[110.8069177,-6.8885014],[110.8071452,-6.8880514],[110.8074081,-6.8875721],[110.8077673,-6.886621],[110.8079529,-6.885837],[110.8081665,-6.8846745],[110.8081864,-6.8829091],[110.8081894,-6.8826399],[110.8082428,-6.8814955],[110.808464,-6.8808231],[110.8088989,-6.8802604],[110.8091631,-6.8800312],[110.809166,-6.8800287],[110.8093338,-6.879879],[110.8100128,-6.8795523],[110.8109969,-6.8791825],[110.8111684,-6.879118],[110.8111725,-6.8791165],[110.8119965,-6.8786993],[110.8124466,-6.878354],[110.8125411,-6.8781811],[110.8127296,-6.8778952],[110.8127832,-6.8776502],[110.8127797,-6.8772419],[110.8126867,-6.8769312],[110.8123809,-6.8762815],[110.8122999,-6.8754165],[110.8123702,-6.8747423],[110.8125988,-6.8740189],[110.8131856,-6.8736452],[110.8141563,-6.8731458],[110.8154069,-6.8723503],[110.8161699,-6.8717218],[110.8168247,-6.8710178],[110.8180574,-6.869685],[110.818763,-6.8688062],[110.8191202,-6.8681565],[110.8196926,-6.8686002],[110.8204413,-6.8686975],[110.8204651,-6.8687067],[110.8205243,-6.8687157],[110.8207047,-6.8685881],[110.8209632,-6.8684053],[110.8221206,-6.8677677],[110.8221538,-6.8677486],[110.8227725,-6.8676968],[110.8227692,-6.8676538],[110.8227593,-6.8676204],[110.8235335,-6.8674143],[110.8241314,-6.8672552],[110.8251189,-6.8670089],[110.8261476,-6.8664336],[110.8263123,-6.8660636],[110.8263124,-6.8657347],[110.825819,-6.8649945],[110.8249553,-6.8642952],[110.8246265,-6.863555],[110.8245443,-6.8631849],[110.8247092,-6.8623626],[110.8251558,-6.861768],[110.8252434,-6.8617608],[110.82545,-6.8614995],[110.8257382,-6.8609651],[110.8266846,-6.8603487],[110.8273762,-6.8600321],[110.8276721,-6.8598967],[110.828783,-6.8595682],[110.8288086,-6.85957],[110.8296636,-6.8596292],[110.8296305,-6.859547],[110.8300171,-6.8595686],[110.8315804,-6.8596514],[110.8326911,-6.8597752],[110.8327021,-6.859766],[110.8331849,-6.8593642],[110.8332674,-6.8587063],[110.8329386,-6.8578017],[110.8327332,-6.8570204],[110.8328156,-6.8567737],[110.8330214,-6.8564038],[110.8342144,-6.8566509],[110.8352018,-6.8563223],[110.8363127,-6.8559115],[110.8373826,-6.8550484],[110.8374617,-6.8544177],[110.8375063,-6.8540617],[110.8377535,-6.853075],[110.8377539,-6.8519649],[110.8375278,-6.8514748],[110.8375072,-6.8514303],[110.8373841,-6.8506079],[110.837466,-6.8504579],[110.8376311,-6.8501557],[110.8384954,-6.8488814],[110.8389482,-6.8482237],[110.8389485,-6.8473191],[110.8385784,-6.8467845],[110.838126,-6.8463321],[110.8373855,-6.8465785],[110.8373409,-6.8465963],[110.8363569,-6.8469893],[110.8351638,-6.8471534],[110.8342999,-6.8470709],[110.8341355,-6.8466597],[110.8339302,-6.8456317],[110.8335191,-6.8448092],[110.8326965,-6.8442744],[110.8318326,-6.8442741],[110.8300224,-6.8447258],[110.8287056,-6.8457121],[110.8280431,-6.8466444],[110.8280072,-6.8466949],[110.8279174,-6.8466489],[110.8270183,-6.847685],[110.8263186,-6.8485482],[110.8259815,-6.8487431],[110.8255368,-6.8490002],[110.8241791,-6.8494109],[110.823078,-6.8493705],[110.8225473,-6.8495965],[110.8208114,-6.8497043],[110.8190282,-6.8483666],[110.8183152,-6.8471184],[110.8175419,-6.8445386],[110.8172463,-6.8435525],[110.8165331,-6.8430175],[110.8151065,-6.8421255],[110.8145718,-6.8409666],[110.8139682,-6.8396833],[110.8138589,-6.839451],[110.8137707,-6.8369551],[110.8135034,-6.8364202],[110.8134333,-6.83628],[110.8131469,-6.835707],[110.812612,-6.8354394],[110.8117201,-6.835439],[110.8107386,-6.8366865],[110.8100251,-6.8369537],[110.8082417,-6.8362399],[110.8069932,-6.8362394],[110.8050309,-6.8369517],[110.8046978,-6.8372844],[110.8044255,-6.837225],[110.80289,-6.8381096],[110.8017087,-6.8384563],[110.8013738,-6.8385546],[110.799836,-6.8382612],[110.7993229,-6.8376624],[110.7991449,-6.8369492],[110.7988451,-6.8355684],[110.7990341,-6.8356671],[110.7990688,-6.8356775],[110.7991457,-6.8349883],[110.7991463,-6.8335621],[110.7989222,-6.8328891],[110.7992361,-6.8320468],[110.7991036,-6.8318793],[110.7975426,-6.8299068],[110.7963274,-6.8283265],[110.7963484,-6.8282703],[110.7963224,-6.8282257],[110.7963012,-6.8282924],[110.7957599,-6.8275885],[110.7948688,-6.8260728],[110.7929969,-6.8240219],[110.7925877,-6.8228432],[110.7920521,-6.8218843],[110.7916257,-6.8211208],[110.7909671,-6.8198789],[110.7903239,-6.8186678],[110.7898461,-6.8177027],[110.7896968,-6.8174488],[110.7894415,-6.8170589],[110.7877387,-6.8163539],[110.7865797,-6.815462],[110.7852431,-6.8130548],[110.7838215,-6.8099848],[110.7839212,-6.8098809],[110.7836366,-6.8079983],[110.7834088,-6.8069143],[110.7830095,-6.8065147],[110.782382,-6.8058299],[110.7809327,-6.8043263],[110.7808418,-6.8042319],[110.779986,-6.8034899],[110.7793891,-6.8032575],[110.7795867,-6.8031474],[110.7791873,-6.802862],[110.777932,-6.802291],[110.7757581,-6.8018644],[110.7744808,-6.8023064],[110.7735901,-6.8021292],[110.7735871,-6.8021296],[110.7735326,-6.8021134],[110.7723832,-6.8021894],[110.7717707,-6.8022989],[110.7717198,-6.8022884],[110.7708926,-6.8021178],[110.7699108,-6.8016031],[110.7693966,-6.8009485],[110.7688358,-6.8001535],[110.7683218,-6.7992651],[110.7643944,-6.7973934],[110.7645819,-6.7966456],[110.7643951,-6.795991],[110.7641468,-6.795577],[110.7638344,-6.7950559],[110.7638001,-6.7950403],[110.7638001,-6.7950099],[110.7629526,-6.7943213],[110.7626724,-6.7940411],[110.7626552,-6.7940356],[110.7626178,-6.7940041],[110.7621438,-6.7937788],[110.7621176,-6.7937743],[110.761357,-6.7926706],[110.7591553,-6.7915411],[110.758505,-6.7912201],[110.7576783,-6.7939987],[110.7576141,-6.7939767],[110.7576102,-6.7939756],[110.7566998,-6.7937077],[110.7566986,-6.7937073],[110.75657,-6.7936695],[110.7565689,-6.7936692],[110.7556534,-6.7933969],[110.7548141,-6.7932262],[110.7542343,-6.793396],[110.7538223,-6.7939748],[110.7532806,-6.7944855],[110.7522201,-6.7954559],[110.7510757,-6.7962556],[110.7505646,-6.7963405],[110.75,-6.7961569],[110.749588,-6.7954788],[110.7494202,-6.7951536],[110.7492294,-6.7949195],[110.7490158,-6.7948021],[110.748642,-6.7946982],[110.7482605,-6.7946849],[110.7475205,-6.7947755],[110.7466583,-6.7950091],[110.7459183,-6.7951388],[110.7450867,-6.7953071],[110.7445755,-6.7954502],[110.7441864,-6.7955799],[110.7433701,-6.7959175],[110.7425995,-6.7962422],[110.7421799,-6.7963586],[110.7419128,-6.7963586],[110.7419117,-6.7963571],[110.7418595,-6.7962937],[110.7418671,-6.796154],[110.7419052,-6.7960906],[110.7419357,-6.7959032],[110.7419357,-6.7956767],[110.7419357,-6.7954302],[110.7418671,-6.7951416],[110.7417221,-6.7949233],[110.7415543,-6.79462],[110.7413178,-6.7941775],[110.7412415,-6.7941007],[110.74124,-6.7941],[110.741066,-6.7940173],[110.7404959,-6.7938219],[110.7404022,-6.7937898],[110.7398071,-6.7936101],[110.7392655,-6.7935042],[110.7387695,-6.7934565],[110.7382889,-6.7934589],[110.7378082,-6.7935214],[110.7375565,-6.7936272],[110.7367477,-6.7940211],[110.7365418,-6.7940354],[110.7362518,-6.7939906],[110.7358246,-6.7938137],[110.7353897,-6.7935667],[110.7350235,-6.7932291],[110.7344895,-6.7926788],[110.7341232,-6.7920265],[110.7340416,-6.7919507],[110.7339325,-6.7918496],[110.7337036,-6.7917223],[110.7334595,-6.791666],[110.7331696,-6.7916674],[110.7320595,-6.7917945],[110.7318573,-6.7918176],[110.7316284,-6.7919349],[110.7314224,-6.7921152],[110.731247,-6.7924165],[110.7311096,-6.7927107],[110.7309113,-6.7931366],[110.7307434,-6.7932758],[110.7305603,-6.7933407],[110.7302551,-6.7933526],[110.7294464,-6.7933287],[110.7292328,-6.7932081],[110.7287674,-6.7928672],[110.7284775,-6.792602],[110.728157,-6.7922158],[110.7276612,-6.7916307],[110.7274628,-6.7914638],[110.7271576,-6.7913031],[110.7270813,-6.7912756],[110.7267151,-6.7911434],[110.7262116,-6.7910151],[110.7256546,-6.7909317],[110.7256165,-6.7909326],[110.7253799,-6.7909116],[110.7252197,-6.7908959],[110.7238922,-6.790616],[110.7238736,-6.790608],[110.7228699,-6.7901769],[110.7225189,-6.7899618],[110.7222824,-6.7897491],[110.7220597,-6.7894389],[110.7219162,-6.7892389],[110.7217716,-6.7890386],[110.7217712,-6.7890382],[110.7216515,-6.7888368],[110.721477,-6.788684],[110.7211933,-6.7885093],[110.720986,-6.7884547],[110.7209116,-6.7884474],[110.7207624,-6.7884327],[110.7200694,-6.7885087],[110.719993,-6.788525],[110.7199111,-6.7885359],[110.7193546,-6.7886392],[110.7186127,-6.7888799],[110.7180328,-6.7890429],[110.7176895,-6.7891926],[110.7176691,-6.7892119],[110.7174465,-6.7893779],[110.7173858,-6.7894133],[110.71732,-6.7894874],[110.7171548,-6.7897248],[110.7170925,-6.7898542],[110.7170715,-6.7899437],[110.7170105,-6.7900662],[110.7168286,-6.7905099],[110.7165742,-6.790957],[110.7161968,-6.7916953],[110.7161255,-6.7917757],[110.7158279,-6.7919998],[110.7153168,-6.7921829],[110.7148666,-6.7922897],[110.7146378,-6.7922973],[110.7141342,-6.7920508],[110.7136841,-6.7917089],[110.7135162,-6.7915201],[110.7134247,-6.7912774],[110.713356,-6.7904892],[110.7133713,-6.7899904],[110.7134018,-6.789619],[110.713356,-6.7893357],[110.7132568,-6.7891292],[110.7131195,-6.7889895],[110.7129364,-6.7889237],[110.7116623,-6.7891578],[110.7116602,-6.7891582],[110.7112808,-6.7892275],[110.710968,-6.7893276],[110.7107391,-6.7894687],[110.7104721,-6.7897815],[110.7102814,-6.7901029],[110.7101669,-6.7905464],[110.7100871,-6.7909252],[110.7100525,-6.7910895],[110.7098618,-6.7917075],[110.7097333,-6.7919997],[110.7096329,-6.7922282],[110.709549,-6.7923622],[110.709404,-6.7924504],[110.7090378,-6.7924976],[110.7082214,-6.7924952],[110.708168,-6.7924952],[110.707695,-6.7925815],[110.7075607,-6.7926329],[110.7074966,-6.7926574],[110.7074902,-6.792664],[110.7073479,-6.7928104],[110.7062225,-6.7939686],[110.706131,-6.7940626],[110.7058487,-6.7943363],[110.7058029,-6.7943649],[110.705513,-6.794641],[110.7052231,-6.794805],[110.70504,-6.7948427],[110.7047501,-6.7947569],[110.7041779,-6.7943782],[110.7040187,-6.7942182],[110.7036438,-6.7938413],[110.7034531,-6.7935891],[110.7032013,-6.7930083],[110.7030716,-6.7925152],[110.7030258,-6.7920913],[110.7030106,-6.7915826],[110.702919,-6.7911944],[110.7024002,-6.7900867],[110.7022858,-6.7898097],[110.7022818,-6.7898004],[110.7020798,-6.7893223],[110.7019653,-6.7890897],[110.7016144,-6.7885942],[110.7016108,-6.7885893],[110.7013245,-6.7881937],[110.7011871,-6.7879176],[110.7012024,-6.7877779],[110.7013779,-6.7858557],[110.7013855,-6.7851281],[110.7013474,-6.7848992],[110.7012024,-6.7846427],[110.7009735,-6.7844171],[110.7003479,-6.7839575],[110.7000122,-6.7837519],[110.6994858,-6.783525],[110.699379,-6.7834801],[110.6992187,-6.7834105],[110.6987228,-6.7828274],[110.6986389,-6.7825942],[110.6985982,-6.7821577],[110.6985626,-6.7817759],[110.6985931,-6.7814421],[110.6987228,-6.7810564],[110.6989517,-6.7806573],[110.6991619,-6.7803015],[110.6994019,-6.7798953],[110.6995087,-6.7796964],[110.6995315,-6.7794141],[110.6994713,-6.7789],[110.6994629,-6.7788281],[110.6996689,-6.7779049],[110.6997833,-6.7774443],[110.6998062,-6.7770629],[110.6997833,-6.7769308],[110.6996384,-6.7767286],[110.6993942,-6.7765512],[110.699391,-6.7765496],[110.6990204,-6.77636],[110.6985016,-6.7762203],[110.6979752,-6.7761383],[110.6965485,-6.776051],[110.6960471,-6.7760648],[110.695961,-6.7760672],[110.6957245,-6.7760777],[110.6954422,-6.7760629],[110.695343,-6.7760396],[110.695015,-6.7759647],[110.6948013,-6.775876],[110.6945343,-6.7756924],[110.6942749,-6.7753939],[110.694272,-6.7753889],[110.6940994,-6.775093],[110.693985,-6.7746877],[110.6939697,-6.7744331],[110.6940706,-6.7741402],[110.6941528,-6.7739014],[110.6942482,-6.773684],[110.6944427,-6.7732405],[110.6946182,-6.7728228],[110.6946773,-6.7726834],[110.6949844,-6.7719593],[110.6950435,-6.7717525],[110.6952015,-6.7711992],[110.6953125,-6.7708106],[110.6953659,-6.7706251],[110.6954924,-6.7699315],[110.6955566,-6.7695794],[110.695558,-6.769552],[110.6955719,-6.7692785],[110.6954727,-6.7689681],[110.6953278,-6.7687402],[110.6950967,-6.7685471],[110.6949463,-6.7684273],[110.6946794,-6.768251],[110.6946792,-6.7682509],[110.6945801,-6.7682009],[110.6942749,-6.7680917],[110.6939847,-6.7680606],[110.6940062,-6.7679577],[110.6937981,-6.7680546],[110.6935272,-6.7680626],[110.6932221,-6.7681336],[110.6924133,-6.7686],[110.6919403,-6.7689194],[110.6916199,-6.769144],[110.6914215,-6.7692084],[110.6909103,-6.7691898],[110.6906281,-6.769155],[110.6904678,-6.7690787],[110.6901474,-6.7687549],[110.6897125,-6.7680564],[110.6894455,-6.7676043],[110.6892014,-6.7673006],[110.6888504,-6.7669863],[110.6883926,-6.7667379],[110.6878891,-6.7665367],[110.6875534,-6.7664246],[110.6873856,-6.7663693],[110.6869507,-6.766314],[110.686676,-6.7663345],[110.6864471,-6.7664051],[110.6864391,-6.7664114],[110.6862488,-6.7665605],[110.6860733,-6.7667641],[110.6858368,-6.7674474],[110.6857452,-6.7678594],[110.6857071,-6.7683501],[110.6856689,-6.7691011],[110.6856003,-6.7693991],[110.6854401,-6.7697134],[110.6852569,-6.7699017],[110.6851883,-6.7699742],[110.6849442,-6.770133],[110.6849256,-6.7701379],[110.6845398,-6.7702393],[110.6842575,-6.7702603],[110.6838989,-6.770174],[110.6833572,-6.769897],[110.6833191,-6.7698626],[110.6830006,-6.7696205],[110.6829529,-6.7695842],[110.6821823,-6.7691016],[110.6815491,-6.7688093],[110.6813808,-6.7687426],[110.680603,-6.768434],[110.6795426,-6.7677359],[110.6791535,-6.767479],[110.6791382,-6.7674689],[110.6787796,-6.767116],[110.6785202,-6.7668061],[110.67836,-6.7665195],[110.6782684,-6.7662291],[110.6782303,-6.7659273],[110.6783066,-6.765614],[110.6785889,-6.7648978],[110.6786652,-6.7645917],[110.6786804,-6.7642474],[110.6786346,-6.7640624],[110.6785354,-6.7638869],[110.6781845,-6.7636299],[110.6777649,-6.7632069],[110.6774565,-6.7628525],[110.6774521,-6.7628474],[110.6771698,-6.7630515],[110.6770782,-6.7633004],[110.6770401,-6.7633276],[110.6768909,-6.7634509],[110.6767731,-6.7635484],[110.6759338,-6.7641268],[110.6755371,-6.7644062],[110.6749649,-6.7648988],[110.6749147,-6.7649393],[110.6748682,-6.7649769],[110.67487,-6.76498],[110.6749047,-6.76504],[110.6745073,-6.7682366],[110.6735547,-6.7678549],[110.6735548,-6.7676284],[110.6735552,-6.7669901],[110.6734684,-6.7664084],[110.6732178,-6.7666063],[110.6728744,-6.7667923],[110.6724319,-6.7669387],[110.6723318,-6.7669584],[110.6719666,-6.7670302],[110.6715698,-6.7669768],[110.6713028,-6.7668328],[110.6708603,-6.7666072],[110.6706467,-6.7665009],[110.6706458,-6.7665005],[110.670013,-6.7662087],[110.6691742,-6.7658219],[110.668889,-6.7657434],[110.6686859,-6.7656874],[110.6682587,-6.7655597],[110.6676483,-6.7652468],[110.667366,-6.7650556],[110.6670837,-6.76476],[110.6669235,-6.7645287],[110.6668625,-6.7643079],[110.666832,-6.7639651],[110.6668557,-6.7636843],[110.6668625,-6.7636041],[110.666954,-6.763421],[110.6670456,-6.7632818],[110.6670478,-6.7632787],[110.6673279,-6.7628717],[110.6674957,-6.7627406],[110.667778,-6.76263],[110.669136,-6.762125],[110.6692352,-6.7620706],[110.6693344,-6.7620206],[110.6695522,-6.7619051],[110.6695862,-6.761887],[110.6698227,-6.7616653],[110.66996,-6.7614512],[110.6700211,-6.7612133],[110.6700897,-6.7607116],[110.670105,-6.7601342],[110.6700668,-6.7596826],[110.6698532,-6.7589988],[110.6696243,-6.7586102],[110.6693802,-6.7582755],[110.6691619,-6.7580285],[110.6690903,-6.7579474],[110.6690521,-6.7579431],[110.6687469,-6.7578497],[110.6683121,-6.7577381],[110.667923,-6.7577014],[110.6663895,-6.7576814],[110.6662216,-6.7576461],[110.6658707,-6.7575726],[110.6655808,-6.7574749],[110.6654968,-6.7574472],[110.6651383,-6.7572102],[110.6649399,-6.756999],[110.6647186,-6.7566132],[110.6646194,-6.7563071],[110.6646042,-6.7560339],[110.6646423,-6.7554703],[110.6646521,-6.7554417],[110.664711,-6.75527],[110.6648483,-6.7550616],[110.6650696,-6.7548504],[110.6657181,-6.7543349],[110.6664124,-6.7540602],[110.666954,-6.7539038],[110.6681213,-6.7535801],[110.6681944,-6.7535383],[110.6686249,-6.7532921],[110.6689682,-6.7530689],[110.6689739,-6.7530645],[110.6690826,-6.7529812],[110.6691742,-6.7529173],[110.6693192,-6.7527733],[110.6693268,-6.7527256],[110.6693192,-6.7524418],[110.6693497,-6.7516823],[110.6695328,-6.7511482],[110.6695338,-6.7511452],[110.6697845,-6.7504377],[110.669899,-6.7500553],[110.6699066,-6.75],[110.6700592,-6.7491827],[110.6701126,-6.7485475],[110.6701126,-6.7481308],[110.6701126,-6.7478609],[110.6700439,-6.7474246],[110.6698914,-6.7469706],[110.6696472,-6.7464914],[110.6694946,-6.7462473],[110.6694565,-6.7461848],[110.6690816,-6.7457341],[110.668808,-6.7454052],[110.6687775,-6.7453785],[110.668541,-6.7450828],[110.6677704,-6.7440719],[110.6672516,-6.7432089],[110.6664124,-6.7419042],[110.6662674,-6.7416138],[110.6662668,-6.7416126],[110.6661417,-6.7413597],[110.6660385,-6.7411513],[110.6659851,-6.740582],[110.6661148,-6.7399397],[110.6663361,-6.7396459],[110.6666489,-6.7392788],[110.6668549,-6.7391505],[110.6669477,-6.7390924],[110.6674347,-6.7387876],[110.6680069,-6.7384128],[110.6682587,-6.7381363],[110.6687164,-6.7376227],[110.6693878,-6.736793],[110.6698074,-6.7360029],[110.6698291,-6.7359219],[110.6698361,-6.7358958],[110.6699448,-6.7354893],[110.6699829,-6.7350344],[110.6700058,-6.7347183],[110.6699066,-6.7341451],[110.6698943,-6.7341022],[110.6698957,-6.7340766],[110.6696515,-6.7327108],[110.669693,-6.7322087],[110.6697845,-6.73138],[110.6697948,-6.7312963],[110.6701177,-6.7304656],[110.6701508,-6.7304091],[110.6703333,-6.7301918],[110.6703339,-6.7301912],[110.6704483,-6.7300558],[110.6705933,-6.7298279],[110.6708832,-6.729083],[110.6711497,-6.7286495],[110.6711502,-6.7286486],[110.6712952,-6.7280903],[110.6713396,-6.7278623],[110.6715436,-6.7270952],[110.6715949,-6.7267127],[110.6716463,-6.7261771],[110.6716444,-6.7261329],[110.6716212,-6.7255905],[110.6715448,-6.7253099],[110.6713919,-6.7250547],[110.6712901,-6.7247486],[110.6711578,-6.7244267],[110.6709442,-6.7237229],[110.6710281,-6.722322],[110.6691666,-6.7200145],[110.667679,-6.7186009],[110.6676788,-6.7186007],[110.6660843,-6.7175407],[110.6648998,-6.7170188],[110.6645861,-6.7168805],[110.6644058,-6.7168011],[110.664212,-6.7167529],[110.6618365,-6.7161624],[110.6616287,-6.7161107],[110.6580582,-6.7155423],[110.6560821,-6.71527],[110.6545802,-6.7151676],[110.6545715,-6.715167],[110.6543208,-6.7151498],[110.6542587,-6.7151456],[110.6540228,-6.7152383],[110.6539149,-6.7152806],[110.653358,-6.7154995],[110.6530801,-6.7156086],[110.6530075,-6.7156372],[110.6525116,-6.7159071],[110.6522895,-6.7159799],[110.6508637,-6.7164473],[110.6500632,-6.7163907],[110.6495819,-6.7163567],[110.6490181,-6.7161548],[110.6490173,-6.7161546],[110.6485443,-6.7159838],[110.6482086,-6.7157068],[110.6478043,-6.715239],[110.6470947,-6.7145376],[110.6464521,-6.7139254],[110.6463013,-6.7137818],[110.6456841,-6.7133493],[110.645195,-6.7130065],[110.6448599,-6.7129586],[110.6441498,-6.7128572],[110.6430359,-6.7128562],[110.6419907,-6.7132272],[110.6408005,-6.7135239],[110.6396103,-6.7133746],[110.6384964,-6.7131505],[110.6384911,-6.7131466],[110.6371536,-6.7121825],[110.636261,-6.7112894],[110.6357535,-6.7108484],[110.6351471,-6.7103214],[110.6332542,-6.7100293],[110.6332092,-6.7100224],[110.6316452,-6.70965],[110.6302724,-6.7095182],[110.6287308,-6.7093701],[110.62873,-6.7093701],[110.6285172,-6.7093501],[110.6282533,-6.7093322],[110.6256095,-6.7091534],[110.625,-6.7091121],[110.6240234,-6.7089362],[110.6231907,-6.7086504],[110.623169,-6.7086429],[110.6219177,-6.7078414],[110.6205063,-6.7070002],[110.6180649,-6.70612],[110.6180572,-6.7064862],[110.6183167,-6.7067456],[110.6183777,-6.7068586],[110.6184921,-6.7070126],[110.6192169,-6.7074861],[110.6195984,-6.7077737],[110.6204834,-6.7082719],[110.620964,-6.7084827],[110.6212082,-6.7085771],[110.6212463,-6.708939],[110.621254,-6.7091622],[110.6215153,-6.7094602],[110.6214685,-6.7100247],[110.621298,-6.7104403],[110.6210332,-6.7106291],[110.6208725,-6.710629],[110.6207306,-6.7108084],[110.6208532,-6.7112337],[110.6206924,-6.7113092],[110.6207435,-6.7116168],[110.6202469,-6.7115535],[110.6202164,-6.7115703],[110.6201401,-6.7116098],[110.6195297,-6.7119193],[110.6188583,-6.7122387],[110.6185608,-6.7123918],[110.6182022,-6.7127242],[110.6175613,-6.7135992],[110.617363,-6.7138929],[110.6171112,-6.7145157],[110.6169815,-6.7147784],[110.6166458,-6.7152013],[110.6163635,-6.7154727],[110.616066,-6.7156992],[110.6153107,-6.7161741],[110.6142044,-6.7165336],[110.613945,-6.7165441],[110.613739,-6.7165084],[110.6128311,-6.7164392],[110.6124954,-6.7164164],[110.6118545,-6.7165274],[110.611557,-6.7166238],[110.6110611,-6.7168235],[110.6109314,-6.7169428],[110.6108059,-6.717258],[110.6105042,-6.7180161],[110.6101608,-6.7190127],[110.6099548,-6.7194533],[110.6096954,-6.7197856],[110.6094001,-6.72009],[110.6093979,-6.7200923],[110.6091614,-6.720274],[110.6089401,-6.7203836],[110.6086655,-6.7204428],[110.608078,-6.7204518],[110.6072998,-6.7204304],[110.6065445,-6.7204094],[110.6062317,-6.7204618],[110.6060333,-6.7205815],[110.6058121,-6.7208013],[110.6056976,-6.7209677],[110.6055756,-6.7213321],[110.6053848,-6.722043],[110.605278,-6.7224497],[110.6052627,-6.7225127],[110.6051254,-6.7224702],[110.605072,-6.7225218],[110.605011,-6.7226457],[110.6049652,-6.7229285],[110.6049042,-6.7234749],[110.6046829,-6.7242741],[110.6047134,-6.7245912],[110.6044464,-6.7246785],[110.6038971,-6.7247367],[110.6034012,-6.7247071],[110.6017685,-6.7244143],[110.6006546,-6.7244134],[110.6000443,-6.7246752],[110.5996094,-6.724966],[110.598732,-6.7265091],[110.5984955,-6.7267422],[110.5981445,-6.7267999],[110.5966873,-6.7262163],[110.5942688,-6.7249326],[110.5936386,-6.724783],[110.5934697,-6.7250306],[110.5923968,-6.7262026],[110.5921179,-6.7265169],[110.591898,-6.7265756],[110.591788,-6.7266049],[110.5916619,-6.7266022],[110.5908894,-6.7265116],[110.5903852,-6.7263784],[110.590117,-6.7263252],[110.5899078,-6.7263411],[110.5896932,-6.7264104],[110.5894625,-6.7265383],[110.5891675,-6.7266928],[110.5889636,-6.7267887],[110.58869,-6.7268579],[110.5883467,-6.7269112],[110.5878103,-6.7269431],[110.587526,-6.7270177],[110.5872792,-6.7271243],[110.5870539,-6.7273214],[110.5868608,-6.7275558],[110.5866945,-6.7278222],[110.586437,-6.7283389],[110.5860883,-6.7290368],[110.5859488,-6.7293458],[110.585745,-6.7296442],[110.585627,-6.7299159],[110.585627,-6.730113],[110.5856645,-6.7302515],[110.5857396,-6.7304486],[110.5861634,-6.7311252],[110.5865282,-6.7318817],[110.5866247,-6.732244],[110.5866194,-6.732489],[110.5865818,-6.7326915],[110.586437,-6.7330431],[110.5862814,-6.7332668],[110.5859703,-6.7335812],[110.5857986,-6.733757],[110.5856001,-6.7339061],[110.5852354,-6.7340233],[110.5850154,-6.7340606],[110.5848062,-6.7340233],[110.5843288,-6.7337729],[110.5836421,-6.7333361],[110.5835241,-6.7332668],[110.583331,-6.7332455],[110.5831432,-6.7333148],[110.5828589,-6.7335012],[110.5826122,-6.7335971],[110.5822098,-6.7337303],[110.5813837,-6.7339008],[110.5808151,-6.7339114],[110.5803859,-6.733986],[110.5800962,-6.7341139],[110.5796349,-6.7344975],[110.5787659,-6.7353392],[110.5780095,-6.7358773],[110.577296,-6.7362928],[110.576899,-6.736442],[110.5761319,-6.7367137],[110.5756921,-6.7368895],[110.5753863,-6.7370227],[110.5749303,-6.7371665],[110.5745441,-6.7371985],[110.5741954,-6.7371239],[110.5740237,-6.7370227],[110.5735195,-6.7365432],[110.5729186,-6.7359412],[110.5727416,-6.7357574],[110.5726504,-6.7356748],[110.5726022,-6.7355976],[110.5726129,-6.7355017],[110.5727175,-6.7352982],[110.5728838,-6.7351421],[110.5731547,-6.7349636],[110.5732861,-6.7348278],[110.5733719,-6.7347052],[110.5734497,-6.7345614],[110.5731493,-6.7340926],[110.5734229,-6.7336184],[110.5736965,-6.7330591],[110.5737394,-6.7329152],[110.5737233,-6.7327607],[110.5736321,-6.7325103],[110.5735087,-6.7321907],[110.5734283,-6.7317272],[110.5734283,-6.7314289],[110.5734175,-6.7311678],[110.5733263,-6.7309707],[110.5732083,-6.7308535],[110.573042,-6.7307896],[110.572629,-6.7307896],[110.5723447,-6.7308535],[110.5719691,-6.7310346],[110.5711859,-6.7318071],[110.5700916,-6.730454],[110.5699307,-6.7302888],[110.5697697,-6.7302036],[110.5693835,-6.7300597],[110.5690992,-6.7298999],[110.5689007,-6.7296975],[110.5686593,-6.7293192],[110.568434,-6.728893],[110.5682623,-6.7284881],[110.5681121,-6.7282324],[110.5679727,-6.7280779],[110.5677581,-6.7279074],[110.566712,-6.7270018],[110.56602,-6.7264797],[110.565902,-6.7263411],[110.565564,-6.7259842],[110.5653173,-6.725542],[110.5650812,-6.7250466],[110.5647486,-6.7246417],[110.5644375,-6.7244339],[110.5642766,-6.724354],[110.5641049,-6.7242901],[110.5638421,-6.7242208],[110.5635309,-6.7242048],[110.5633002,-6.7242315],[110.5630588,-6.7242741],[110.5628496,-6.7243593],[110.5626136,-6.7244925],[110.5623454,-6.7246683],[110.5621308,-6.7248921],[110.5617553,-6.7254035],[110.5614603,-6.7257498],[110.5612671,-6.7259576],[110.5610365,-6.7261121],[110.5603391,-6.7265116],[110.5597115,-6.7269964],[110.559177,-6.727382],[110.5588102,-6.7274812],[110.5586171,-6.7275398],[110.5584776,-6.7275345],[110.5581035,-6.7272788],[110.557453,-6.7271722],[110.557276,-6.7270018],[110.5568938,-6.7268246],[110.5570561,-6.7267247],[110.5569836,-6.7265516],[110.5569367,-6.7264131],[110.5568482,-6.7262958],[110.5566618,-6.7265436],[110.5564807,-6.7266408],[110.5562581,-6.726461],[110.5559631,-6.7264424],[110.555884,-6.7266502],[110.5560851,-6.7267647],[110.5558705,-6.7272468],[110.5551383,-6.7275905],[110.554335,-6.7279727],[110.5542512,-6.7281502],[110.5540555,-6.7282635],[110.5537892,-6.7284082],[110.5529469,-6.7291594],[110.5524346,-6.729463],[110.5514396,-6.7299132],[110.5508977,-6.7304753],[110.5504149,-6.7310853],[110.5499241,-6.7318657],[110.5497014,-6.7320602],[110.5495512,-6.732529],[110.5492374,-6.7327368],[110.5492321,-6.7330111],[110.5489236,-6.7332375],[110.5487252,-6.733448],[110.5481029,-6.73401],[110.5478668,-6.7343536],[110.5473787,-6.7350515],[110.5466062,-6.735896],[110.5461583,-6.7365938],[110.5458632,-6.7369214],[110.5454421,-6.7375021],[110.5449593,-6.7382213],[110.544777,-6.7386075],[110.544734,-6.7390391],[110.5446482,-6.7393614],[110.544439,-6.7397716],[110.5444443,-6.7400726],[110.5443612,-6.7403523],[110.5444524,-6.7405227],[110.5446964,-6.7405653],[110.5448949,-6.7407385],[110.5450666,-6.740909],[110.5452597,-6.740845],[110.545426,-6.7407225],[110.5455333,-6.7405041],[110.5454823,-6.7404854],[110.5453724,-6.7406399],[110.545139,-6.740568],[110.5451149,-6.7404402],[110.5449325,-6.7404295],[110.5448037,-6.7401099],[110.5449271,-6.7396757],[110.5450559,-6.7391429],[110.5452436,-6.7388659],[110.5455655,-6.7383279],[110.5459464,-6.7377312],[110.5461287,-6.7374435],[110.5470568,-6.7371931],[110.5474269,-6.73763],[110.5476522,-6.7376353],[110.5477005,-6.7370972],[110.5475584,-6.7365378],[110.5476629,-6.7360025],[110.5479607,-6.7358719],[110.5489343,-6.7365112],[110.5493313,-6.7367562],[110.54946,-6.7370599],[110.5496639,-6.7381041],[110.549857,-6.7386688],[110.5500984,-6.7391909],[110.5503345,-6.7391549],[110.5505436,-6.7391643],[110.5509621,-6.7393188],[110.5519438,-6.7393933],[110.553258,-6.7382],[110.5533546,-6.7373849],[110.5531454,-6.7368841],[110.5534512,-6.7367882],[110.5539393,-6.7367403],[110.5542397,-6.7367829],[110.5544275,-6.7368522],[110.5545294,-6.7369294],[110.5546662,-6.7370653],[110.5547494,-6.7371558],[110.5548432,-6.7372144],[110.5549693,-6.737265],[110.555259,-6.7373902],[110.5554038,-6.7374435],[110.5555487,-6.7375554],[110.5556345,-6.7376939],[110.5557418,-6.7379443],[110.5558062,-6.7381467],[110.5559027,-6.7382746],[110.5560476,-6.7384291],[110.5562139,-6.7385516],[110.5564579,-6.7386741],[110.5568013,-6.738778],[110.5570614,-6.7389192],[110.557158,-6.7390098],[110.557217,-6.7391243],[110.5572975,-6.7394519],[110.5573511,-6.7396597],[110.5574316,-6.7398355],[110.5575442,-6.7401685],[110.5575737,-6.740307],[110.5575684,-6.7403975],[110.5575335,-6.7404801],[110.5574155,-6.7405813],[110.5573484,-6.7406373],[110.5573109,-6.7407118],[110.5572867,-6.7408131],[110.5572867,-6.7409516],[110.5573618,-6.7412952],[110.5573672,-6.7413991],[110.5573404,-6.7415509],[110.5572304,-6.7419291],[110.5571875,-6.7422008],[110.557158,-6.7425897],[110.5571768,-6.7427149],[110.5572116,-6.7428082],[110.5572572,-6.7428561],[110.5573162,-6.7428961],[110.5573967,-6.7429],[110.557441,-6.7429147],[110.5575375,-6.7429726],[110.5579516,-6.7432118],[110.5584228,-6.7434396],[110.558483,-6.7434687],[110.5585853,-6.7435333],[110.559175,-6.7439056],[110.5594861,-6.7441666],[110.55969,-6.7444276],[110.5599475,-6.7448219],[110.5600736,-6.7450643],[110.560146,-6.7451974],[110.5601862,-6.7453679],[110.5601996,-6.7456369],[110.5601782,-6.7458873],[110.560154,-6.7459965],[110.5600655,-6.746199],[110.5599984,-6.7463108],[110.5599233,-6.7463934],[110.5596819,-6.7464573],[110.5595344,-6.7465426],[110.5595089,-6.7465865],[110.5595103,-6.7466252],[110.5595317,-6.7466518],[110.5595586,-6.7466691],[110.5596323,-6.7466851],[110.559871,-6.7467171],[110.5599394,-6.746741],[110.5599743,-6.7467677],[110.5600038,-6.7468249],[110.5600119,-6.7468809],[110.5600172,-6.7469554],[110.5600065,-6.7471046],[110.5600011,-6.7474322],[110.5600226,-6.7476187],[110.5601299,-6.7480129],[110.5601835,-6.7481834],[110.5601835,-6.7484338],[110.5601245,-6.7487481],[110.5600226,-6.749057],[110.5599904,-6.7492249],[110.5600065,-6.7493421],[110.5600548,-6.7494246],[110.5601084,-6.7494779],[110.5602989,-6.7495658],[110.5604303,-6.7496111],[110.5606261,-6.7496537],[110.5608541,-6.749723],[110.5609775,-6.7497736],[110.5610472,-6.7498268],[110.5610955,-6.7498801],[110.5611672,-6.7499933],[110.5611035,-6.7500506],[110.5610499,-6.7501545],[110.5609846,-6.7502388],[110.5606073,-6.7507298],[110.5609238,-6.7510654],[110.5603525,-6.7516035],[110.5604142,-6.7517393],[110.5601781,-6.7520216],[110.559796,-6.7522821],[110.5596513,-6.7523808],[110.5595881,-6.7524239],[110.5589658,-6.7517473],[110.5589373,-6.7517624],[110.5585549,-6.7519648],[110.5571043,-6.7527328],[110.5567235,-6.7529672],[110.5563211,-6.7533508],[110.5555165,-6.7544802],[110.5554087,-6.754652],[110.5551624,-6.7550448],[110.5545026,-6.7539687],[110.5538267,-6.7526476],[110.5539715,-6.7525943],[110.5535155,-6.7511453],[110.5521208,-6.7511773],[110.5520189,-6.7491156],[110.5514717,-6.7491156],[110.5504417,-6.7471446],[110.5502379,-6.7470366],[110.5502003,-6.7470167],[110.54968,-6.7466704],[110.5493179,-6.7463375],[110.5491865,-6.7461803],[110.5490792,-6.7461084],[110.5489182,-6.7460764],[110.5487761,-6.7460791],[110.5486742,-6.746135],[110.5485964,-6.7462336],[110.5484515,-6.7465133],[110.5483764,-6.7466704],[110.5483174,-6.7467583],[110.5481887,-6.7468702],[110.5480707,-6.7469608],[110.5479741,-6.7470886],[110.5476469,-6.7476027],[110.5474108,-6.747901],[110.5473465,-6.7480609],[110.5472821,-6.7482526],[110.5472445,-6.7484444],[110.547207,-6.7486042],[110.5470809,-6.748812],[110.5468529,-6.7489771],[110.5465096,-6.7492808],[110.5464131,-6.7494086],[110.546397,-6.7495152],[110.5463916,-6.7497309],[110.5464023,-6.749936],[110.5463755,-6.7500666],[110.546287,-6.7501864],[110.5461556,-6.7503089],[110.5458927,-6.7504741],[110.5456245,-6.7506233],[110.545426,-6.7507245],[110.545308,-6.750831],[110.5451413,-6.751012],[110.5450258,-6.7510939],[110.5448145,-6.7511666],[110.5445892,-6.7511347],[110.544219,-6.7510121],[110.5440474,-6.7509003],[110.5439132,-6.7507458],[110.5437469,-6.7504155],[110.5435055,-6.7497496],[110.5433936,-6.749205],[110.5433446,-6.7489665],[110.5432695,-6.7485563],[110.5431139,-6.7481301],[110.5429959,-6.7478371],[110.5428511,-6.7476826],[110.5427223,-6.7475814],[110.542556,-6.7475068],[110.5424219,-6.7474535],[110.5423823,-6.747426],[110.542261,-6.7473417],[110.5420357,-6.7471552],[110.5416602,-6.7466118],[110.5414188,-6.7463188],[110.5411184,-6.7461164],[110.5407858,-6.7459353],[110.5405766,-6.7459033],[110.5404371,-6.7459806],[110.5402923,-6.7461963],[110.5400723,-6.7469634],[110.5399609,-6.7473913],[110.5399114,-6.7475814],[110.5399275,-6.7479809],[110.539965,-6.7483911],[110.5400079,-6.7486788],[110.5399114,-6.749057],[110.5398363,-6.7492701],[110.5397612,-6.749366],[110.5396163,-6.7494459],[110.5391282,-6.7492808],[110.5388144,-6.7491583],[110.5386052,-6.7490597],[110.5385246,-6.7491503],[110.538463,-6.7493634],[110.5384791,-6.751433],[110.5383825,-6.7523173],[110.5385005,-6.7529086],[110.5385059,-6.7541126],[110.5385918,-6.7547518],[110.5386776,-6.7551327],[110.5387849,-6.7552419],[110.5389073,-6.755375],[110.5389459,-6.7554336],[110.539039,-6.7555292],[110.5391576,-6.7559212],[110.5391818,-6.7568001],[110.5393052,-6.7573276],[110.5398845,-6.7578256],[110.5405122,-6.7581612],[110.5413974,-6.7587951],[110.5420088,-6.7589017],[110.5424809,-6.7587818],[110.5425239,-6.7586913],[110.5420062,-6.7588324],[110.5414027,-6.758598],[110.5410916,-6.7584329],[110.5408394,-6.7579588],[110.5407214,-6.7576232],[110.5410755,-6.7569733],[110.541349,-6.7566323],[110.5418318,-6.7568507],[110.5420733,-6.7571811],[110.5425319,-6.7573169],[110.5428108,-6.7574448],[110.543358,-6.7576151],[110.5436182,-6.7577723],[110.5437469,-6.7578443],[110.5439481,-6.7579455],[110.5444872,-6.7582944],[110.544455,-6.7585235],[110.5446026,-6.7585128],[110.5449694,-6.7590254],[110.5452848,-6.7597371],[110.5452141,-6.7601509],[110.5452999,-6.7602415],[110.5455321,-6.7599988],[110.5457908,-6.7603294],[110.5457613,-6.7606543],[110.5456567,-6.7606517],[110.5456486,-6.7610139],[110.5457455,-6.761256],[110.5459302,-6.7614055],[110.5467751,-6.7616132],[110.5471614,-6.7622258],[110.5473545,-6.7626892],[110.5473764,-6.7627908],[110.5474136,-6.7629636],[110.5473921,-6.7630648],[110.5473894,-6.7631554],[110.5479473,-6.7634857],[110.5480143,-6.7635549],[110.5480519,-6.7636455],[110.5481216,-6.763784],[110.5481511,-6.7638239],[110.5482075,-6.7638532],[110.548304,-6.7638719],[110.5485052,-6.7638373],[110.5487144,-6.763784],[110.5488592,-6.763752],[110.5489826,-6.7637467],[110.5491328,-6.763752],[110.549216,-6.7637334],[110.5492696,-6.7637014],[110.5493528,-6.7636402],[110.5494497,-6.7635077],[110.54957,-6.7634138],[110.5497202,-6.7633658],[110.5498168,-6.7633605],[110.5499053,-6.7633845],[110.5500207,-6.7634057],[110.550254,-6.7637068],[110.5504202,-6.7640664],[110.5504658,-6.7644845],[110.550372,-6.7647322],[110.5502325,-6.7649186],[110.5502299,-6.7652835],[110.5501736,-6.7656271],[110.5500742,-6.766048],[110.5500823,-6.7665088],[110.5501091,-6.7668657],[110.5500824,-6.767409],[110.5499294,-6.7681256],[110.5497712,-6.7687941],[110.5499342,-6.7690571],[110.5500016,-6.7691661],[110.5499536,-6.7692077],[110.5498624,-6.7692868],[110.5497658,-6.7695399],[110.549857,-6.7698169],[110.5504041,-6.7710208],[110.5504455,-6.7711708],[110.5506349,-6.7718571],[110.5509986,-6.7724953],[110.5510265,-6.7725443],[110.5517291,-6.773093],[110.5520296,-6.7738228],[110.5524373,-6.7746538],[110.5529845,-6.775016],[110.5532098,-6.7749308],[110.5530864,-6.7746005],[110.5525231,-6.7741637],[110.5524909,-6.7737162],[110.5523944,-6.773045],[110.5524373,-6.7726402],[110.552609,-6.7723738],[110.5528235,-6.7721501],[110.5539531,-6.7719898],[110.5541753,-6.7719583],[110.5541968,-6.7716574],[110.5546957,-6.7716414],[110.5549693,-6.7716307],[110.5553904,-6.7714576],[110.5555379,-6.7713351],[110.5556541,-6.7713992],[110.5558759,-6.7715215],[110.5565357,-6.7719903],[110.5567173,-6.7721578],[110.5569139,-6.7723392],[110.5571097,-6.7725523],[110.5571821,-6.7726162],[110.5572492,-6.7726668],[110.5573323,-6.7727121],[110.5574289,-6.7727441],[110.557512,-6.7727654],[110.5576918,-6.7727521],[110.5578849,-6.7727494],[110.5580297,-6.7727627],[110.5582067,-6.7727707],[110.5584025,-6.7727867],[110.5585179,-6.772792],[110.5587083,-6.772768],[110.5588853,-6.7727387],[110.559065,-6.7727041],[110.5593011,-6.7725869],[110.5594352,-6.7724804],[110.5595693,-6.7723259],[110.5598536,-6.7720276],[110.5601111,-6.7718012],[110.5604249,-6.7716014],[110.5612403,-6.7711353],[110.5622917,-6.7704401],[110.562568,-6.7704082],[110.5625063,-6.7674357],[110.5621684,-6.7644152],[110.5628148,-6.7642474],[110.5628174,-6.76376],[110.5632412,-6.7635203],[110.5638796,-6.7632753],[110.5647111,-6.7629396],[110.5648559,-6.7629396],[110.5650651,-6.7629769],[110.5653173,-6.7630622],[110.5656499,-6.7631048],[110.5658913,-6.7631208],[110.5660307,-6.7634244],[110.5670929,-6.7633605],[110.5673182,-6.7633392],[110.5674255,-6.763499],[110.5675703,-6.763744],[110.5675001,-6.7639347],[110.5671009,-6.7652649],[110.5670097,-6.7658083],[110.5672726,-6.7657816],[110.5677366,-6.7657896],[110.5678359,-6.7659574],[110.568037,-6.7659654],[110.5704349,-6.7659494],[110.5700111,-6.767702],[110.5711967,-6.7676328],[110.5713361,-6.7675848],[110.57154,-6.7674783],[110.5717707,-6.7673664],[110.5719906,-6.7673558],[110.5722159,-6.7673771],[110.5724627,-6.7674836],[110.571717,-6.7695452],[110.572511,-6.7695718],[110.5732137,-6.7695772],[110.5740935,-6.7696784],[110.5742222,-6.7694653],[110.574751,-6.7695073],[110.5754005,-6.7695469],[110.5753805,-6.770065],[110.5754185,-6.7704401],[110.5757403,-6.7707917],[110.5755418,-6.7714363],[110.5755231,-6.7718838],[110.5754426,-6.7721608],[110.5753648,-6.7724511],[110.5752897,-6.7726668],[110.5744875,-6.7726257],[110.5731731,-6.7724962],[110.5726263,-6.772531],[110.5722304,-6.7734052],[110.5721366,-6.7735916],[110.5720121,-6.7738388],[110.571198,-6.773647],[110.5711189,-6.773643],[110.570911,-6.7737016],[110.5707487,-6.7737522],[110.5706415,-6.7737708],[110.5704349,-6.7737668],[110.570392,-6.77394],[110.5703223,-6.7741371],[110.5702203,-6.7743501],[110.5700675,-6.7746032],[110.5699789,-6.7747044],[110.5696973,-6.7749627],[110.5694962,-6.7752318],[110.569075,-6.7751998],[110.568949,-6.7752104],[110.5686995,-6.775269],[110.5684152,-6.7753623],[110.5681229,-6.7754901],[110.5677742,-6.7756446],[110.5676186,-6.7757352],[110.5673772,-6.775895],[110.5670661,-6.7762252],[110.5667174,-6.7765662],[110.5664813,-6.7769657],[110.5663365,-6.7771841],[110.5662239,-6.7774504],[110.5660307,-6.777818],[110.56591,-6.778055],[110.5658296,-6.7782282],[110.5657947,-6.778348],[110.5657223,-6.7788035],[110.5656391,-6.7793575],[110.5656177,-6.779709],[110.5656112,-6.779954],[110.5656096,-6.7800127],[110.5656284,-6.7802897],[110.5655962,-6.7806359],[110.5655909,-6.7808224],[110.565725,-6.7810408],[110.565855,-6.7812139],[110.5658551,-6.7812965],[110.5659758,-6.7814283],[110.5657813,-6.7816826],[110.5656043,-6.7821021],[110.5655251,-6.7823672],[110.5652717,-6.7827747],[110.5652743,-6.7829185],[110.5655935,-6.7830956],[110.5653307,-6.7836909],[110.5654018,-6.7838188],[110.5652972,-6.7839306],[110.5651751,-6.7840477],[110.5652408,-6.7841503],[110.5653052,-6.784707],[110.5651765,-6.7849773],[110.5651563,-6.7851331],[110.5652583,-6.7853009],[110.5652623,-6.785526],[110.5655533,-6.7856924],[110.5654433,-6.7860254],[110.5656351,-6.7861586],[110.5656056,-6.7862704],[110.5656821,-6.7863436],[110.5657008,-6.78663],[110.5656955,-6.7868124],[110.5658658,-6.7869989],[110.5658175,-6.7871867],[110.5656633,-6.7874823],[110.5656123,-6.7874969],[110.5655372,-6.7877513],[110.565434,-6.787738],[110.5651094,-6.7876234],[110.5650638,-6.7877126],[110.565096,-6.7878778],[110.5650746,-6.7880749],[110.5649704,-6.7881155],[110.5650195,-6.788228],[110.5650812,-6.7883212],[110.5649793,-6.7885463],[110.5648411,-6.788834],[110.5646253,-6.7892574],[110.5644804,-6.7894945],[110.5642605,-6.7897928],[110.5640312,-6.7901949],[110.5638394,-6.7902922],[110.563783,-6.7904639],[110.5637307,-6.7906544],[110.5635189,-6.7911897],[110.5632801,-6.7917251],[110.5633418,-6.7917903],[110.5631983,-6.7922577],[110.5630052,-6.7925614],[110.5627316,-6.7930554],[110.5626445,-6.7934416],[110.5625157,-6.793648],[110.5623507,-6.7937932],[110.5624406,-6.7939929],[110.5622931,-6.7943698],[110.5622301,-6.7945962],[110.5620315,-6.7946721],[110.5619791,-6.7947289],[110.5618519,-6.7948665],[110.5611733,-6.795852],[110.5605161,-6.7967548],[110.5597115,-6.7978788],[110.5587298,-6.7994502],[110.5582583,-6.8003174],[110.5580753,-6.800654],[110.5579761,-6.8012212],[110.5577105,-6.8021827],[110.5575684,-6.8028499],[110.5575268,-6.8030856],[110.5576945,-6.8032108],[110.5578862,-6.803356],[110.5580928,-6.8033706],[110.5587834,-6.8038074],[110.5589175,-6.8040044],[110.5590302,-6.8042388],[110.5590892,-6.8044732],[110.5591428,-6.8046383],[110.5590731,-6.8047502],[110.5588263,-6.804894],[110.5579627,-6.8054426],[110.5577052,-6.8056291],[110.5575335,-6.8057303],[110.5573243,-6.8057942],[110.5571043,-6.8058155],[110.5568415,-6.8058048],[110.5566001,-6.8057676],[110.556348,-6.8057622],[110.5561495,-6.8057835],[110.5559725,-6.8058102],[110.5557257,-6.8058901],[110.5552804,-6.8061031],[110.5544329,-6.806492],[110.5541968,-6.8066198],[110.554052,-6.8067317],[110.5537891,-6.8070726],[110.5534029,-6.8077917],[110.5533734,-6.8078583],[110.5533573,-6.8079461],[110.5533596,-6.808071],[110.5533881,-6.8081938],[110.5534029,-6.808299],[110.5534002,-6.8083829],[110.5533774,-6.8084482],[110.5533318,-6.8084957],[110.5532621,-6.8085334],[110.5532071,-6.8085187],[110.5531132,-6.8081273],[110.5530622,-6.8075653],[110.5532366,-6.8070832],[110.5539179,-6.8062363],[110.5545455,-6.8056797],[110.5544758,-6.8051683],[110.5542129,-6.8049579],[110.5539981,-6.8049551],[110.5534029,-6.8049473],[110.5523514,-6.8065932],[110.5514771,-6.807536],[110.5510425,-6.8082178],[110.5506939,-6.8095707],[110.5505168,-6.8104337],[110.5501038,-6.8107852],[110.5498302,-6.8110249],[110.5496424,-6.8112646],[110.5494332,-6.8115948],[110.5492347,-6.8119304],[110.5490014,-6.8123938],[110.5488217,-6.8128253],[110.5487251,-6.813017],[110.5486232,-6.8131902],[110.5484462,-6.8134618],[110.5483898,-6.813579],[110.5483818,-6.8136722],[110.5483925,-6.8137681],[110.5484194,-6.8138373],[110.5484864,-6.8139359],[110.5485535,-6.8140664],[110.5485749,-6.8141862],[110.5485669,-6.8142848],[110.5485186,-6.8143833],[110.5484489,-6.8144685],[110.5483925,-6.8145298],[110.5482531,-6.8146283],[110.5480787,-6.8147082],[110.5480117,-6.8147482],[110.5479553,-6.8148121],[110.5479419,-6.814884],[110.5479553,-6.8149586],[110.5480063,-6.8150678],[110.5480599,-6.8151956],[110.5480787,-6.8153261],[110.5480787,-6.8155445],[110.5480571,-6.8156276],[110.5480331,-6.8157202],[110.5479419,-6.8159786],[110.5477817,-6.8163778],[110.5476576,-6.816687],[110.5475825,-6.8167802],[110.5475154,-6.8168441],[110.547376,-6.8168974],[110.5471614,-6.816948],[110.5470246,-6.8170039],[110.5468208,-6.8171824],[110.5467671,-6.8172463],[110.5467564,-6.8172862],[110.5467698,-6.8173182],[110.5468261,-6.8173608],[110.5468824,-6.8173741],[110.5469817,-6.8173688],[110.5471319,-6.8173608],[110.5472258,-6.8173874],[110.5472472,-6.8174087],[110.5472633,-6.8174434],[110.5472741,-6.8174993],[110.5472606,-6.8175685],[110.5472085,-6.8176965],[110.5471131,-6.8179307],[110.5470595,-6.8180266],[110.5469763,-6.8181172],[110.5469039,-6.8181465],[110.546802,-6.8181651],[110.5466598,-6.8181118],[110.5465043,-6.8180319],[110.5463916,-6.8179947],[110.546279,-6.818016],[110.5461046,-6.8180932],[110.545941,-6.818245],[110.5457881,-6.8184261],[110.5457479,-6.8185246],[110.5457506,-6.8186258],[110.545764,-6.8187271],[110.545823,-6.8188762],[110.5457693,-6.8191532],[110.5458337,-6.8192544],[110.5453925,-6.8201133],[110.5448641,-6.82112],[110.5447568,-6.8211972],[110.5444524,-6.8216353],[110.5442941,-6.8219709],[110.5436393,-6.8234161],[110.5432653,-6.8232184],[110.5428729,-6.823011],[110.5435592,-6.8214116],[110.5433902,-6.8213264],[110.5433232,-6.8211905],[110.5433366,-6.8211027],[110.5433553,-6.8210574],[110.543417,-6.8209695],[110.5434975,-6.8208896],[110.5435806,-6.8208363],[110.5436343,-6.820799],[110.5429959,-6.8197284],[110.5428404,-6.8198083],[110.5426633,-6.8199468],[110.5425239,-6.82008],[110.54232,-6.8205487],[110.5421416,-6.8210467],[110.5420866,-6.8210347],[110.5419901,-6.82112],[110.5416441,-6.8214595],[110.5413973,-6.8217258],[110.5412096,-6.8218377],[110.5410701,-6.821875],[110.5409789,-6.821859],[110.5408448,-6.8218057],[110.5406946,-6.8217791],[110.5405927,-6.8218111],[110.5404746,-6.8218963],[110.5403352,-6.8220508],[110.5398309,-6.8225781],[110.5393481,-6.8230788],[110.5389887,-6.8233877],[110.5384415,-6.8238884],[110.5379695,-6.8243305],[110.5372935,-6.8250069],[110.5366146,-6.8255812],[110.5366996,-6.8257288],[110.5355991,-6.8268467],[110.5359095,-6.8274065],[110.535836,-6.8274569],[110.5357557,-6.827512],[110.5356494,-6.8275849],[110.5350941,-6.8278645],[110.5348876,-6.8280163],[110.5346489,-6.8282294],[110.5344236,-6.8284451],[110.5341983,-6.8286901],[110.5340293,-6.8288472],[110.5336833,-6.8290949],[110.5335653,-6.8291668],[110.5335009,-6.8292201],[110.5334365,-6.8293],[110.5333346,-6.8294385],[110.5330798,-6.8297501],[110.5329645,-6.8298513],[110.5328143,-6.8299525],[110.5326869,-6.830019],[110.5326051,-6.830083],[110.5324173,-6.8302494],[110.531854,-6.8307221],[110.5313766,-6.8311482],[110.5308026,-6.8316329],[110.5301669,-6.8321096],[110.529963,-6.8323018],[110.5299041,-6.8323573],[110.5297914,-6.8325198],[110.5297565,-6.8326023],[110.5297163,-6.8327435],[110.5296493,-6.8328527],[110.5295581,-6.8329352],[110.5293086,-6.833127],[110.5289063,-6.8333879],[110.5286434,-6.8335824],[110.5283698,-6.8337794],[110.5281821,-6.8338939],[110.5279085,-6.8340963],[110.5277824,-6.8341656],[110.5276832,-6.8342295],[110.5272996,-6.8343467],[110.5273265,-6.8344932],[110.5269912,-6.8346663],[110.5267739,-6.8347488],[110.526495,-6.8348394],[110.5260551,-6.8348953],[110.5259532,-6.8345864],[110.5259103,-6.8345251],[110.5258244,-6.8344719],[110.5257279,-6.8344559],[110.5255884,-6.8344825],[110.5253738,-6.8345544],[110.525178,-6.8346423],[110.5248991,-6.834834],[110.5247059,-6.8349326],[110.5245718,-6.8349912],[110.5244029,-6.8350231],[110.5241963,-6.8350178],[110.5239791,-6.8349965],[110.5235311,-6.8349512],[110.5230182,-6.8349501],[110.5228942,-6.834876],[110.5226803,-6.8349971],[110.5225454,-6.8349857],[110.5223949,-6.8350293],[110.5221908,-6.8352099],[110.5220459,-6.835424],[110.5220767,-6.8356409],[110.5222848,-6.8358998],[110.5224447,-6.8359413],[110.5224809,-6.8361376],[110.5222838,-6.836239],[110.5223975,-6.8365916],[110.522648,-6.8366316],[110.5230385,-6.8365255],[110.5232856,-6.8368122],[110.5235419,-6.8367541],[110.5237028,-6.8371163],[110.5240113,-6.8371803],[110.5242232,-6.837119],[110.5243573,-6.8373853],[110.524545,-6.8375078],[110.5246979,-6.8376916],[110.5246362,-6.8378061],[110.5246952,-6.8378753],[110.5247623,-6.8379153],[110.5249205,-6.8379393],[110.5250707,-6.8379419],[110.5251592,-6.8379686],[110.5252424,-6.8380218],[110.5253094,-6.8381204],[110.5253792,-6.8382801],[110.5254355,-6.8383813],[110.5255616,-6.8385038],[110.5257618,-6.8386798],[110.5258191,-6.8387302],[110.5261122,-6.8387782],[110.5262839,-6.8390389],[110.526348,-6.8392836],[110.5266517,-6.8395244],[110.5268316,-6.839743],[110.5268732,-6.83998],[110.5268933,-6.8402013],[110.5269,-6.8403461],[110.5269094,-6.8405733],[110.5270904,-6.8405172],[110.5273586,-6.8406663],[110.5276505,-6.8407879],[110.52782,-6.8411723],[110.5279273,-6.841396],[110.5279863,-6.8416996],[110.5280131,-6.8421683],[110.5281285,-6.8423276],[110.5282244,-6.8437245],[110.5282534,-6.8441454],[110.5283225,-6.8444772],[110.5283969,-6.8449188],[110.5283886,-6.8450924],[110.5286595,-6.8455584],[110.5289304,-6.8458034],[110.5290383,-6.8460069],[110.5291182,-6.8461576],[110.5290618,-6.8463494],[110.5292308,-6.8467302],[110.5290564,-6.8468047],[110.5291128,-6.8469459],[110.5291504,-6.8470551],[110.5292254,-6.8471776],[110.5292094,-6.847348],[110.5289814,-6.8474012],[110.5288205,-6.8476277],[110.5289143,-6.847774],[110.52863,-6.8478779],[110.5283913,-6.847878],[110.5282035,-6.8477528],[110.5277556,-6.8479659],[110.5274767,-6.848139],[110.5272514,-6.8479925],[110.5268437,-6.8479952],[110.5266962,-6.848083],[110.526385,-6.8481363],[110.5261785,-6.8481815],[110.5259719,-6.8482668],[110.5261785,-6.848597],[110.5261865,-6.8487594],[110.5263367,-6.8489325],[110.5260524,-6.8490417],[110.52587,-6.8490204],[110.5257547,-6.8491189],[110.525693,-6.8493187],[110.5255937,-6.849324],[110.5254167,-6.8494279],[110.5250681,-6.8495983],[110.5251512,-6.8497847],[110.5249286,-6.8499152],[110.5246443,-6.8500137],[110.5245933,-6.8497741],[110.5243565,-6.8497023],[110.5240998,-6.8497725],[110.5239522,-6.8498699],[110.5238975,-6.8499769],[110.5239005,-6.8501809],[110.5238541,-6.8502129],[110.52365,-6.8497127],[110.5235499,-6.8496942],[110.5231154,-6.8492894],[110.5228967,-6.8489413],[110.5227927,-6.8489804],[110.5225253,-6.8488633],[110.5222839,-6.848842],[110.5219996,-6.8488739],[110.5216835,-6.8490255],[110.5214953,-6.8492638],[110.5211862,-6.8493755],[110.5205834,-6.8498273],[110.5205656,-6.8498501],[110.5204332,-6.8500191],[110.5203634,-6.8501575],[110.5202503,-6.8504121],[110.5202025,-6.8505197],[110.5200952,-6.8507434],[110.5199904,-6.850919],[110.5199236,-6.851031],[110.5194569,-6.8518992],[110.5191833,-6.8524691],[110.5190384,-6.8527514],[110.5189419,-6.8529751],[110.5188829,-6.8531242],[110.5189197,-6.8535527],[110.5187729,-6.8540802],[110.5186388,-6.8543772],[110.518396,-6.8548884],[110.5179964,-6.8555622],[110.5176384,-6.8562027],[110.5176115,-6.8566634],[110.5172132,-6.8572412],[110.5167975,-6.8579069],[110.516489,-6.8584063],[110.5161497,-6.858867],[110.5158721,-6.8592465],[110.5157447,-6.8594489],[110.5157125,-6.8595554],[110.5157128,-6.8596416],[110.515742,-6.859875],[110.5157769,-6.8599762],[110.5158359,-6.8600907],[110.5159083,-6.8602238],[110.5159888,-6.8603703],[110.516021,-6.8604568],[110.5160277,-6.8605247],[110.5160183,-6.860578],[110.5159955,-6.8606206],[110.5159619,-6.8606592],[110.5158962,-6.8606978],[110.5158252,-6.8607271],[110.5157541,-6.8607418],[110.515683,-6.8607524],[110.5156374,-6.8607591],[110.5155998,-6.860779],[110.5155663,-6.8608257],[110.5155583,-6.8608802],[110.5155569,-6.8609402],[110.5155838,-6.8610427],[110.5156133,-6.8611279],[110.5156669,-6.8611971],[110.5159324,-6.8613862],[110.5160089,-6.8614634],[110.5160531,-6.8615274],[110.5161041,-6.8616352],[110.5163187,-6.8624075],[110.5164331,-6.8627243],[110.5165751,-6.8628564],[110.516767,-6.8631392],[110.5168504,-6.8632794],[110.5169931,-6.8633277],[110.517297,-6.8633429],[110.5175635,-6.8632117],[110.5177604,-6.863088],[110.5178937,-6.8626088],[110.5181796,-6.8620773],[110.5183464,-6.8616991],[110.518443,-6.8616006],[110.5185127,-6.861566],[110.5185986,-6.861558],[110.5187271,-6.8615685],[110.5188185,-6.8616192],[110.5188748,-6.8616885],[110.5189235,-6.8617815],[110.5189611,-6.8618532],[110.518911,-6.8620666],[110.5187112,-6.8625726],[110.5186683,-6.8628122],[110.518958,-6.862759],[110.5191591,-6.8625539],[110.5191645,-6.8626658],[110.5191323,-6.8627909],[110.5190814,-6.8629108],[110.5190277,-6.8631078],[110.5187783,-6.8634194],[110.5187139,-6.8634807],[110.5186609,-6.8635206],[110.5186121,-6.8635398],[110.518572,-6.8635462],[110.5184999,-6.8635576],[110.5182525,-6.8636085],[110.5180621,-6.8636644],[110.5178529,-6.8638082],[110.5177188,-6.8639467],[110.5176464,-6.8640559],[110.5175418,-6.8642103],[110.5173996,-6.8643941],[110.5172762,-6.8645405],[110.5171126,-6.864679],[110.5169624,-6.8647562],[110.516831,-6.8648121],[110.5166781,-6.8648787],[110.5165601,-6.8649586],[110.5164608,-6.8650678],[110.516426,-6.8651583],[110.516426,-6.8652782],[110.5164608,-6.8653687],[110.5165306,-6.8654326],[110.5166084,-6.8655498],[110.5166218,-6.8656164],[110.5166191,-6.8657149],[110.5165869,-6.8658773],[110.5165601,-6.8660238],[110.516544,-6.8661197],[110.516544,-6.8662422],[110.5165949,-6.8663141],[110.5167103,-6.8663913],[110.5168229,-6.8664579],[110.5169249,-6.8665218],[110.5170174,-6.866595],[110.5170563,-6.866635],[110.5170657,-6.8666669],[110.5170549,-6.8667002],[110.517008,-6.8667468],[110.5169356,-6.8667828],[110.5168283,-6.8667867],[110.516713,-6.8667654],[110.5166379,-6.8667415],[110.5165963,-6.8667481],[110.5165681,-6.8667694],[110.5165426,-6.866832],[110.5165306,-6.8668786],[110.5164675,-6.8669518],[110.5163844,-6.8670144],[110.5163053,-6.8670664],[110.5162798,-6.867109],[110.5162851,-6.8671409],[110.5163294,-6.8671849],[110.5164233,-6.8672328],[110.516485,-6.8673153],[110.5165198,-6.8674245],[110.5165198,-6.8675657],[110.5164582,-6.8677228],[110.5163696,-6.8678346],[110.5162945,-6.8679784],[110.5162892,-6.8680903],[110.516316,-6.8682128],[110.5163629,-6.8683339],[110.5164099,-6.8684471],[110.5164273,-6.8685044],[110.5164273,-6.8685749],[110.5164152,-6.8686495],[110.5163951,-6.8687187],[110.5163509,-6.8688812],[110.5163401,-6.8689544],[110.5163361,-6.8690569],[110.5163294,-6.8691781],[110.5163106,-6.8692806],[110.5162784,-6.8693951],[110.5162369,-6.8695323],[110.5161631,-6.8696627],[110.5160759,-6.8697706],[110.5160022,-6.8698625],[110.5159807,-6.8699024],[110.5159673,-6.8699477],[110.5159686,-6.8700236],[110.5159727,-6.8701208],[110.5159727,-6.8701993],[110.5159834,-6.8702885],[110.5159552,-6.8703831],[110.5158976,-6.8704443],[110.5158091,-6.8704869],[110.5157232,-6.8705136],[110.5156039,-6.8705335],[110.5155234,-6.8705455],[110.5154805,-6.8705362],[110.5154081,-6.8704563],[110.5153236,-6.8703791],[110.5152485,-6.8702859],[110.5151801,-6.8702073],[110.5151358,-6.8701727],[110.5151023,-6.8701714],[110.5150674,-6.8701873],[110.5150366,-6.8702193],[110.5150326,-6.8702473],[110.515054,-6.8702792],[110.5151305,-6.8703578],[110.5151948,-6.870443],[110.5152337,-6.8705295],[110.5152673,-6.8706467],[110.5152968,-6.8707625],[110.5153115,-6.8708611],[110.5153316,-6.8709636],[110.5153692,-6.8710555],[110.5154014,-6.8711274],[110.515447,-6.8712179],[110.5155274,-6.8713218],[110.5156642,-6.8714669],[110.5158037,-6.8715521],[110.5158681,-6.8715827],[110.5159026,-6.8716304],[110.5157876,-6.8716853],[110.5156803,-6.8718104],[110.5155703,-6.8719063],[110.515404,-6.8719915],[110.5152136,-6.8720155],[110.5150567,-6.8720214],[110.5148756,-6.8719995],[110.5147844,-6.8719995],[110.5146772,-6.8720634],[110.5144599,-6.8723164],[110.5143064,-6.8725481],[110.5141702,-6.8726572],[110.5139315,-6.8728942],[110.5137223,-6.8731073],[110.5135453,-6.8732617],[110.5134594,-6.8733895],[110.5134112,-6.8736132],[110.5134085,-6.8737051],[110.5134326,-6.8737836],[110.5134903,-6.8738236],[110.513564,-6.8738476],[110.5136271,-6.8738622],[110.5136727,-6.8738795],[110.5136901,-6.8739021],[110.5136915,-6.8739448],[110.5136807,-6.8739834],[110.513611,-6.8740579],[110.513497,-6.8741644],[110.5134299,-6.8742204],[110.5133454,-6.8742923],[110.5132891,-6.8743801],[110.5132623,-6.8744747],[110.5132435,-6.8746518],[110.5132301,-6.8747916],[110.5132274,-6.8749061],[110.5132221,-6.8749806],[110.5132033,-6.8750206],[110.5131336,-6.8750818],[110.5130598,-6.8751311],[110.5128935,-6.8752616],[110.5125931,-6.8754586],[110.5123436,-6.8756024],[110.5121022,-6.8757515],[110.5118421,-6.8758527],[110.5116194,-6.8758874],[110.5114397,-6.8758634],[110.5112573,-6.8757515],[110.5111179,-6.8756903],[110.5109677,-6.8757009],[110.5108631,-6.8757675],[110.5107772,-6.875898],[110.5106673,-6.8760338],[110.5104634,-6.8762575],[110.5102193,-6.8764546],[110.5100155,-6.8766463],[110.5098197,-6.87683],[110.5097258,-6.8769898],[110.5096453,-6.8772055],[110.5095568,-6.8775197],[110.5094308,-6.877826],[110.5093369,-6.878031],[110.5093101,-6.8781588],[110.5093342,-6.8783452],[110.5093852,-6.8785583],[110.5094174,-6.87871],[110.5094871,-6.8787606],[110.5096158,-6.8787739],[110.5097258,-6.8787526],[110.5099189,-6.87875],[110.5100772,-6.8787686],[110.5102408,-6.8788219],[110.5103534,-6.8789151],[110.5104125,-6.8790429],[110.5104554,-6.879208],[110.5104634,-6.8793198],[110.5104554,-6.8794051],[110.5103937,-6.8794557],[110.5103266,-6.8794663],[110.5102247,-6.879477],[110.5101711,-6.8795249],[110.5101576,-6.8795835],[110.5101764,-6.8796421],[110.5102703,-6.8797406],[110.5103239,-6.8798231],[110.5103239,-6.879927],[110.5102649,-6.8799802],[110.5101737,-6.8799989],[110.5100799,-6.8799749],[110.509994,-6.8799057],[110.5099002,-6.8797725],[110.5098197,-6.8797033],[110.5097204,-6.8796847],[110.5095702,-6.8797193],[110.5094925,-6.8797592],[110.5094469,-6.8798791],[110.5094656,-6.8799829],[110.5095488,-6.880124],[110.5096561,-6.8803158],[110.5097124,-6.8805155],[110.5097285,-6.8807152],[110.5096963,-6.8808324],[110.5096132,-6.8809389],[110.5095843,-6.8810361],[110.5094442,-6.8810614],[110.5092806,-6.8812185],[110.5091706,-6.8813809],[110.5090794,-6.8815966],[110.5090405,-6.8817231],[110.5090338,-6.8818057],[110.5090445,-6.8818789],[110.509066,-6.8819255],[110.5091411,-6.8820174],[110.5092162,-6.8821532],[110.5092564,-6.8822437],[110.5092779,-6.8823902],[110.5092671,-6.8824993],[110.509243,-6.8826272],[110.5091679,-6.8828002],[110.5090633,-6.8829733],[110.5088997,-6.8831704],[110.508787,-6.8833115],[110.5087575,-6.883426],[110.5087575,-6.8835645],[110.5088139,-6.8836763],[110.5089265,-6.8838068],[110.5090418,-6.8839533],[110.5091464,-6.8841264],[110.5091706,-6.8842488],[110.5091411,-6.8844113],[110.5091196,-6.8845364],[110.5091049,-6.8846875],[110.5090472,-6.8847575],[110.5089641,-6.8848586],[110.5089392,-6.8848736],[110.5088487,-6.8849279],[110.5086958,-6.8849785],[110.5084839,-6.8850264],[110.5083391,-6.8850584],[110.5082452,-6.885093],[110.5081701,-6.8851835],[110.5080923,-6.885298],[110.5079958,-6.8853513],[110.5078751,-6.8853646],[110.5076873,-6.8853087],[110.5075371,-6.8852314],[110.5073923,-6.8852314],[110.5072689,-6.8852847],[110.5071616,-6.8853806],[110.5070543,-6.885519],[110.506994,-6.8856122],[110.506943,-6.8857267],[110.5069229,-6.8858239],[110.5069149,-6.8859265],[110.5069014,-6.8860037],[110.5068693,-6.8860596],[110.5067955,-6.8860955],[110.5066574,-6.8861634],[110.5064937,-6.8862566],[110.5064374,-6.8863232],[110.5064066,-6.8863831],[110.5064186,-6.8864497],[110.506475,-6.8865522],[110.5065688,-6.8866401],[110.5067392,-6.886732],[110.5068934,-6.8868132],[110.5071013,-6.8869317],[110.5073923,-6.8870715],[110.5075961,-6.8871567],[110.5077705,-6.8872659],[110.5079636,-6.887407],[110.5080923,-6.8875694],[110.508146,-6.8876706],[110.5081621,-6.8877825],[110.5081353,-6.887889],[110.5080682,-6.8879689],[110.5079395,-6.8880195],[110.5077839,-6.8880195],[110.5076122,-6.8879848],[110.5074513,-6.8879822],[110.5073547,-6.8880487],[110.5072796,-6.8881553],[110.5072367,-6.8882538],[110.5071911,-6.888363],[110.5071107,-6.8884641],[110.5069873,-6.8885866],[110.5068102,-6.8886825],[110.5066225,-6.8887304],[110.5063945,-6.8887464],[110.5060539,-6.8887171],[110.5058607,-6.8887145],[110.5057454,-6.8887198],[110.5056998,-6.8887491],[110.505673,-6.8888077],[110.505673,-6.8888556],[110.5057588,-6.8889328],[110.505842,-6.8890047],[110.5058849,-6.8891325],[110.5058581,-6.8892763],[110.505791,-6.8894254],[110.5057186,-6.8895799],[110.505681,-6.889761],[110.5056381,-6.8900086],[110.5055684,-6.8901604],[110.5054691,-6.8903015],[110.5053458,-6.8903947],[110.5052385,-6.8904373],[110.5050963,-6.890416],[110.5049005,-6.8903228],[110.5046752,-6.8902056],[110.5045304,-6.890126],[110.504474,-6.8900951],[110.504415,-6.8900818],[110.5043922,-6.8900945],[110.5043728,-6.8901278],[110.504356,-6.8901684],[110.5042836,-6.8902802],[110.5041736,-6.8904639],[110.5040583,-6.890685],[110.5039161,-6.8909619],[110.5038357,-6.8911177],[110.5038276,-6.8911616],[110.5038531,-6.8911909],[110.5038893,-6.8912016],[110.5039912,-6.8911962],[110.5041549,-6.8911709],[110.5043386,-6.891143],[110.5045679,-6.8911563],[110.5047852,-6.8911536],[110.5049086,-6.891135],[110.504915,-6.8911296],[110.5050051,-6.8910524],[110.5050909,-6.8909859],[110.50515,-6.8909805],[110.5052251,-6.8910365],[110.5053263,-6.8911322],[110.505394,-6.8911962],[110.5054693,-6.8912618],[110.505614,-6.8913879],[110.5058929,-6.8915956],[110.5061156,-6.8917581],[110.5062738,-6.8919338],[110.5063596,-6.8920457],[110.5064133,-6.8922294],[110.5064911,-6.8924451],[110.5066144,-6.8926901],[110.5067217,-6.8929164],[110.5068424,-6.8931028],[110.5070221,-6.8933478],[110.5071187,-6.8934703],[110.5071858,-6.8936434],[110.5072045,-6.8938404],[110.5071428,-6.8940028],[110.5069846,-6.894144],[110.5067968,-6.8943264],[110.5066735,-6.8944023],[110.5065541,-6.8944422],[110.5064616,-6.8944382],[110.5063355,-6.8943796],[110.5062376,-6.894353],[110.5060887,-6.8943197],[110.505897,-6.8942492],[110.5057508,-6.8941613],[110.5056515,-6.8941307],[110.5056059,-6.8942957],[110.5056569,-6.8944622],[110.50585,-6.8945926],[110.5060378,-6.8947032],[110.5061075,-6.8948629],[110.5062148,-6.8950999],[110.5062738,-6.8953529],[110.5064428,-6.8955898],[110.5063817,-6.8957803],[110.5063194,-6.8958602],[110.506306,-6.8960772],[110.5063489,-6.8962849],[110.5065206,-6.8964486],[110.506483,-6.8966577],[110.506593,-6.8968094],[110.5065769,-6.8972475],[110.5066654,-6.8974458],[110.5067472,-6.8976109],[110.5067995,-6.8977601],[110.5068639,-6.8978506],[110.5069189,-6.8979851],[110.506821,-6.898025],[110.5067204,-6.8980996],[110.5066852,-6.8981851],[110.5066647,-6.8982464],[110.5065648,-6.8983459],[110.5064093,-6.8985243],[110.5062859,-6.8985922],[110.5060968,-6.8986588],[110.5058299,-6.8988225],[110.5058393,-6.8990169],[110.5057937,-6.8990608],[110.5056542,-6.898957],[110.5055174,-6.8988771],[110.5053176,-6.8988931],[110.5052076,-6.8990555],[110.5051205,-6.89915],[110.5051191,-6.8992632],[110.5050842,-6.8993804],[110.5050936,-6.8995088],[110.505213,-6.8995361],[110.5054034,-6.8995361],[110.5055503,-6.8995674],[110.5056234,-6.8995947],[110.5055737,-6.8997798],[110.5055121,-6.8997292],[110.505335,-6.8997452],[110.5051815,-6.8997442],[110.5051292,-6.899879],[110.5049917,-6.8999622],[110.5048777,-6.8999489],[110.5048174,-6.9000274],[110.5047235,-6.8999862],[110.5046323,-6.9000687],[110.5044312,-6.9003161],[110.5043369,-6.9004321],[110.5043185,-6.9004548],[110.5041629,-6.9005986],[110.5039108,-6.9007903],[110.5036104,-6.9008968],[110.50331,-6.9009501],[110.5030337,-6.9009234],[110.50262,-6.9010107],[110.5025952,-6.9008862],[110.5025388,-6.9007903],[110.5024463,-6.9006745],[110.5023551,-6.9005806],[110.5022384,-6.9005041],[110.502044,-6.9004508],[110.5019357,-6.9002774],[110.5018361,-6.9001353],[110.5017814,-6.9000541],[110.5017016,-6.8999921],[110.5016232,-6.8999599],[110.501537,-6.8999582],[110.5015229,-6.8999336],[110.5014834,-6.8998557],[110.5014418,-6.8998157],[110.5013841,-6.8997711],[110.5011494,-6.8997798],[110.5010827,-6.8997418],[110.5010381,-6.8997438],[110.5009614,-6.8997565],[110.5009268,-6.8997572],[110.5009013,-6.8997714],[110.5008863,-6.8997961],[110.5008182,-6.8998424],[110.5007069,-6.8998011],[110.5006586,-6.9000833],[110.5007699,-6.900335],[110.5008343,-6.90058],[110.5009121,-6.900777],[110.5008504,-6.9009234],[110.500735,-6.9009581],[110.5004615,-6.9009314],[110.5003595,-6.9010113],[110.5005593,-6.901259],[110.5006264,-6.9013628],[110.5006787,-6.9018847],[110.5006412,-6.9022389],[110.5003676,-6.9025438],[110.4999331,-6.9030324],[110.4995415,-6.9035077],[110.4992706,-6.903975],[110.4991231,-6.9040975],[110.4990694,-6.9043012],[110.4986845,-6.9046353],[110.4985236,-6.904658],[110.4983291,-6.9046114],[110.4979187,-6.904389],[110.49768,-6.9042645],[110.4974138,-6.9041833],[110.4971805,-6.9041281],[110.4969209,-6.9040069],[110.4968719,-6.9039957],[110.496642,-6.903943],[110.4963952,-6.9039537],[110.4960997,-6.9040201],[110.4958111,-6.9041287],[110.4872135,-6.9081785],[110.4862272,-6.9088052],[110.4853025,-6.9096016],[110.4808352,-6.9145597],[110.4812517,-6.9159764],[110.4775825,-6.9201894],[110.4635865,-6.9281859]]]}}]}